season,game_id,team_id,team_abbreviation,player_id,player_name,potential_assists,matchup_assists,actual_assists,matchup_rows
2025,1022500001,1611661330,ATL,1628277,Allisha Gray,0,6,7,9
2025,1022500001,1611661330,ATL,1628280,Brionna Jones,0,4,5,9
2025,1022500001,1611661330,ATL,203398,Brittney Griner,0,1,1,9
2025,1022500001,1611661330,ATL,1630471,Maya Caldwell,0,0,0,8
2025,1022500001,1611661330,ATL,1631044,Naz Hillmon,0,0,0,5
2025,1022500001,1611661330,ATL,1628269,Nia Coffey,0,0,0,8
2025,1022500001,1611661330,ATL,1631009,Rhyne Howard,0,6,6,9
2025,1022500001,1611661330,ATL,1628278,Shatori Walker-Kimbrough,0,2,1,9
2025,1022500001,1611661330,ATL,1642804,Te-Hina Paopao,0,5,4,9
2025,1022500001,1611661322,WAS,1628279,Brittney Sykes,0,5,5,8
2025,1022500001,1611661322,WAS,1631083,Emily Engstler,0,1,1,9
2025,1022500001,1611661322,WAS,1631141,Jade Melbourne,0,1,1,8
2025,1022500001,1611661322,WAS,1642792,Kiki Iriafen,0,2,2,8
2025,1022500001,1611661322,WAS,1642802,Lucy Olsen,0,1,1,7
2025,1022500001,1611661322,WAS,1631021,Sika Kone,0,1,1,8
2025,1022500001,1611661322,WAS,1642785,Sonia Citron,0,2,2,8
2025,1022500001,1611661322,WAS,203828,Stefanie Dolson,0,3,3,6
2025,1022500001,1611661322,WAS,1630134,Sug Sutton,0,2,2,9
2025,1022500002,1611661321,DAL,1629481,Arike Ogunbowale,0,4,4,8
2025,1022500002,1611661321,DAL,1642793,Aziaha James,0,0,1,7
2025,1022500002,1611661321,DAL,1630096,DiJonai Carrington,0,1,1,8
2025,1022500002,1611661321,DAL,1642808,JJ Quinerly,0,1,1,5
2025,1022500002,1611661321,DAL,1630097,Kaila Charles,0,0,0,8
2025,1022500002,1611661321,DAL,1641652,Maddy Siegrist,0,1,1,9
2025,1022500002,1611661321,DAL,1628899,Myisha Hines-Allen,0,2,2,9
2025,1022500002,1611661321,DAL,1631019,NaLyssa Smith,0,0,0,9
2025,1022500002,1611661321,DAL,1642784,Paige Bueckers,0,2,2,9
2025,1022500002,1611661321,DAL,1629479,Teaira McCowan,0,0,0,7
2025,1022500002,1611661321,DAL,1630112,Tyasha Harris,0,2,3,8
2025,1022500002,1611661324,MIN,1642293,Alissa Pili,0,2,2,10
2025,1022500002,1611661324,MIN,1642797,Anastasiia Olairi Kosu,0,0,0,5
2025,1022500002,1611661324,MIN,1629524,Bridget Carleton,0,1,1,11
2025,1022500002,1611661324,MIN,1627675,Courtney Williams,0,10,9,10
2025,1022500002,1611661324,MIN,1641649,Diamond Miller,0,3,3,11
2025,1022500002,1611661324,MIN,1629491,Jessica Shepard,0,3,3,10
2025,1022500002,1611661324,MIN,1628317,Karlie Samuelson,0,4,3,9
2025,1022500002,1611661324,MIN,1642763,Marième Badiane,0,0,0,6
2025,1022500002,1611661324,MIN,1629483,Napheesa Collier,0,4,4,9
2025,1022500002,1611661324,MIN,1629567,Natisha Hiedeman,0,1,2,10
2025,1022500003,1611661331,GSV,1642304,Carla Leite,0,1,1,8
2025,1022500003,1611661331,GSV,1642210,Julie Vanloo,0,1,2,7
2025,1022500003,1611661331,GSV,1642324,Kate Martin,0,1,1,6
2025,1022500003,1611661331,GSV,203866,Kayla Thornton,0,1,1,7
2025,1022500003,1611661331,GSV,1642768,Kyara Linskens,0,0,0,5
2025,1022500003,1611661331,GSV,1628881,Monique Billings,0,0,0,7
2025,1022500003,1611661331,GSV,1627701,Temi Fagbenle,0,5,4,7
2025,1022500003,1611661331,GSV,203026,Tiffany Hayes,0,1,1,7
2025,1022500003,1611661331,GSV,1631007,Veronica Burton,0,4,3,7
2025,1022500003,1611661320,LAS,1628922,Azura Stevens,0,0,0,9
2025,1022500003,1611661320,LAS,204324,Dearica Hamby,0,0,1,9
2025,1022500003,1611661320,LAS,1628276,Kelsey Plum,0,6,6,9
2025,1022500003,1611661320,LAS,1628920,Mercedes Russell,0,2,2,8
2025,1022500003,1611661320,LAS,203824,Odyssey Sims,0,4,6,9
2025,1022500003,1611661320,LAS,1630996,Rae Burrell,0,0,0,3
2025,1022500003,1611661320,LAS,1642288,Rickea Jackson,0,3,3,8
2025,1022500003,1611661320,LAS,1642782,Sarah Ashlee Barker,0,0,1,9
2025,1022500004,1611661329,CHI,1642291,Angel Reese,0,1,1,9
2025,1022500004,1611661329,CHI,1628878,Ariel Atkins,0,2,2,8
2025,1022500004,1611661329,CHI,202664,Courtney Vandersloot,0,3,5,9
2025,1022500004,1611661329,CHI,204322,Elizabeth Williams,0,1,1,10
2025,1022500004,1611661329,CHI,1642817,Hailey Van Lith,0,0,0,6
2025,1022500004,1611661329,CHI,1642289,Kamilla Cardoso,0,3,2,7
2025,1022500004,1611661329,CHI,1628915,Kia Nurse,0,1,1,7
2025,1022500004,1611661329,CHI,1642818,Maddy Westbeld,0,1,1,6
2025,1022500004,1611661329,CHI,1630446,Michaela Onyenwere,0,2,2,10
2025,1022500004,1611661329,CHI,1627671,Rachel Banham,0,1,1,10
2025,1022500004,1611661329,CHI,204296,Rebecca Allen,0,1,1,9
2025,1022500004,1611661325,IND,1641648,Aliyah Boston,0,0,0,10
2025,1022500004,1611661325,IND,1629488,Brianna Turner,0,2,2,8
2025,1022500004,1611661325,IND,1642286,Caitlin Clark,0,9,10,10
2025,1022500004,1611661325,IND,203024,Damiris Dantas,0,0,0,10
2025,1022500004,1611661325,IND,201886,DeWanna Bonner,0,2,2,9
2025,1022500004,1611661325,IND,1628909,Kelsey Mitchell,0,4,2,9
2025,1022500004,1611661325,IND,1631086,Lexie Hull,0,0,0,11
2025,1022500004,1611661325,IND,1642815,Makayla Timpson,0,0,0,5
2025,1022500004,1611661325,IND,203827,Natasha Howard,0,2,2,10
2025,1022500004,1611661325,IND,202641,Sydney Colson,0,1,1,10
2025,1022500005,1611661319,LVA,1628932,A'ja Wilson,0,3,3,8
2025,1022500005,1611661319,LVA,1642801,Aaliyah Nye,0,0,0,6
2025,1022500005,1611661319,LVA,203833,Chelsea Gray,0,4,4,9
2025,1022500005,1611661319,LVA,1630389,Dana Evans,0,2,3,10
2025,1022500005,1611661319,LVA,1642295,Elizabeth Kitley,0,0,0,5
2025,1022500005,1611661319,LVA,1629498,Jackie Young,0,6,5,9
2025,1022500005,1611661319,LVA,204319,Jewell Loyd,0,2,2,9
2025,1022500005,1611661319,LVA,204329,Kiah Stokes,0,2,1,8
2025,1022500005,1611661319,LVA,1631006,Kierstan Bell,0,0,0,9
2025,1022500005,1611661319,LVA,1627676,Tiffany Mitchell,0,0,0,11
2025,1022500005,1611661313,NYL,1627668,Breanna Stewart,0,3,3,9
2025,1022500005,1611661313,NYL,204330,Isabelle Harrison,0,0,0,1
2025,1022500005,1611661313,NYL,1642320,Jaylyn Sherrod,0,0,1,2
2025,1022500005,1611661313,NYL,1627673,Jonquel Jones,0,6,6,10
2025,1022500005,1611661313,NYL,1629568,Kennedy Burke,0,1,1,10
2025,1022500005,1611661313,NYL,1630142,Leonie Fiebich,0,1,1,10
2025,1022500005,1611661313,NYL,1629546,Marine Johannes,0,0,1,7
2025,1022500005,1611661313,NYL,1642301,Marquesha Davis,0,0,0,2
2025,1022500005,1611661313,NYL,204333,Natasha Cloud,0,8,9,8
2025,1022500005,1611661313,NYL,1631055,Nyara Sabally,0,2,1,8
2025,1022500005,1611661313,NYL,203822,Rebekah Gardner,0,0,0,7
2025,1022500005,1611661313,NYL,1629477,Sabrina Ionescu,0,2,4,10
2025,1022500006,1611661317,PHX,1628297,Alexis Prince,0,1,1,10
2025,1022500006,1611661317,PHX,203826,Alyssa Thomas,0,6,6,10
2025,1022500006,1611661317,PHX,1629480,Kalani Brown,0,2,2,9
2025,1022500006,1611661317,PHX,1628957,Kathryn Westbeld,0,1,1,10
2025,1022500006,1611661317,PHX,1631118,Lexi Held,0,1,3,10
2025,1022500006,1611661317,PHX,1642777,Monique Akoa Makani,0,1,1,9
2025,1022500006,1611661317,PHX,1628244,Sami Whitcomb,0,2,2,9
2025,1022500006,1611661317,PHX,1630149,Satou Sabally,0,1,1,10
2025,1022500006,1611661317,PHX,1642244,Sevgi Uzun,0,3,3,10
2025,1022500006,1611661328,SEA,202252,Alysha Clark,0,0,0,9
2025,1022500006,1611661328,SEA,1642798,Dominique Malonga,0,0,0,7
2025,1022500006,1611661328,SEA,204365,Erica Wheeler,0,2,2,8
2025,1022500006,1611661328,SEA,1629496,Ezi Magbegor,0,0,0,8
2025,1022500006,1611661328,SEA,1628931,Gabby Williams,0,3,4,9
2025,1022500006,1611661328,SEA,1628882,Lexie Brown,0,1,2,6
2025,1022500006,1611661328,SEA,1629574,Li Yueru,0,4,4,9
2025,1022500006,1611661328,SEA,203014,Nneka Ogwumike,0,0,0,9
2025,1022500006,1611661328,SEA,203400,Skylar Diggins,0,3,4,9
2025,1022500006,1611661328,SEA,1641660,Zia Cooke,0,0,0,7
2025,1022500007,1611661323,CON,203829,Bria Hartley,0,6,3,9
2025,1022500007,1611661323,CON,203863,Haley Peters,0,1,1,10
2025,1022500007,1611661323,CON,1642292,Jacy Sheldon,0,0,0,9
2025,1022500007,1611661323,CON,1642773,Kariata Diaby,0,0,0,8
2025,1022500007,1611661323,CON,1628263,Lindsay Allen,0,7,8,9
2025,1022500007,1611661323,CON,1629497,Marina Mabrey,0,3,3,10
2025,1022500007,1611661323,CON,1631135,Olivia Nelson-Ododa,0,0,0,10
2025,1022500007,1611661323,CON,1641641,Robyn Parks,0,0,0,9
2025,1022500007,1611661323,CON,202250,Tina Charles,0,2,2,10
2025,1022500007,1611661322,WAS,1628279,Brittney Sykes,0,6,7,8
2025,1022500007,1611661322,WAS,1631083,Emily Engstler,0,0,1,9
2025,1022500007,1611661322,WAS,1631141,Jade Melbourne,0,4,4,8
2025,1022500007,1611661322,WAS,1642792,Kiki Iriafen,0,0,0,9
2025,1022500007,1611661322,WAS,1642802,Lucy Olsen,0,0,0,8
2025,1022500007,1611661322,WAS,1631022,Shakira Austin,0,0,0,8
2025,1022500007,1611661322,WAS,1631021,Sika Kone,0,0,0,8
2025,1022500007,1611661322,WAS,1642785,Sonia Citron,0,4,3,8
2025,1022500007,1611661322,WAS,203828,Stefanie Dolson,0,0,0,9
2025,1022500007,1611661322,WAS,1630134,Sug Sutton,0,2,2,8
2025,1022500008,1611661320,LAS,1628922,Azura Stevens,0,1,1,9
2025,1022500008,1611661320,LAS,204324,Dearica Hamby,0,2,2,9
2025,1022500008,1611661320,LAS,1628276,Kelsey Plum,0,5,5,9
2025,1022500008,1611661320,LAS,1628920,Mercedes Russell,0,2,2,9
2025,1022500008,1611661320,LAS,203824,Odyssey Sims,0,2,3,9
2025,1022500008,1611661320,LAS,1642288,Rickea Jackson,0,1,1,7
2025,1022500008,1611661320,LAS,1642782,Sarah Ashlee Barker,0,1,1,8
2025,1022500008,1611661324,MIN,1629501,Alanna Smith,0,3,3,7
2025,1022500008,1611661324,MIN,1629524,Bridget Carleton,0,3,4,7
2025,1022500008,1611661324,MIN,1627675,Courtney Williams,0,9,10,7
2025,1022500008,1611661324,MIN,1641649,Diamond Miller,0,0,0,4
2025,1022500008,1611661324,MIN,1629491,Jessica Shepard,0,3,3,7
2025,1022500008,1611661324,MIN,1628317,Karlie Samuelson,0,4,3,6
2025,1022500008,1611661324,MIN,1642763,Marième Badiane,0,0,0,4
2025,1022500008,1611661324,MIN,1629483,Napheesa Collier,0,1,1,7
2025,1022500008,1611661324,MIN,1629567,Natisha Hiedeman,0,2,3,7
2025,1022500009,1611661321,DAL,1629481,Arike Ogunbowale,0,0,0,6
2025,1022500009,1611661321,DAL,1630096,DiJonai Carrington,0,0,0,7
2025,1022500009,1611661321,DAL,1642808,JJ Quinerly,0,0,0,3
2025,1022500009,1611661321,DAL,1630097,Kaila Charles,0,1,1,5
2025,1022500009,1611661321,DAL,1641652,Maddy Siegrist,0,0,0,8
2025,1022500009,1611661321,DAL,1628899,Myisha Hines-Allen,0,7,6,6
2025,1022500009,1611661321,DAL,1631019,NaLyssa Smith,0,0,0,8
2025,1022500009,1611661321,DAL,1642784,Paige Bueckers,0,6,8,8
2025,1022500009,1611661321,DAL,1629479,Teaira McCowan,0,1,1,7
2025,1022500009,1611661321,DAL,1630112,Tyasha Harris,0,2,3,7
2025,1022500009,1611661328,SEA,202252,Alysha Clark,0,1,2,9
2025,1022500009,1611661328,SEA,1642798,Dominique Malonga,0,0,0,3
2025,1022500009,1611661328,SEA,204365,Erica Wheeler,0,0,0,8
2025,1022500009,1611661328,SEA,1629496,Ezi Magbegor,0,3,5,9
2025,1022500009,1611661328,SEA,1628931,Gabby Williams,0,5,5,10
2025,1022500009,1611661328,SEA,1629574,Li Yueru,0,1,1,8
2025,1022500009,1611661328,SEA,203014,Nneka Ogwumike,0,2,3,9
2025,1022500009,1611661328,SEA,203400,Skylar Diggins,0,9,9,10
2025,1022500010,1611661323,CON,203829,Bria Hartley,0,5,5,9
2025,1022500010,1611661323,CON,203863,Haley Peters,0,1,1,10
2025,1022500010,1611661323,CON,1642292,Jacy Sheldon,0,1,1,10
2025,1022500010,1611661323,CON,1642773,Kariata Diaby,0,1,1,10
2025,1022500010,1611661323,CON,1628263,Lindsay Allen,0,0,1,5
2025,1022500010,1611661323,CON,1629497,Marina Mabrey,0,3,2,9
2025,1022500010,1611661323,CON,1631135,Olivia Nelson-Ododa,0,2,2,10
2025,1022500010,1611661323,CON,1642796,Rayah Marshall,0,1,1,11
2025,1022500010,1611661323,CON,1641641,Robyn Parks,0,0,0,11
2025,1022500010,1611661323,CON,1642809,Saniya Rivers,0,1,2,11
2025,1022500010,1611661323,CON,202250,Tina Charles,0,0,0,11
2025,1022500010,1611661319,LVA,1628932,A'ja Wilson,0,4,4,11
2025,1022500010,1611661319,LVA,1642801,Aaliyah Nye,0,0,0,7
2025,1022500010,1611661319,LVA,203833,Chelsea Gray,0,3,4,11
2025,1022500010,1611661319,LVA,204325,Crystal Bradford,0,0,0,8
2025,1022500010,1611661319,LVA,1630389,Dana Evans,0,4,3,11
2025,1022500010,1611661319,LVA,1642295,Elizabeth Kitley,0,0,0,9
2025,1022500010,1611661319,LVA,1629498,Jackie Young,0,2,2,11
2025,1022500010,1611661319,LVA,204319,Jewell Loyd,0,0,0,10
2025,1022500010,1611661319,LVA,204329,Kiah Stokes,0,1,1,11
2025,1022500010,1611661319,LVA,1631006,Kierstan Bell,0,2,1,9
2025,1022500010,1611661319,LVA,1627676,Tiffany Mitchell,0,1,1,10
2025,1022500011,1611661330,ATL,1628277,Allisha Gray,0,7,6,9
2025,1022500011,1611661330,ATL,1628280,Brionna Jones,0,3,3,8
2025,1022500011,1611661330,ATL,203398,Brittney Griner,0,3,2,9
2025,1022500011,1611661330,ATL,1630471,Maya Caldwell,0,0,0,7
2025,1022500011,1611661330,ATL,1631044,Naz Hillmon,0,2,1,6
2025,1022500011,1611661330,ATL,1628269,Nia Coffey,0,3,3,7
2025,1022500011,1611661330,ATL,1631009,Rhyne Howard,0,4,3,9
2025,1022500011,1611661330,ATL,1628278,Shatori Walker-Kimbrough,0,0,0,7
2025,1022500011,1611661330,ATL,1642804,Te-Hina Paopao,0,1,1,9
2025,1022500011,1611661325,IND,1641648,Aliyah Boston,0,4,4,9
2025,1022500011,1611661325,IND,1629488,Brianna Turner,0,0,0,7
2025,1022500011,1611661325,IND,1642286,Caitlin Clark,0,8,11,9
2025,1022500011,1611661325,IND,203024,Damiris Dantas,0,0,0,4
2025,1022500011,1611661325,IND,201886,DeWanna Bonner,0,1,1,7
2025,1022500011,1611661325,IND,1628909,Kelsey Mitchell,0,2,2,9
2025,1022500011,1611661325,IND,1631086,Lexie Hull,0,0,0,9
2025,1022500011,1611661325,IND,203827,Natasha Howard,0,0,0,9
2025,1022500011,1611661325,IND,202641,Sydney Colson,0,0,0,7
2025,1022500012,1611661321,DAL,1629481,Arike Ogunbowale,0,5,5,8
2025,1022500012,1611661321,DAL,1630096,DiJonai Carrington,0,0,0,8
2025,1022500012,1611661321,DAL,1630097,Kaila Charles,0,0,0,7
2025,1022500012,1611661321,DAL,1641652,Maddy Siegrist,0,0,0,7
2025,1022500012,1611661321,DAL,1628899,Myisha Hines-Allen,0,5,3,8
2025,1022500012,1611661321,DAL,1631019,NaLyssa Smith,0,0,0,8
2025,1022500012,1611661321,DAL,1642784,Paige Bueckers,0,10,10,8
2025,1022500012,1611661321,DAL,1629479,Teaira McCowan,0,0,0,7
2025,1022500012,1611661321,DAL,1630112,Tyasha Harris,0,2,2,7
2025,1022500012,1611661324,MIN,1629501,Alanna Smith,0,2,2,9
2025,1022500012,1611661324,MIN,1629524,Bridget Carleton,0,3,3,8
2025,1022500012,1611661324,MIN,1627675,Courtney Williams,0,7,7,9
2025,1022500012,1611661324,MIN,1641649,Diamond Miller,0,1,2,5
2025,1022500012,1611661324,MIN,1629491,Jessica Shepard,0,3,3,9
2025,1022500012,1611661324,MIN,1628317,Karlie Samuelson,0,0,0,7
2025,1022500012,1611661324,MIN,1629483,Napheesa Collier,0,3,2,9
2025,1022500012,1611661324,MIN,1629567,Natisha Hiedeman,0,9,8,9
2025,1022500013,1611661331,GSV,1642304,Carla Leite,0,2,3,9
2025,1022500013,1611661331,GSV,1642767,Janelle Salaun,0,0,0,10
2025,1022500013,1611661331,GSV,1642210,Julie Vanloo,0,2,2,8
2025,1022500013,1611661331,GSV,1642324,Kate Martin,0,0,0,7
2025,1022500013,1611661331,GSV,203866,Kayla Thornton,0,1,1,9
2025,1022500013,1611661331,GSV,1628881,Monique Billings,0,1,1,10
2025,1022500013,1611661331,GSV,203855,Stephanie Talbot,0,0,0,10
2025,1022500013,1611661331,GSV,1627701,Temi Fagbenle,0,3,2,8
2025,1022500013,1611661331,GSV,203026,Tiffany Hayes,0,0,1,9
2025,1022500013,1611661331,GSV,1631007,Veronica Burton,0,7,5,10
2025,1022500013,1611661322,WAS,1628279,Brittney Sykes,0,3,3,10
2025,1022500013,1611661322,WAS,1631083,Emily Engstler,0,1,1,7
2025,1022500013,1611661322,WAS,1631141,Jade Melbourne,0,3,7,10
2025,1022500013,1611661322,WAS,1642792,Kiki Iriafen,0,0,0,10
2025,1022500013,1611661322,WAS,1642802,Lucy Olsen,0,0,0,9
2025,1022500013,1611661322,WAS,1631022,Shakira Austin,0,0,0,9
2025,1022500013,1611661322,WAS,1631021,Sika Kone,0,4,2,10
2025,1022500013,1611661322,WAS,1642785,Sonia Citron,0,1,1,10
2025,1022500013,1611661322,WAS,203828,Stefanie Dolson,0,3,3,8
2025,1022500013,1611661322,WAS,1630134,Sug Sutton,0,1,2,8
2025,1022500014,1611661320,LAS,1628922,Azura Stevens,0,0,0,9
2025,1022500014,1611661320,LAS,204324,Dearica Hamby,0,2,2,10
2025,1022500014,1611661320,LAS,1628242,Emma Cannon,0,0,0,7
2025,1022500014,1611661320,LAS,1627700,Julie Allemand,0,1,1,6
2025,1022500014,1611661320,LAS,1628276,Kelsey Plum,0,9,6,10
2025,1022500014,1611661320,LAS,1642820,Liatu King,0,1,1,9
2025,1022500014,1611661320,LAS,1628920,Mercedes Russell,0,0,0,7
2025,1022500014,1611661320,LAS,203824,Odyssey Sims,0,3,4,8
2025,1022500014,1611661320,LAS,1642790,Sania Feagin,0,0,0,4
2025,1022500014,1611661320,LAS,1642782,Sarah Ashlee Barker,0,4,4,9
2025,1022500014,1611661317,PHX,203826,Alyssa Thomas,0,8,7,8
2025,1022500014,1611661317,PHX,1629480,Kalani Brown,0,0,0,10
2025,1022500014,1611661317,PHX,1628957,Kathryn Westbeld,0,1,1,5
2025,1022500014,1611661317,PHX,1629490,Kitija Laksa,0,2,4,9
2025,1022500014,1611661317,PHX,1631118,Lexi Held,0,1,1,7
2025,1022500014,1611661317,PHX,1642777,Monique Akoa Makani,0,3,3,8
2025,1022500014,1611661317,PHX,1642774,Murjanatu Musa,0,0,0,1
2025,1022500014,1611661317,PHX,1628244,Sami Whitcomb,0,1,1,9
2025,1022500014,1611661317,PHX,1630149,Satou Sabally,0,4,3,9
2025,1022500014,1611661317,PHX,1642244,Sevgi Uzun,0,3,2,7
2025,1022500015,1611661330,ATL,1628277,Allisha Gray,0,2,2,9
2025,1022500015,1611661330,ATL,1628280,Brionna Jones,0,3,3,8
2025,1022500015,1611661330,ATL,203398,Brittney Griner,0,0,0,9
2025,1022500015,1611661330,ATL,1630471,Maya Caldwell,0,2,2,7
2025,1022500015,1611661330,ATL,1631044,Naz Hillmon,0,0,0,8
2025,1022500015,1611661330,ATL,1628269,Nia Coffey,0,2,2,8
2025,1022500015,1611661330,ATL,1631009,Rhyne Howard,0,1,2,9
2025,1022500015,1611661330,ATL,1628278,Shatori Walker-Kimbrough,0,0,0,7
2025,1022500015,1611661330,ATL,1642804,Te-Hina Paopao,0,3,3,9
2025,1022500015,1611661325,IND,1641648,Aliyah Boston,0,2,3,8
2025,1022500015,1611661325,IND,1642286,Caitlin Clark,0,7,6,8
2025,1022500015,1611661325,IND,203024,Damiris Dantas,0,1,1,9
2025,1022500015,1611661325,IND,201886,DeWanna Bonner,0,1,1,8
2025,1022500015,1611661325,IND,1628909,Kelsey Mitchell,0,1,1,9
2025,1022500015,1611661325,IND,1631086,Lexie Hull,0,4,4,8
2025,1022500015,1611661325,IND,203827,Natasha Howard,0,2,2,9
2025,1022500015,1611661325,IND,1629482,Sophie Cunningham,0,1,3,9
2025,1022500015,1611661325,IND,202641,Sydney Colson,0,0,0,6
2025,1022500016,1611661329,CHI,1642291,Angel Reese,0,1,1,10
2025,1022500016,1611661329,CHI,1628878,Ariel Atkins,0,1,1,11
2025,1022500016,1611661329,CHI,202664,Courtney Vandersloot,0,3,3,10
2025,1022500016,1611661329,CHI,204322,Elizabeth Williams,0,2,2,11
2025,1022500016,1611661329,CHI,1642817,Hailey Van Lith,0,6,6,10
2025,1022500016,1611661329,CHI,1642289,Kamilla Cardoso,0,0,0,11
2025,1022500016,1611661329,CHI,1628915,Kia Nurse,0,1,1,9
2025,1022500016,1611661329,CHI,1642818,Maddy Westbeld,0,0,0,4
2025,1022500016,1611661329,CHI,1630446,Michaela Onyenwere,0,2,1,11
2025,1022500016,1611661329,CHI,1627671,Rachel Banham,0,1,1,11
2025,1022500016,1611661329,CHI,204296,Rebecca Allen,0,0,0,9
2025,1022500016,1611661313,NYL,1627668,Breanna Stewart,0,2,2,10
2025,1022500016,1611661313,NYL,204330,Isabelle Harrison,0,2,1,9
2025,1022500016,1611661313,NYL,1642320,Jaylyn Sherrod,0,1,1,8
2025,1022500016,1611661313,NYL,1627673,Jonquel Jones,0,0,1,9
2025,1022500016,1611661313,NYL,1629568,Kennedy Burke,0,2,2,11
2025,1022500016,1611661313,NYL,1630142,Leonie Fiebich,0,0,0,9
2025,1022500016,1611661313,NYL,1629546,Marine Johannes,0,2,2,10
2025,1022500016,1611661313,NYL,1642301,Marquesha Davis,0,0,0,7
2025,1022500016,1611661313,NYL,204333,Natasha Cloud,0,7,8,10
2025,1022500016,1611661313,NYL,1631055,Nyara Sabally,0,2,1,10
2025,1022500016,1611661313,NYL,203822,Rebekah Gardner,0,2,2,11
2025,1022500016,1611661313,NYL,1629477,Sabrina Ionescu,0,5,5,9
2025,1022500017,1611661323,CON,1642800,Aneesah Morrow,0,0,0,1
2025,1022500017,1611661323,CON,203829,Bria Hartley,0,4,4,8
2025,1022500017,1611661323,CON,203863,Haley Peters,0,2,2,9
2025,1022500017,1611661323,CON,1642292,Jacy Sheldon,0,4,4,8
2025,1022500017,1611661323,CON,1628263,Lindsay Allen,0,0,0,5
2025,1022500017,1611661323,CON,1629497,Marina Mabrey,0,7,6,8
2025,1022500017,1611661323,CON,1631135,Olivia Nelson-Ododa,0,3,2,8
2025,1022500017,1611661323,CON,1641641,Robyn Parks,0,0,0,5
2025,1022500017,1611661323,CON,1642809,Saniya Rivers,0,3,3,8
2025,1022500017,1611661323,CON,202250,Tina Charles,0,3,1,9
2025,1022500017,1611661324,MIN,1629501,Alanna Smith,0,2,2,7
2025,1022500017,1611661324,MIN,1642293,Alissa Pili,0,0,0,3
2025,1022500017,1611661324,MIN,1629524,Bridget Carleton,0,3,3,8
2025,1022500017,1611661324,MIN,1627675,Courtney Williams,0,3,3,7
2025,1022500017,1611661324,MIN,1641649,Diamond Miller,0,1,1,7
2025,1022500017,1611661324,MIN,1629491,Jessica Shepard,0,4,4,9
2025,1022500017,1611661324,MIN,1628317,Karlie Samuelson,0,3,3,8
2025,1022500017,1611661324,MIN,1629483,Napheesa Collier,0,3,3,8
2025,1022500017,1611661324,MIN,1629567,Natisha Hiedeman,0,3,2,8
2025,1022500018,1611661319,LVA,1628932,A'ja Wilson,0,7,5,8
2025,1022500018,1611661319,LVA,1642801,Aaliyah Nye,0,0,0,7
2025,1022500018,1611661319,LVA,203833,Chelsea Gray,0,2,2,8
2025,1022500018,1611661319,LVA,204325,Crystal Bradford,0,0,0,6
2025,1022500018,1611661319,LVA,1630389,Dana Evans,0,2,2,7
2025,1022500018,1611661319,LVA,1629498,Jackie Young,0,3,3,8
2025,1022500018,1611661319,LVA,204319,Jewell Loyd,0,2,2,8
2025,1022500018,1611661319,LVA,204329,Kiah Stokes,0,1,1,5
2025,1022500018,1611661319,LVA,1631006,Kierstan Bell,0,0,0,8
2025,1022500018,1611661319,LVA,1627676,Tiffany Mitchell,0,0,0,6
2025,1022500018,1611661322,WAS,1631083,Emily Engstler,0,1,1,7
2025,1022500018,1611661322,WAS,1631141,Jade Melbourne,0,1,1,9
2025,1022500018,1611661322,WAS,1642792,Kiki Iriafen,0,2,2,10
2025,1022500018,1611661322,WAS,1642802,Lucy Olsen,0,1,1,10
2025,1022500018,1611661322,WAS,1631021,Sika Kone,0,1,1,9
2025,1022500018,1611661322,WAS,1642785,Sonia Citron,0,3,3,10
2025,1022500018,1611661322,WAS,203828,Stefanie Dolson,0,9,8,9
2025,1022500018,1611661322,WAS,1630134,Sug Sutton,0,1,1,10
2025,1022500019,1611661331,GSV,1642304,Carla Leite,0,3,3,9
2025,1022500019,1611661331,GSV,1642767,Janelle Salaun,0,1,1,8
2025,1022500019,1611661331,GSV,1642210,Julie Vanloo,0,2,2,6
2025,1022500019,1611661331,GSV,1642324,Kate Martin,0,0,0,7
2025,1022500019,1611661331,GSV,203866,Kayla Thornton,0,1,1,9
2025,1022500019,1611661331,GSV,1642768,Kyara Linskens,0,1,1,9
2025,1022500019,1611661331,GSV,203855,Stephanie Talbot,0,0,1,9
2025,1022500019,1611661331,GSV,1627701,Temi Fagbenle,0,3,3,9
2025,1022500019,1611661331,GSV,1631007,Veronica Burton,0,3,3,9
2025,1022500019,1611661320,LAS,1628922,Azura Stevens,0,3,3,9
2025,1022500019,1611661320,LAS,204324,Dearica Hamby,0,2,2,9
2025,1022500019,1611661320,LAS,1628242,Emma Cannon,0,1,1,8
2025,1022500019,1611661320,LAS,1627700,Julie Allemand,0,2,2,7
2025,1022500019,1611661320,LAS,1628276,Kelsey Plum,0,3,3,9
2025,1022500019,1611661320,LAS,1642820,Liatu King,0,1,1,8
2025,1022500019,1611661320,LAS,1628920,Mercedes Russell,0,0,0,7
2025,1022500019,1611661320,LAS,203824,Odyssey Sims,0,2,2,9
2025,1022500019,1611661320,LAS,1642782,Sarah Ashlee Barker,0,3,4,8
2025,1022500020,1611661317,PHX,203826,Alyssa Thomas,0,8,7,9
2025,1022500020,1611661317,PHX,1629480,Kalani Brown,0,0,0,6
2025,1022500020,1611661317,PHX,1628957,Kathryn Westbeld,0,5,4,8
2025,1022500020,1611661317,PHX,1629490,Kitija Laksa,0,0,0,9
2025,1022500020,1611661317,PHX,1631118,Lexi Held,0,0,0,9
2025,1022500020,1611661317,PHX,1642777,Monique Akoa Makani,0,2,2,9
2025,1022500020,1611661317,PHX,1628244,Sami Whitcomb,0,1,1,8
2025,1022500020,1611661317,PHX,1630149,Satou Sabally,0,1,2,9
2025,1022500020,1611661317,PHX,1642244,Sevgi Uzun,0,2,2,7
2025,1022500020,1611661328,SEA,202252,Alysha Clark,0,0,0,9
2025,1022500020,1611661328,SEA,1642798,Dominique Malonga,0,0,0,6
2025,1022500020,1611661328,SEA,204365,Erica Wheeler,0,3,3,9
2025,1022500020,1611661328,SEA,1629496,Ezi Magbegor,0,2,2,9
2025,1022500020,1611661328,SEA,1628931,Gabby Williams,0,2,2,9
2025,1022500020,1611661328,SEA,1628882,Lexie Brown,0,0,0,3
2025,1022500020,1611661328,SEA,1629574,Li Yueru,0,0,0,8
2025,1022500020,1611661328,SEA,203014,Nneka Ogwumike,0,0,0,9
2025,1022500020,1611661328,SEA,203400,Skylar Diggins,0,12,14,9
2025,1022500020,1611661328,SEA,1641660,Zia Cooke,0,0,0,7
2025,1022500021,1611661325,IND,1641648,Aliyah Boston,0,2,2,8
2025,1022500021,1611661325,IND,1642286,Caitlin Clark,0,9,10,8
2025,1022500021,1611661325,IND,203024,Damiris Dantas,0,1,1,6
2025,1022500021,1611661325,IND,201886,DeWanna Bonner,0,2,2,8
2025,1022500021,1611661325,IND,1628909,Kelsey Mitchell,0,4,4,8
2025,1022500021,1611661325,IND,1631086,Lexie Hull,0,0,0,7
2025,1022500021,1611661325,IND,203827,Natasha Howard,0,2,1,8
2025,1022500021,1611661325,IND,1629482,Sophie Cunningham,0,0,0,7
2025,1022500021,1611661313,NYL,1627668,Breanna Stewart,0,3,3,8
2025,1022500021,1611661313,NYL,1627673,Jonquel Jones,0,3,3,7
2025,1022500021,1611661313,NYL,1629568,Kennedy Burke,0,1,2,8
2025,1022500021,1611661313,NYL,1630142,Leonie Fiebich,0,0,0,7
2025,1022500021,1611661313,NYL,1629546,Marine Johannes,0,1,1,7
2025,1022500021,1611661313,NYL,204333,Natasha Cloud,0,4,6,8
2025,1022500021,1611661313,NYL,203822,Rebekah Gardner,0,0,0,7
2025,1022500021,1611661313,NYL,1629477,Sabrina Ionescu,0,4,4,8
2025,1022500022,1611661330,ATL,1628277,Allisha Gray,0,6,6,9
2025,1022500022,1611661330,ATL,1628280,Brionna Jones,0,2,2,9
2025,1022500022,1611661330,ATL,203398,Brittney Griner,0,1,1,9
2025,1022500022,1611661330,ATL,1630471,Maya Caldwell,0,2,2,9
2025,1022500022,1611661330,ATL,1631044,Naz Hillmon,0,0,0,5
2025,1022500022,1611661330,ATL,1628269,Nia Coffey,0,1,1,9
2025,1022500022,1611661330,ATL,1631009,Rhyne Howard,0,13,10,9
2025,1022500022,1611661330,ATL,1628278,Shatori Walker-Kimbrough,0,0,0,9
2025,1022500022,1611661330,ATL,1642804,Te-Hina Paopao,0,1,1,5
2025,1022500022,1611661321,DAL,1629481,Arike Ogunbowale,0,4,5,9
2025,1022500022,1611661321,DAL,1630096,DiJonai Carrington,0,0,1,8
2025,1022500022,1611661321,DAL,1630097,Kaila Charles,0,1,2,8
2025,1022500022,1611661321,DAL,1641652,Maddy Siegrist,0,0,0,8
2025,1022500022,1611661321,DAL,1628899,Myisha Hines-Allen,0,2,2,8
2025,1022500022,1611661321,DAL,1631019,NaLyssa Smith,0,0,0,9
2025,1022500022,1611661321,DAL,1642784,Paige Bueckers,0,6,5,9
2025,1022500022,1611661321,DAL,1629479,Teaira McCowan,0,0,0,8
2025,1022500022,1611661321,DAL,1630112,Tyasha Harris,0,2,2,8
2025,1022500023,1611661330,ATL,1628277,Allisha Gray,0,3,3,10
2025,1022500023,1611661330,ATL,1628280,Brionna Jones,0,1,1,10
2025,1022500023,1611661330,ATL,1630471,Maya Caldwell,0,6,6,10
2025,1022500023,1611661330,ATL,1631044,Naz Hillmon,0,3,3,11
2025,1022500023,1611661330,ATL,1628269,Nia Coffey,0,4,4,10
2025,1022500023,1611661330,ATL,1631009,Rhyne Howard,0,2,2,10
2025,1022500023,1611661330,ATL,1628278,Shatori Walker-Kimbrough,0,1,1,7
2025,1022500023,1611661330,ATL,1642814,Taylor Thierry,0,0,0,6
2025,1022500023,1611661323,CON,1642800,Aneesah Morrow,0,0,0,7
2025,1022500023,1611661323,CON,203829,Bria Hartley,0,1,1,8
2025,1022500023,1611661323,CON,203863,Haley Peters,0,0,0,4
2025,1022500023,1611661323,CON,1642292,Jacy Sheldon,0,2,2,8
2025,1022500023,1611661323,CON,1642773,Kariata Diaby,0,1,1,7
2025,1022500023,1611661323,CON,1629497,Marina Mabrey,0,4,4,7
2025,1022500023,1611661323,CON,1631135,Olivia Nelson-Ododa,0,0,0,7
2025,1022500023,1611661323,CON,1642796,Rayah Marshall,0,0,0,3
2025,1022500023,1611661323,CON,1641641,Robyn Parks,0,0,0,7
2025,1022500023,1611661323,CON,1642809,Saniya Rivers,0,4,3,7
2025,1022500023,1611661323,CON,202250,Tina Charles,0,3,3,7
2025,1022500024,1611661329,CHI,1642291,Angel Reese,0,4,4,9
2025,1022500024,1611661329,CHI,1628878,Ariel Atkins,0,6,5,8
2025,1022500024,1611661329,CHI,202664,Courtney Vandersloot,0,2,2,8
2025,1022500024,1611661329,CHI,204322,Elizabeth Williams,0,1,1,9
2025,1022500024,1611661329,CHI,1642289,Kamilla Cardoso,0,3,3,7
2025,1022500024,1611661329,CHI,1628915,Kia Nurse,0,0,0,8
2025,1022500024,1611661329,CHI,1630446,Michaela Onyenwere,0,1,1,6
2025,1022500024,1611661329,CHI,1627671,Rachel Banham,0,1,1,9
2025,1022500024,1611661329,CHI,204296,Rebecca Allen,0,0,0,9
2025,1022500024,1611661320,LAS,1628922,Azura Stevens,0,5,3,9
2025,1022500024,1611661320,LAS,204324,Dearica Hamby,0,10,8,9
2025,1022500024,1611661320,LAS,1628242,Emma Cannon,0,0,0,7
2025,1022500024,1611661320,LAS,1627700,Julie Allemand,0,1,1,9
2025,1022500024,1611661320,LAS,1628276,Kelsey Plum,0,9,8,9
2025,1022500024,1611661320,LAS,1642820,Liatu King,0,0,0,7
2025,1022500024,1611661320,LAS,1628920,Mercedes Russell,0,0,0,8
2025,1022500024,1611661320,LAS,203824,Odyssey Sims,0,2,3,9
2025,1022500024,1611661320,LAS,1642782,Sarah Ashlee Barker,0,1,1,9
2025,1022500025,1611661317,PHX,203826,Alyssa Thomas,0,6,5,10
2025,1022500025,1611661317,PHX,1629480,Kalani Brown,0,0,0,9
2025,1022500025,1611661317,PHX,1628957,Kathryn Westbeld,0,1,1,9
2025,1022500025,1611661317,PHX,1629490,Kitija Laksa,0,0,0,8
2025,1022500025,1611661317,PHX,1631118,Lexi Held,0,0,0,10
2025,1022500025,1611661317,PHX,1642777,Monique Akoa Makani,0,2,2,9
2025,1022500025,1611661317,PHX,1628244,Sami Whitcomb,0,3,4,10
2025,1022500025,1611661317,PHX,1630149,Satou Sabally,0,3,2,10
2025,1022500025,1611661317,PHX,1642244,Sevgi Uzun,0,1,1,7
2025,1022500025,1611661322,WAS,1642290,Aaliyah Edwards,0,1,1,9
2025,1022500025,1611661322,WAS,1628279,Brittney Sykes,0,6,5,9
2025,1022500025,1611661322,WAS,1631083,Emily Engstler,0,1,1,9
2025,1022500025,1611661322,WAS,1631141,Jade Melbourne,0,0,1,9
2025,1022500025,1611661322,WAS,1642792,Kiki Iriafen,0,0,0,9
2025,1022500025,1611661322,WAS,1642802,Lucy Olsen,0,0,0,7
2025,1022500025,1611661322,WAS,1631021,Sika Kone,0,0,0,9
2025,1022500025,1611661322,WAS,1642785,Sonia Citron,0,4,4,9
2025,1022500025,1611661322,WAS,203828,Stefanie Dolson,0,1,1,8
2025,1022500025,1611661322,WAS,1630134,Sug Sutton,0,2,3,9
2025,1022500026,1611661319,LVA,1628932,A'ja Wilson,0,4,4,7
2025,1022500026,1611661319,LVA,1642801,Aaliyah Nye,0,1,1,10
2025,1022500026,1611661319,LVA,203833,Chelsea Gray,0,3,3,7
2025,1022500026,1611661319,LVA,204325,Crystal Bradford,0,0,0,6
2025,1022500026,1611661319,LVA,1630389,Dana Evans,0,2,2,9
2025,1022500026,1611661319,LVA,1642295,Elizabeth Kitley,0,0,0,10
2025,1022500026,1611661319,LVA,1629498,Jackie Young,0,3,3,7
2025,1022500026,1611661319,LVA,204319,Jewell Loyd,0,2,3,9
2025,1022500026,1611661319,LVA,204329,Kiah Stokes,0,0,0,6
2025,1022500026,1611661319,LVA,1631006,Kierstan Bell,0,1,1,3
2025,1022500026,1611661319,LVA,1627676,Tiffany Mitchell,0,3,2,8
2025,1022500026,1611661328,SEA,202252,Alysha Clark,0,1,1,9
2025,1022500026,1611661328,SEA,1642798,Dominique Malonga,0,0,0,8
2025,1022500026,1611661328,SEA,204365,Erica Wheeler,0,5,7,11
2025,1022500026,1611661328,SEA,1629496,Ezi Magbegor,0,4,3,10
2025,1022500026,1611661328,SEA,1628931,Gabby Williams,0,5,5,10
2025,1022500026,1611661328,SEA,1628882,Lexie Brown,0,0,0,5
2025,1022500026,1611661328,SEA,1629574,Li Yueru,0,0,0,5
2025,1022500026,1611661328,SEA,203014,Nneka Ogwumike,0,8,6,10
2025,1022500026,1611661328,SEA,203400,Skylar Diggins,0,9,8,10
2025,1022500026,1611661328,SEA,1641660,Zia Cooke,0,1,2,8
2025,1022500027,1611661323,CON,1642800,Aneesah Morrow,0,0,0,7
2025,1022500027,1611661323,CON,203829,Bria Hartley,0,1,2,12
2025,1022500027,1611661323,CON,203863,Haley Peters,0,1,2,8
2025,1022500027,1611661323,CON,1642292,Jacy Sheldon,0,7,7,12
2025,1022500027,1611661323,CON,1642773,Kariata Diaby,0,0,0,8
2025,1022500027,1611661323,CON,1629497,Marina Mabrey,0,1,1,10
2025,1022500027,1611661323,CON,1631135,Olivia Nelson-Ododa,0,1,3,12
2025,1022500027,1611661323,CON,1642796,Rayah Marshall,0,0,0,6
2025,1022500027,1611661323,CON,1641641,Robyn Parks,0,0,0,5
2025,1022500027,1611661323,CON,1642809,Saniya Rivers,0,3,2,8
2025,1022500027,1611661323,CON,202250,Tina Charles,0,3,3,10
2025,1022500027,1611661321,DAL,1629481,Arike Ogunbowale,0,5,4,10
2025,1022500027,1611661321,DAL,1642793,Aziaha James,0,3,2,7
2025,1022500027,1611661321,DAL,1630096,DiJonai Carrington,0,0,0,9
2025,1022500027,1611661321,DAL,1642808,JJ Quinerly,0,0,0,5
2025,1022500027,1611661321,DAL,1630097,Kaila Charles,0,1,1,9
2025,1022500027,1611661321,DAL,1630143,Luisa Geiselsoder,0,0,0,5
2025,1022500027,1611661321,DAL,1641652,Maddy Siegrist,0,0,0,10
2025,1022500027,1611661321,DAL,1628899,Myisha Hines-Allen,0,3,3,9
2025,1022500027,1611661321,DAL,1631019,NaLyssa Smith,0,4,4,8
2025,1022500027,1611661321,DAL,1642784,Paige Bueckers,0,6,7,11
2025,1022500027,1611661321,DAL,1629479,Teaira McCowan,0,2,2,8
2025,1022500027,1611661321,DAL,1630112,Tyasha Harris,0,2,3,7
2025,1022500028,1611661331,GSV,1642304,Carla Leite,0,1,1,8
2025,1022500028,1611661331,GSV,1642767,Janelle Salaun,0,2,2,9
2025,1022500028,1611661331,GSV,1642210,Julie Vanloo,0,1,1,9
2025,1022500028,1611661331,GSV,1642324,Kate Martin,0,0,0,10
2025,1022500028,1611661331,GSV,203866,Kayla Thornton,0,0,0,9
2025,1022500028,1611661331,GSV,1642768,Kyara Linskens,0,0,0,9
2025,1022500028,1611661331,GSV,203855,Stephanie Talbot,0,1,2,11
2025,1022500028,1611661331,GSV,1627701,Temi Fagbenle,0,4,4,10
2025,1022500028,1611661331,GSV,1631007,Veronica Burton,0,5,6,10
2025,1022500028,1611661313,NYL,1627668,Breanna Stewart,0,4,3,9
2025,1022500028,1611661313,NYL,204330,Isabelle Harrison,0,2,2,7
2025,1022500028,1611661313,NYL,1642320,Jaylyn Sherrod,0,1,1,4
2025,1022500028,1611661313,NYL,1627673,Jonquel Jones,0,4,5,9
2025,1022500028,1611661313,NYL,1629568,Kennedy Burke,0,0,0,9
2025,1022500028,1611661313,NYL,1630142,Leonie Fiebich,0,1,1,9
2025,1022500028,1611661313,NYL,1629546,Marine Johannes,0,1,1,9
2025,1022500028,1611661313,NYL,1642301,Marquesha Davis,0,0,0,2
2025,1022500028,1611661313,NYL,204333,Natasha Cloud,0,10,10,9
2025,1022500028,1611661313,NYL,203822,Rebekah Gardner,0,1,1,9
2025,1022500028,1611661313,NYL,1629477,Sabrina Ionescu,0,6,6,9
2025,1022500029,1611661324,MIN,1629501,Alanna Smith,0,3,3,9
2025,1022500029,1611661324,MIN,1642293,Alissa Pili,0,0,0,5
2025,1022500029,1611661324,MIN,1629524,Bridget Carleton,0,0,1,9
2025,1022500029,1611661324,MIN,1627675,Courtney Williams,0,4,4,9
2025,1022500029,1611661324,MIN,1641649,Diamond Miller,0,0,0,6
2025,1022500029,1611661324,MIN,1629491,Jessica Shepard,0,1,1,9
2025,1022500029,1611661324,MIN,1628317,Karlie Samuelson,0,1,1,8
2025,1022500029,1611661324,MIN,203825,Kayla McBride,0,5,3,9
2025,1022500029,1611661324,MIN,1629483,Napheesa Collier,0,4,5,9
2025,1022500029,1611661324,MIN,1629567,Natisha Hiedeman,0,0,0,10
2025,1022500029,1611661328,SEA,202252,Alysha Clark,0,1,1,10
2025,1022500029,1611661328,SEA,1642798,Dominique Malonga,0,4,3,10
2025,1022500029,1611661328,SEA,204365,Erica Wheeler,0,4,3,9
2025,1022500029,1611661328,SEA,1629496,Ezi Magbegor,0,3,3,8
2025,1022500029,1611661328,SEA,1628931,Gabby Williams,0,6,6,10
2025,1022500029,1611661328,SEA,1628882,Lexie Brown,0,0,0,7
2025,1022500029,1611661328,SEA,1629574,Li Yueru,0,0,0,8
2025,1022500029,1611661328,SEA,203014,Nneka Ogwumike,0,0,1,8
2025,1022500029,1611661328,SEA,203400,Skylar Diggins,0,4,3,9
2025,1022500029,1611661328,SEA,1641660,Zia Cooke,0,0,0,6
2025,1022500030,1611661330,ATL,1628277,Allisha Gray,0,7,6,8
2025,1022500030,1611661330,ATL,1628280,Brionna Jones,0,3,3,10
2025,1022500030,1611661330,ATL,1630471,Maya Caldwell,0,3,3,9
2025,1022500030,1611661330,ATL,1631044,Naz Hillmon,0,4,3,10
2025,1022500030,1611661330,ATL,1628269,Nia Coffey,0,3,3,8
2025,1022500030,1611661330,ATL,1631009,Rhyne Howard,0,7,7,10
2025,1022500030,1611661330,ATL,1628278,Shatori Walker-Kimbrough,0,1,1,8
2025,1022500030,1611661330,ATL,1642814,Taylor Thierry,0,0,0,3
2025,1022500030,1611661330,ATL,1642804,Te-Hina Paopao,0,0,0,7
2025,1022500030,1611661320,LAS,1628922,Azura Stevens,0,1,1,8
2025,1022500030,1611661320,LAS,204324,Dearica Hamby,0,8,8,8
2025,1022500030,1611661320,LAS,1628242,Emma Cannon,0,1,1,7
2025,1022500030,1611661320,LAS,1627700,Julie Allemand,0,2,2,7
2025,1022500030,1611661320,LAS,1628276,Kelsey Plum,0,5,5,8
2025,1022500030,1611661320,LAS,1642820,Liatu King,0,0,0,6
2025,1022500030,1611661320,LAS,1628920,Mercedes Russell,0,1,1,5
2025,1022500030,1611661320,LAS,203824,Odyssey Sims,0,4,5,8
2025,1022500030,1611661320,LAS,1642288,Rickea Jackson,0,0,0,7
2025,1022500030,1611661320,LAS,1642782,Sarah Ashlee Barker,0,0,0,8
2025,1022500031,1611661329,CHI,1642291,Angel Reese,0,3,3,9
2025,1022500031,1611661329,CHI,1628878,Ariel Atkins,0,1,2,9
2025,1022500031,1611661329,CHI,202664,Courtney Vandersloot,0,10,11,9
2025,1022500031,1611661329,CHI,204322,Elizabeth Williams,0,1,1,9
2025,1022500031,1611661329,CHI,1642289,Kamilla Cardoso,0,4,4,9
2025,1022500031,1611661329,CHI,1628915,Kia Nurse,0,1,2,8
2025,1022500031,1611661329,CHI,1630446,Michaela Onyenwere,0,0,0,5
2025,1022500031,1611661329,CHI,1627671,Rachel Banham,0,1,1,8
2025,1022500031,1611661329,CHI,204296,Rebecca Allen,0,1,1,6
2025,1022500031,1611661317,PHX,203826,Alyssa Thomas,0,18,15,9
2025,1022500031,1611661317,PHX,1629480,Kalani Brown,0,0,0,9
2025,1022500031,1611661317,PHX,1628957,Kathryn Westbeld,0,1,1,8
2025,1022500031,1611661317,PHX,1629490,Kitija Laksa,0,1,1,9
2025,1022500031,1611661317,PHX,1631118,Lexi Held,0,0,0,9
2025,1022500031,1611661317,PHX,1642777,Monique Akoa Makani,0,2,2,8
2025,1022500031,1611661317,PHX,1628244,Sami Whitcomb,0,0,0,9
2025,1022500031,1611661317,PHX,1630149,Satou Sabally,0,3,3,9
2025,1022500031,1611661317,PHX,1642244,Sevgi Uzun,0,4,4,8
2025,1022500033,1611661331,GSV,1642304,Carla Leite,0,3,3,8
2025,1022500033,1611661331,GSV,1628508,Cecilia Zandalasini,0,2,2,8
2025,1022500033,1611661331,GSV,1642767,Janelle Salaun,0,3,3,9
2025,1022500033,1611661331,GSV,1642210,Julie Vanloo,0,8,8,8
2025,1022500033,1611661331,GSV,203866,Kayla Thornton,0,1,1,8
2025,1022500033,1611661331,GSV,1628881,Monique Billings,0,3,2,8
2025,1022500033,1611661331,GSV,203855,Stephanie Talbot,0,1,1,6
2025,1022500033,1611661331,GSV,1627701,Temi Fagbenle,0,0,0,8
2025,1022500033,1611661331,GSV,1631007,Veronica Burton,0,6,5,8
2025,1022500033,1611661313,NYL,1627668,Breanna Stewart,0,4,4,9
2025,1022500033,1611661313,NYL,204330,Isabelle Harrison,0,0,0,3
2025,1022500033,1611661313,NYL,1629568,Kennedy Burke,0,2,2,9
2025,1022500033,1611661313,NYL,1630142,Leonie Fiebich,0,1,1,9
2025,1022500033,1611661313,NYL,1629546,Marine Johannes,0,0,0,9
2025,1022500033,1611661313,NYL,1642301,Marquesha Davis,0,0,0,2
2025,1022500033,1611661313,NYL,204333,Natasha Cloud,0,3,5,9
2025,1022500033,1611661313,NYL,203822,Rebekah Gardner,0,1,1,6
2025,1022500033,1611661313,NYL,1629477,Sabrina Ionescu,0,5,4,9
2025,1022500034,1611661329,CHI,1642291,Angel Reese,0,6,5,9
2025,1022500034,1611661329,CHI,1628878,Ariel Atkins,0,7,6,9
2025,1022500034,1611661329,CHI,202664,Courtney Vandersloot,0,8,9,8
2025,1022500034,1611661329,CHI,204322,Elizabeth Williams,0,1,1,8
2025,1022500034,1611661329,CHI,1642817,Hailey Van Lith,0,0,0,8
2025,1022500034,1611661329,CHI,1642289,Kamilla Cardoso,0,2,1,8
2025,1022500034,1611661329,CHI,1628915,Kia Nurse,0,2,2,8
2025,1022500034,1611661329,CHI,1630446,Michaela Onyenwere,0,2,3,7
2025,1022500034,1611661329,CHI,1627671,Rachel Banham,0,0,0,6
2025,1022500034,1611661329,CHI,204296,Rebecca Allen,0,1,1,9
2025,1022500034,1611661321,DAL,1629481,Arike Ogunbowale,0,6,7,10
2025,1022500034,1611661321,DAL,1630096,DiJonai Carrington,0,0,0,10
2025,1022500034,1611661321,DAL,1642808,JJ Quinerly,0,0,0,6
2025,1022500034,1611661321,DAL,1630097,Kaila Charles,0,0,0,6
2025,1022500034,1611661321,DAL,1641652,Maddy Siegrist,0,0,0,9
2025,1022500034,1611661321,DAL,1628899,Myisha Hines-Allen,0,6,6,9
2025,1022500034,1611661321,DAL,1631019,NaLyssa Smith,0,0,0,7
2025,1022500034,1611661321,DAL,1642784,Paige Bueckers,0,9,8,9
2025,1022500034,1611661321,DAL,1629479,Teaira McCowan,0,1,2,9
2025,1022500035,1611661323,CON,1642800,Aneesah Morrow,0,0,0,5
2025,1022500035,1611661323,CON,203829,Bria Hartley,0,3,3,8
2025,1022500035,1611661323,CON,203863,Haley Peters,0,0,0,8
2025,1022500035,1611661323,CON,1642292,Jacy Sheldon,0,0,0,7
2025,1022500035,1611661323,CON,1629497,Marina Mabrey,0,6,5,9
2025,1022500035,1611661323,CON,1631135,Olivia Nelson-Ododa,0,0,0,8
2025,1022500035,1611661323,CON,1641641,Robyn Parks,0,2,2,4
2025,1022500035,1611661323,CON,1642809,Saniya Rivers,0,5,6,8
2025,1022500035,1611661323,CON,202250,Tina Charles,0,3,3,9
2025,1022500035,1611661325,IND,1641648,Aliyah Boston,0,8,8,8
2025,1022500035,1611661325,IND,1629488,Brianna Turner,0,0,0,5
2025,1022500035,1611661325,IND,203024,Damiris Dantas,0,0,0,8
2025,1022500035,1611661325,IND,201886,DeWanna Bonner,0,1,1,9
2025,1022500035,1611661325,IND,1628909,Kelsey Mitchell,0,5,5,9
2025,1022500035,1611661325,IND,1631086,Lexie Hull,0,0,1,8
2025,1022500035,1611661325,IND,203827,Natasha Howard,0,2,1,8
2025,1022500035,1611661325,IND,1629482,Sophie Cunningham,0,2,2,9
2025,1022500035,1611661325,IND,202641,Sydney Colson,0,2,2,7
2025,1022500036,1611661313,NYL,1627668,Breanna Stewart,0,8,7,10
2025,1022500036,1611661313,NYL,204330,Isabelle Harrison,0,0,0,8
2025,1022500036,1611661313,NYL,1642320,Jaylyn Sherrod,0,0,0,4
2025,1022500036,1611661313,NYL,1627673,Jonquel Jones,0,2,3,9
2025,1022500036,1611661313,NYL,1629568,Kennedy Burke,0,2,2,10
2025,1022500036,1611661313,NYL,1630142,Leonie Fiebich,0,1,1,9
2025,1022500036,1611661313,NYL,1629546,Marine Johannes,0,1,1,9
2025,1022500036,1611661313,NYL,1642301,Marquesha Davis,0,1,1,4
2025,1022500036,1611661313,NYL,204333,Natasha Cloud,0,4,3,9
2025,1022500036,1611661313,NYL,203822,Rebekah Gardner,0,0,0,9
2025,1022500036,1611661313,NYL,1629477,Sabrina Ionescu,0,6,5,10
2025,1022500036,1611661322,WAS,1642290,Aaliyah Edwards,0,1,1,10
2025,1022500036,1611661322,WAS,1628279,Brittney Sykes,0,2,3,9
2025,1022500036,1611661322,WAS,1631083,Emily Engstler,0,2,1,9
2025,1022500036,1611661322,WAS,1631141,Jade Melbourne,0,0,0,7
2025,1022500036,1611661322,WAS,1642792,Kiki Iriafen,0,2,2,10
2025,1022500036,1611661322,WAS,1642802,Lucy Olsen,0,1,2,9
2025,1022500036,1611661322,WAS,1631022,Shakira Austin,0,0,0,7
2025,1022500036,1611661322,WAS,1642785,Sonia Citron,0,0,0,9
2025,1022500036,1611661322,WAS,203828,Stefanie Dolson,0,1,1,9
2025,1022500036,1611661322,WAS,1630134,Sug Sutton,0,3,3,10
2025,1022500037,1611661320,LAS,1628922,Azura Stevens,0,1,1,9
2025,1022500037,1611661320,LAS,204324,Dearica Hamby,0,7,6,9
2025,1022500037,1611661320,LAS,1628242,Emma Cannon,0,0,0,9
2025,1022500037,1611661320,LAS,1627700,Julie Allemand,0,3,4,8
2025,1022500037,1611661320,LAS,1628276,Kelsey Plum,0,2,3,9
2025,1022500037,1611661320,LAS,1642820,Liatu King,0,0,0,6
2025,1022500037,1611661320,LAS,1628920,Mercedes Russell,0,2,2,8
2025,1022500037,1611661320,LAS,203824,Odyssey Sims,0,2,2,9
2025,1022500037,1611661320,LAS,1642782,Sarah Ashlee Barker,0,0,0,9
2025,1022500037,1611661319,LVA,1628932,A'ja Wilson,0,9,6,9
2025,1022500037,1611661319,LVA,1642801,Aaliyah Nye,0,0,0,8
2025,1022500037,1611661319,LVA,203833,Chelsea Gray,0,3,4,8
2025,1022500037,1611661319,LVA,1630389,Dana Evans,0,3,2,6
2025,1022500037,1611661319,LVA,1642295,Elizabeth Kitley,0,0,0,8
2025,1022500037,1611661319,LVA,1629498,Jackie Young,0,3,3,8
2025,1022500037,1611661319,LVA,204319,Jewell Loyd,0,4,4,9
2025,1022500037,1611661319,LVA,204329,Kiah Stokes,0,2,1,8
2025,1022500037,1611661319,LVA,1627676,Tiffany Mitchell,0,3,2,8
2025,1022500038,1611661324,MIN,1629501,Alanna Smith,0,0,0,9
2025,1022500038,1611661324,MIN,1642293,Alissa Pili,0,0,0,8
2025,1022500038,1611661324,MIN,1629524,Bridget Carleton,0,2,2,9
2025,1022500038,1611661324,MIN,1627675,Courtney Williams,0,7,7,9
2025,1022500038,1611661324,MIN,1641649,Diamond Miller,0,0,0,6
2025,1022500038,1611661324,MIN,1629491,Jessica Shepard,0,2,2,9
2025,1022500038,1611661324,MIN,1628317,Karlie Samuelson,0,1,1,9
2025,1022500038,1611661324,MIN,203825,Kayla McBride,0,4,4,9
2025,1022500038,1611661324,MIN,1642763,Marième Badiane,0,0,0,5
2025,1022500038,1611661324,MIN,1629567,Natisha Hiedeman,0,2,2,9
2025,1022500038,1611661317,PHX,1629480,Kalani Brown,0,1,1,10
2025,1022500038,1611661317,PHX,1628957,Kathryn Westbeld,0,0,0,9
2025,1022500038,1611661317,PHX,1629490,Kitija Laksa,0,2,3,8
2025,1022500038,1611661317,PHX,1631118,Lexi Held,0,2,1,8
2025,1022500038,1611661317,PHX,1642777,Monique Akoa Makani,0,4,4,9
2025,1022500038,1611661317,PHX,1642774,Murjanatu Musa,0,2,1,9
2025,1022500038,1611661317,PHX,1628244,Sami Whitcomb,0,5,6,8
2025,1022500038,1611661317,PHX,1630149,Satou Sabally,0,4,4,9
2025,1022500038,1611661317,PHX,1642244,Sevgi Uzun,0,1,1,8
2025,1022500039,1611661330,ATL,1628277,Allisha Gray,0,2,2,9
2025,1022500039,1611661330,ATL,1628280,Brionna Jones,0,2,2,9
2025,1022500039,1611661330,ATL,203398,Brittney Griner,0,2,1,9
2025,1022500039,1611661330,ATL,1630471,Maya Caldwell,0,1,1,8
2025,1022500039,1611661330,ATL,1631044,Naz Hillmon,0,4,2,9
2025,1022500039,1611661330,ATL,1628269,Nia Coffey,0,2,2,9
2025,1022500039,1611661330,ATL,1631009,Rhyne Howard,0,6,5,9
2025,1022500039,1611661330,ATL,1628278,Shatori Walker-Kimbrough,0,2,2,7
2025,1022500039,1611661330,ATL,1642804,Te-Hina Paopao,0,1,1,9
2025,1022500039,1611661328,SEA,1642798,Dominique Malonga,0,0,0,8
2025,1022500039,1611661328,SEA,204365,Erica Wheeler,0,5,5,9
2025,1022500039,1611661328,SEA,1629496,Ezi Magbegor,0,2,2,8
2025,1022500039,1611661328,SEA,1628931,Gabby Williams,0,1,1,9
2025,1022500039,1611661328,SEA,1628882,Lexie Brown,0,0,0,4
2025,1022500039,1611661328,SEA,1629574,Li Yueru,0,0,0,7
2025,1022500039,1611661328,SEA,203014,Nneka Ogwumike,0,3,4,9
2025,1022500039,1611661328,SEA,203400,Skylar Diggins,0,3,3,8
2025,1022500039,1611661328,SEA,1641660,Zia Cooke,0,2,2,8
2025,1022500040,1611661329,CHI,1642291,Angel Reese,0,2,2,10
2025,1022500040,1611661329,CHI,1628878,Ariel Atkins,0,3,3,9
2025,1022500040,1611661329,CHI,202664,Courtney Vandersloot,0,7,7,9
2025,1022500040,1611661329,CHI,204322,Elizabeth Williams,0,1,1,9
2025,1022500040,1611661329,CHI,1642817,Hailey Van Lith,0,0,1,7
2025,1022500040,1611661329,CHI,1642289,Kamilla Cardoso,0,1,1,8
2025,1022500040,1611661329,CHI,1628915,Kia Nurse,0,2,2,9
2025,1022500040,1611661329,CHI,1630446,Michaela Onyenwere,0,0,0,7
2025,1022500040,1611661329,CHI,1627671,Rachel Banham,0,1,1,8
2025,1022500040,1611661329,CHI,204296,Rebecca Allen,0,2,2,9
2025,1022500040,1611661321,DAL,1629481,Arike Ogunbowale,0,1,2,10
2025,1022500040,1611661321,DAL,1642793,Aziaha James,0,1,1,8
2025,1022500040,1611661321,DAL,1630096,DiJonai Carrington,0,6,6,10
2025,1022500040,1611661321,DAL,1642808,JJ Quinerly,0,2,3,10
2025,1022500040,1611661321,DAL,1630097,Kaila Charles,0,0,0,10
2025,1022500040,1611661321,DAL,1630143,Luisa Geiselsoder,0,0,0,4
2025,1022500040,1611661321,DAL,1641652,Maddy Siegrist,0,0,0,10
2025,1022500040,1611661321,DAL,1628899,Myisha Hines-Allen,0,3,2,7
2025,1022500040,1611661321,DAL,1631019,NaLyssa Smith,0,1,1,8
2025,1022500040,1611661321,DAL,1629479,Teaira McCowan,0,0,0,10
2025,1022500041,1611661323,CON,1642800,Aneesah Morrow,0,0,0,8
2025,1022500041,1611661323,CON,203829,Bria Hartley,0,0,0,10
2025,1022500041,1611661323,CON,203863,Haley Peters,0,3,3,11
2025,1022500041,1611661323,CON,1642292,Jacy Sheldon,0,2,2,11
2025,1022500041,1611661323,CON,1642773,Kariata Diaby,0,0,0,5
2025,1022500041,1611661323,CON,1629497,Marina Mabrey,0,2,2,9
2025,1022500041,1611661323,CON,1631135,Olivia Nelson-Ododa,0,0,0,7
2025,1022500041,1611661323,CON,1642796,Rayah Marshall,0,2,2,5
2025,1022500041,1611661323,CON,1642809,Saniya Rivers,0,2,2,10
2025,1022500041,1611661323,CON,202250,Tina Charles,0,0,0,10
2025,1022500041,1611661313,NYL,1627668,Breanna Stewart,0,5,5,9
2025,1022500041,1611661313,NYL,204330,Isabelle Harrison,0,2,1,10
2025,1022500041,1611661313,NYL,1642320,Jaylyn Sherrod,0,0,0,8
2025,1022500041,1611661313,NYL,1627673,Jonquel Jones,0,0,0,9
2025,1022500041,1611661313,NYL,1629568,Kennedy Burke,0,0,0,8
2025,1022500041,1611661313,NYL,1630142,Leonie Fiebich,0,1,1,7
2025,1022500041,1611661313,NYL,1629546,Marine Johannes,0,5,6,9
2025,1022500041,1611661313,NYL,1642301,Marquesha Davis,0,0,0,5
2025,1022500041,1611661313,NYL,204333,Natasha Cloud,0,7,7,7
2025,1022500041,1611661313,NYL,203822,Rebekah Gardner,0,3,4,9
2025,1022500041,1611661313,NYL,1629477,Sabrina Ionescu,0,4,5,6
2025,1022500042,1611661320,LAS,1628922,Azura Stevens,0,1,1,9
2025,1022500042,1611661320,LAS,204324,Dearica Hamby,0,2,2,9
2025,1022500042,1611661320,LAS,1628242,Emma Cannon,0,0,1,9
2025,1022500042,1611661320,LAS,1627700,Julie Allemand,0,6,6,10
2025,1022500042,1611661320,LAS,1628276,Kelsey Plum,0,2,2,9
2025,1022500042,1611661320,LAS,1628920,Mercedes Russell,0,0,0,10
2025,1022500042,1611661320,LAS,203824,Odyssey Sims,0,3,4,10
2025,1022500042,1611661320,LAS,1642782,Sarah Ashlee Barker,0,2,1,9
2025,1022500042,1611661317,PHX,1641650,Haley Jones,0,1,1,5
2025,1022500042,1611661317,PHX,1629480,Kalani Brown,0,1,1,8
2025,1022500042,1611661317,PHX,1628957,Kathryn Westbeld,0,3,2,8
2025,1022500042,1611661317,PHX,1629490,Kitija Laksa,0,1,1,7
2025,1022500042,1611661317,PHX,1631118,Lexi Held,0,4,3,9
2025,1022500042,1611661317,PHX,1642777,Monique Akoa Makani,0,6,6,8
2025,1022500042,1611661317,PHX,1642774,Murjanatu Musa,0,0,0,6
2025,1022500042,1611661317,PHX,1628244,Sami Whitcomb,0,4,5,8
2025,1022500042,1611661317,PHX,1630149,Satou Sabally,0,3,2,8
2025,1022500042,1611661317,PHX,1642244,Sevgi Uzun,0,2,1,8
2025,1022500043,1611661319,LVA,1628932,A'ja Wilson,0,3,3,9
2025,1022500043,1611661319,LVA,1642801,Aaliyah Nye,0,0,0,8
2025,1022500043,1611661319,LVA,203833,Chelsea Gray,0,6,6,9
2025,1022500043,1611661319,LVA,1630389,Dana Evans,0,2,3,9
2025,1022500043,1611661319,LVA,1642295,Elizabeth Kitley,0,0,0,8
2025,1022500043,1611661319,LVA,1629498,Jackie Young,0,0,1,9
2025,1022500043,1611661319,LVA,204319,Jewell Loyd,0,5,4,9
2025,1022500043,1611661319,LVA,204329,Kiah Stokes,0,0,0,9
2025,1022500043,1611661319,LVA,1627676,Tiffany Mitchell,0,0,0,9
2025,1022500043,1611661328,SEA,202252,Alysha Clark,0,1,1,8
2025,1022500043,1611661328,SEA,1642798,Dominique Malonga,0,2,2,8
2025,1022500043,1611661328,SEA,204365,Erica Wheeler,0,2,4,9
2025,1022500043,1611661328,SEA,1629496,Ezi Magbegor,0,4,2,9
2025,1022500043,1611661328,SEA,1628931,Gabby Williams,0,2,2,9
2025,1022500043,1611661328,SEA,1629574,Li Yueru,0,1,1,7
2025,1022500043,1611661328,SEA,203014,Nneka Ogwumike,0,1,2,9
2025,1022500043,1611661328,SEA,203400,Skylar Diggins,0,5,5,9
2025,1022500043,1611661328,SEA,1641660,Zia Cooke,0,0,0,6
2025,1022500044,1611661331,GSV,1642304,Carla Leite,0,0,0,3
2025,1022500044,1611661331,GSV,1628508,Cecilia Zandalasini,0,0,0,8
2025,1022500044,1611661331,GSV,1642767,Janelle Salaun,0,4,3,7
2025,1022500044,1611661331,GSV,1642210,Julie Vanloo,0,4,4,8
2025,1022500044,1611661331,GSV,1642324,Kate Martin,0,0,0,9
2025,1022500044,1611661331,GSV,203866,Kayla Thornton,0,3,2,7
2025,1022500044,1611661331,GSV,1628881,Monique Billings,0,0,0,8
2025,1022500044,1611661331,GSV,203855,Stephanie Talbot,0,0,0,7
2025,1022500044,1611661331,GSV,1627701,Temi Fagbenle,0,1,1,8
2025,1022500044,1611661331,GSV,203026,Tiffany Hayes,0,2,2,9
2025,1022500044,1611661331,GSV,1631007,Veronica Burton,0,3,3,7
2025,1022500044,1611661324,MIN,1629501,Alanna Smith,0,2,2,9
2025,1022500044,1611661324,MIN,1642293,Alissa Pili,0,0,0,5
2025,1022500044,1611661324,MIN,1629524,Bridget Carleton,0,2,2,11
2025,1022500044,1611661324,MIN,1627675,Courtney Williams,0,5,5,9
2025,1022500044,1611661324,MIN,1629491,Jessica Shepard,0,1,1,11
2025,1022500044,1611661324,MIN,1628317,Karlie Samuelson,0,1,1,6
2025,1022500044,1611661324,MIN,203825,Kayla McBride,0,3,3,11
2025,1022500044,1611661324,MIN,1629483,Napheesa Collier,0,5,4,11
2025,1022500044,1611661324,MIN,1629567,Natisha Hiedeman,0,3,4,11
2025,1022500045,1611661325,IND,1630462,Aari McDonald,0,4,5,9
2025,1022500045,1611661325,IND,1641648,Aliyah Boston,0,5,4,9
2025,1022500045,1611661325,IND,1629488,Brianna Turner,0,0,0,3
2025,1022500045,1611661325,IND,203024,Damiris Dantas,0,0,0,9
2025,1022500045,1611661325,IND,201886,DeWanna Bonner,0,1,1,9
2025,1022500045,1611661325,IND,1628909,Kelsey Mitchell,0,3,3,8
2025,1022500045,1611661325,IND,1631086,Lexie Hull,0,5,4,9
2025,1022500045,1611661325,IND,203827,Natasha Howard,0,1,1,8
2025,1022500045,1611661325,IND,202641,Sydney Colson,0,3,3,8
2025,1022500045,1611661322,WAS,1642290,Aaliyah Edwards,0,1,1,7
2025,1022500045,1611661322,WAS,1628279,Brittney Sykes,0,4,4,8
2025,1022500045,1611661322,WAS,1631083,Emily Engstler,0,3,2,7
2025,1022500045,1611661322,WAS,1631141,Jade Melbourne,0,0,0,8
2025,1022500045,1611661322,WAS,1642792,Kiki Iriafen,0,0,0,9
2025,1022500045,1611661322,WAS,1631022,Shakira Austin,0,2,1,7
2025,1022500045,1611661322,WAS,1642785,Sonia Citron,0,2,1,8
2025,1022500045,1611661322,WAS,203828,Stefanie Dolson,0,0,0,9
2025,1022500045,1611661322,WAS,1630134,Sug Sutton,0,3,3,8
2025,1022500046,1611661324,MIN,1629501,Alanna Smith,0,5,6,10
2025,1022500046,1611661324,MIN,1642293,Alissa Pili,0,0,0,7
2025,1022500046,1611661324,MIN,1642797,Anastasiia Olairi Kosu,0,0,0,6
2025,1022500046,1611661324,MIN,1629524,Bridget Carleton,0,1,3,10
2025,1022500046,1611661324,MIN,1627675,Courtney Williams,0,5,5,9
2025,1022500046,1611661324,MIN,1641649,Diamond Miller,0,0,0,7
2025,1022500046,1611661324,MIN,1629491,Jessica Shepard,0,2,2,10
2025,1022500046,1611661324,MIN,1628317,Karlie Samuelson,0,0,0,8
2025,1022500046,1611661324,MIN,203825,Kayla McBride,0,7,7,10
2025,1022500046,1611661324,MIN,1629483,Napheesa Collier,0,4,5,10
2025,1022500046,1611661324,MIN,1629567,Natisha Hiedeman,0,2,1,10
2025,1022500046,1611661317,PHX,1641650,Haley Jones,0,0,0,10
2025,1022500046,1611661317,PHX,1629480,Kalani Brown,0,1,1,11
2025,1022500046,1611661317,PHX,1628957,Kathryn Westbeld,0,0,0,11
2025,1022500046,1611661317,PHX,1629490,Kitija Laksa,0,0,0,9
2025,1022500046,1611661317,PHX,1631118,Lexi Held,0,3,3,10
2025,1022500046,1611661317,PHX,1642799,Megan McConnell,0,4,3,8
2025,1022500046,1611661317,PHX,1642777,Monique Akoa Makani,0,3,2,7
2025,1022500046,1611661317,PHX,1642774,Murjanatu Musa,0,1,1,11
2025,1022500046,1611661317,PHX,1628244,Sami Whitcomb,0,0,1,10
2025,1022500046,1611661317,PHX,1630149,Satou Sabally,0,2,2,10
2025,1022500047,1611661321,DAL,1629481,Arike Ogunbowale,0,4,3,9
2025,1022500047,1611661321,DAL,1642793,Aziaha James,0,3,2,8
2025,1022500047,1611661321,DAL,1630096,DiJonai Carrington,0,5,4,8
2025,1022500047,1611661321,DAL,1642808,JJ Quinerly,0,0,0,1
2025,1022500047,1611661321,DAL,1630097,Kaila Charles,0,1,1,8
2025,1022500047,1611661321,DAL,1630143,Luisa Geiselsoder,0,2,2,9
2025,1022500047,1611661321,DAL,1641652,Maddy Siegrist,0,1,1,9
2025,1022500047,1611661321,DAL,1628899,Myisha Hines-Allen,0,3,3,9
2025,1022500047,1611661321,DAL,1631019,NaLyssa Smith,0,2,2,8
2025,1022500047,1611661321,DAL,1629479,Teaira McCowan,0,0,0,7
2025,1022500047,1611661328,SEA,202252,Alysha Clark,0,1,1,8
2025,1022500047,1611661328,SEA,1642798,Dominique Malonga,0,0,0,7
2025,1022500047,1611661328,SEA,204365,Erica Wheeler,0,8,7,9
2025,1022500047,1611661328,SEA,1629496,Ezi Magbegor,0,3,3,8
2025,1022500047,1611661328,SEA,1628931,Gabby Williams,0,4,4,9
2025,1022500047,1611661328,SEA,1629574,Li Yueru,0,0,0,7
2025,1022500047,1611661328,SEA,203014,Nneka Ogwumike,0,0,1,9
2025,1022500047,1611661328,SEA,203400,Skylar Diggins,0,6,5,8
2025,1022500047,1611661328,SEA,1641660,Zia Cooke,0,1,1,8
2025,1022500048,1611661313,NYL,1627668,Breanna Stewart,0,1,1,9
2025,1022500048,1611661313,NYL,204330,Isabelle Harrison,0,0,0,10
2025,1022500048,1611661313,NYL,1627673,Jonquel Jones,0,0,1,5
2025,1022500048,1611661313,NYL,1629568,Kennedy Burke,0,0,0,8
2025,1022500048,1611661313,NYL,1630142,Leonie Fiebich,0,0,0,10
2025,1022500048,1611661313,NYL,1629546,Marine Johannes,0,1,1,7
2025,1022500048,1611661313,NYL,204333,Natasha Cloud,0,5,5,10
2025,1022500048,1611661313,NYL,203822,Rebekah Gardner,0,0,0,7
2025,1022500048,1611661313,NYL,1629477,Sabrina Ionescu,0,6,7,10
2025,1022500048,1611661322,WAS,1642290,Aaliyah Edwards,0,0,0,9
2025,1022500048,1611661322,WAS,1628279,Brittney Sykes,0,5,5,9
2025,1022500048,1611661322,WAS,1631083,Emily Engstler,0,2,2,9
2025,1022500048,1611661322,WAS,1631141,Jade Melbourne,0,4,4,9
2025,1022500048,1611661322,WAS,1642792,Kiki Iriafen,0,1,1,9
2025,1022500048,1611661322,WAS,1642802,Lucy Olsen,0,0,0,3
2025,1022500048,1611661322,WAS,1631022,Shakira Austin,0,5,4,9
2025,1022500048,1611661322,WAS,1642785,Sonia Citron,0,3,3,9
2025,1022500048,1611661322,WAS,203828,Stefanie Dolson,0,1,1,9
2025,1022500048,1611661322,WAS,1630134,Sug Sutton,0,0,0,9
2025,1022500049,1611661331,GSV,1642304,Carla Leite,0,1,1,7
2025,1022500049,1611661331,GSV,1628508,Cecilia Zandalasini,0,1,1,9
2025,1022500049,1611661331,GSV,1642767,Janelle Salaun,0,1,1,9
2025,1022500049,1611661331,GSV,1642210,Julie Vanloo,0,6,5,9
2025,1022500049,1611661331,GSV,1642324,Kate Martin,0,1,1,8
2025,1022500049,1611661331,GSV,203866,Kayla Thornton,0,1,1,9
2025,1022500049,1611661331,GSV,1628881,Monique Billings,0,1,1,5
2025,1022500049,1611661331,GSV,203855,Stephanie Talbot,0,4,3,9
2025,1022500049,1611661331,GSV,1627701,Temi Fagbenle,0,1,1,9
2025,1022500049,1611661331,GSV,1631007,Veronica Burton,0,2,2,9
2025,1022500049,1611661317,PHX,1641650,Haley Jones,0,1,1,8
2025,1022500049,1611661317,PHX,1629480,Kalani Brown,0,0,1,9
2025,1022500049,1611661317,PHX,1628957,Kathryn Westbeld,0,2,2,10
2025,1022500049,1611661317,PHX,1629490,Kitija Laksa,0,0,0,7
2025,1022500049,1611661317,PHX,1631118,Lexi Held,0,2,2,9
2025,1022500049,1611661317,PHX,1642777,Monique Akoa Makani,0,2,2,9
2025,1022500049,1611661317,PHX,1642774,Murjanatu Musa,0,0,0,10
2025,1022500049,1611661317,PHX,1628244,Sami Whitcomb,0,2,2,9
2025,1022500049,1611661317,PHX,1630149,Satou Sabally,0,6,5,10
2025,1022500050,1611661330,ATL,1628277,Allisha Gray,0,3,4,10
2025,1022500050,1611661330,ATL,1628280,Brionna Jones,0,0,0,10
2025,1022500050,1611661330,ATL,203398,Brittney Griner,0,0,0,10
2025,1022500050,1611661330,ATL,1628886,Jordin Canada,0,4,3,8
2025,1022500050,1611661330,ATL,1630471,Maya Caldwell,0,0,0,8
2025,1022500050,1611661330,ATL,1631044,Naz Hillmon,0,2,2,8
2025,1022500050,1611661330,ATL,1628269,Nia Coffey,0,0,0,8
2025,1022500050,1611661330,ATL,1631009,Rhyne Howard,0,8,6,10
2025,1022500050,1611661330,ATL,1628278,Shatori Walker-Kimbrough,0,1,1,8
2025,1022500050,1611661330,ATL,1642804,Te-Hina Paopao,0,3,3,7
2025,1022500050,1611661323,CON,1642800,Aneesah Morrow,0,1,1,9
2025,1022500050,1611661323,CON,203829,Bria Hartley,0,6,6,8
2025,1022500050,1611661323,CON,203863,Haley Peters,0,0,0,9
2025,1022500050,1611661323,CON,1642292,Jacy Sheldon,0,2,2,8
2025,1022500050,1611661323,CON,1642240,Jaelyn Brown,0,0,0,8
2025,1022500050,1611661323,CON,1642773,Kariata Diaby,0,0,0,6
2025,1022500050,1611661323,CON,1629497,Marina Mabrey,0,3,4,9
2025,1022500050,1611661323,CON,1631135,Olivia Nelson-Ododa,0,0,0,7
2025,1022500050,1611661323,CON,1642809,Saniya Rivers,0,2,2,8
2025,1022500050,1611661323,CON,202250,Tina Charles,0,2,2,9
2025,1022500051,1611661321,DAL,1629481,Arike Ogunbowale,0,5,4,9
2025,1022500051,1611661321,DAL,1642793,Aziaha James,0,0,0,10
2025,1022500051,1611661321,DAL,1630096,DiJonai Carrington,0,4,4,8
2025,1022500051,1611661321,DAL,1642808,JJ Quinerly,0,4,4,10
2025,1022500051,1611661321,DAL,1630097,Kaila Charles,0,1,1,11
2025,1022500051,1611661321,DAL,1630143,Luisa Geiselsoder,0,6,6,11
2025,1022500051,1611661321,DAL,1641652,Maddy Siegrist,0,1,1,11
2025,1022500051,1611661321,DAL,1628899,Myisha Hines-Allen,0,3,3,8
2025,1022500051,1611661321,DAL,1631019,NaLyssa Smith,0,0,0,4
2025,1022500051,1611661321,DAL,1629479,Teaira McCowan,0,1,1,9
2025,1022500051,1611661320,LAS,1628922,Azura Stevens,0,4,3,10
2025,1022500051,1611661320,LAS,204324,Dearica Hamby,0,1,1,10
2025,1022500051,1611661320,LAS,1628242,Emma Cannon,0,0,0,7
2025,1022500051,1611661320,LAS,1627700,Julie Allemand,0,3,3,8
2025,1022500051,1611661320,LAS,1628276,Kelsey Plum,0,8,9,10
2025,1022500051,1611661320,LAS,1642820,Liatu King,0,0,0,4
2025,1022500051,1611661320,LAS,1628920,Mercedes Russell,0,1,1,9
2025,1022500051,1611661320,LAS,203824,Odyssey Sims,0,2,3,10
2025,1022500051,1611661320,LAS,1642288,Rickea Jackson,0,2,2,10
2025,1022500051,1611661320,LAS,1642790,Sania Feagin,0,0,0,2
2025,1022500051,1611661320,LAS,1642782,Sarah Ashlee Barker,0,1,2,8
2025,1022500052,1611661331,GSV,1642304,Carla Leite,0,0,0,4
2025,1022500052,1611661331,GSV,1628508,Cecilia Zandalasini,0,3,3,11
2025,1022500052,1611661331,GSV,1642767,Janelle Salaun,0,0,0,8
2025,1022500052,1611661331,GSV,1642210,Julie Vanloo,0,5,5,8
2025,1022500052,1611661331,GSV,1642324,Kate Martin,0,1,1,9
2025,1022500052,1611661331,GSV,203866,Kayla Thornton,0,2,2,10
2025,1022500052,1611661331,GSV,1642768,Kyara Linskens,0,0,0,4
2025,1022500052,1611661331,GSV,1628881,Monique Billings,0,0,0,11
2025,1022500052,1611661331,GSV,203855,Stephanie Talbot,0,0,0,2
2025,1022500052,1611661331,GSV,1627701,Temi Fagbenle,0,1,1,7
2025,1022500052,1611661331,GSV,1631007,Veronica Burton,0,10,12,10
2025,1022500052,1611661319,LVA,1628932,A'ja Wilson,0,2,2,8
2025,1022500052,1611661319,LVA,1642801,Aaliyah Nye,0,1,1,9
2025,1022500052,1611661319,LVA,203833,Chelsea Gray,0,0,1,8
2025,1022500052,1611661319,LVA,204325,Crystal Bradford,0,4,1,5
2025,1022500052,1611661319,LVA,1630389,Dana Evans,0,0,0,8
2025,1022500052,1611661319,LVA,1642295,Elizabeth Kitley,0,0,0,7
2025,1022500052,1611661319,LVA,1629498,Jackie Young,0,3,3,8
2025,1022500052,1611661319,LVA,204319,Jewell Loyd,0,1,1,8
2025,1022500052,1611661319,LVA,204329,Kiah Stokes,0,0,0,7
2025,1022500052,1611661319,LVA,1631006,Kierstan Bell,0,1,1,5
2025,1022500052,1611661319,LVA,1627676,Tiffany Mitchell,0,1,1,8
2025,1022500053,1611661329,CHI,1642291,Angel Reese,0,2,2,8
2025,1022500053,1611661329,CHI,1628878,Ariel Atkins,0,3,3,8
2025,1022500053,1611661329,CHI,202664,Courtney Vandersloot,0,0,0,5
2025,1022500053,1611661329,CHI,204322,Elizabeth Williams,0,0,1,9
2025,1022500053,1611661329,CHI,1642817,Hailey Van Lith,0,0,0,10
2025,1022500053,1611661329,CHI,1642289,Kamilla Cardoso,0,0,0,8
2025,1022500053,1611661329,CHI,1628915,Kia Nurse,0,1,2,8
2025,1022500053,1611661329,CHI,1642818,Maddy Westbeld,0,0,0,5
2025,1022500053,1611661329,CHI,1630446,Michaela Onyenwere,0,0,0,9
2025,1022500053,1611661329,CHI,1627671,Rachel Banham,0,2,2,10
2025,1022500053,1611661329,CHI,204296,Rebecca Allen,0,1,1,8
2025,1022500053,1611661325,IND,1630462,Aari McDonald,0,2,2,11
2025,1022500053,1611661325,IND,1641648,Aliyah Boston,0,4,5,9
2025,1022500053,1611661325,IND,1629488,Brianna Turner,0,1,1,5
2025,1022500053,1611661325,IND,203024,Damiris Dantas,0,1,1,10
2025,1022500053,1611661325,IND,201886,DeWanna Bonner,0,4,3,10
2025,1022500053,1611661325,IND,1628909,Kelsey Mitchell,0,2,2,10
2025,1022500053,1611661325,IND,1631086,Lexie Hull,0,2,2,10
2025,1022500053,1611661325,IND,1642815,Makayla Timpson,0,0,0,4
2025,1022500053,1611661325,IND,203827,Natasha Howard,0,1,1,11
2025,1022500053,1611661325,IND,202641,Sydney Colson,0,2,3,11
2025,1022500054,1611661317,PHX,1641650,Haley Jones,0,2,2,9
2025,1022500054,1611661317,PHX,1629480,Kalani Brown,0,0,0,10
2025,1022500054,1611661317,PHX,1628957,Kathryn Westbeld,0,2,2,8
2025,1022500054,1611661317,PHX,1629490,Kitija Laksa,0,1,1,9
2025,1022500054,1611661317,PHX,1631118,Lexi Held,0,3,3,10
2025,1022500054,1611661317,PHX,1642777,Monique Akoa Makani,0,3,2,8
2025,1022500054,1611661317,PHX,1642774,Murjanatu Musa,0,5,3,10
2025,1022500054,1611661317,PHX,1628244,Sami Whitcomb,0,1,2,9
2025,1022500054,1611661317,PHX,1630149,Satou Sabally,0,10,6,10
2025,1022500054,1611661328,SEA,202252,Alysha Clark,0,0,0,8
2025,1022500054,1611661328,SEA,1642798,Dominique Malonga,0,0,0,8
2025,1022500054,1611661328,SEA,204365,Erica Wheeler,0,0,1,9
2025,1022500054,1611661328,SEA,1629496,Ezi Magbegor,0,1,1,9
2025,1022500054,1611661328,SEA,1628931,Gabby Williams,0,7,7,9
2025,1022500054,1611661328,SEA,1628882,Lexie Brown,0,0,0,6
2025,1022500054,1611661328,SEA,1629574,Li Yueru,0,0,0,8
2025,1022500054,1611661328,SEA,203014,Nneka Ogwumike,0,6,6,9
2025,1022500054,1611661328,SEA,203400,Skylar Diggins,0,8,7,9
2025,1022500054,1611661328,SEA,1641660,Zia Cooke,0,0,0,7
2025,1022500055,1611661323,CON,1642800,Aneesah Morrow,0,1,1,11
2025,1022500055,1611661323,CON,203829,Bria Hartley,0,2,3,10
2025,1022500055,1611661323,CON,203863,Haley Peters,0,0,0,9
2025,1022500055,1611661323,CON,1642292,Jacy Sheldon,0,1,1,10
2025,1022500055,1611661323,CON,1642240,Jaelyn Brown,0,0,0,10
2025,1022500055,1611661323,CON,1642773,Kariata Diaby,0,1,1,11
2025,1022500055,1611661323,CON,1629497,Marina Mabrey,0,7,8,10
2025,1022500055,1611661323,CON,1642809,Saniya Rivers,0,2,2,10
2025,1022500055,1611661323,CON,202250,Tina Charles,0,2,1,10
2025,1022500055,1611661322,WAS,1642290,Aaliyah Edwards,0,1,1,9
2025,1022500055,1611661322,WAS,1628279,Brittney Sykes,0,6,6,9
2025,1022500055,1611661322,WAS,1631083,Emily Engstler,0,2,2,7
2025,1022500055,1611661322,WAS,1631141,Jade Melbourne,0,1,2,8
2025,1022500055,1611661322,WAS,1642792,Kiki Iriafen,0,2,2,9
2025,1022500055,1611661322,WAS,1642802,Lucy Olsen,0,3,3,7
2025,1022500055,1611661322,WAS,1631022,Shakira Austin,0,0,0,9
2025,1022500055,1611661322,WAS,1631021,Sika Kone,0,0,0,4
2025,1022500055,1611661322,WAS,1642785,Sonia Citron,0,4,4,9
2025,1022500055,1611661322,WAS,203828,Stefanie Dolson,0,0,0,9
2025,1022500055,1611661322,WAS,1630134,Sug Sutton,0,3,4,8
2025,1022500056,1611661321,DAL,1629481,Arike Ogunbowale,0,6,6,10
2025,1022500056,1611661321,DAL,1642793,Aziaha James,0,2,1,6
2025,1022500056,1611661321,DAL,1630096,DiJonai Carrington,0,1,1,9
2025,1022500056,1611661321,DAL,1642808,JJ Quinerly,0,0,2,11
2025,1022500056,1611661321,DAL,1630097,Kaila Charles,0,0,0,6
2025,1022500056,1611661321,DAL,1630143,Luisa Geiselsoder,0,2,1,9
2025,1022500056,1611661321,DAL,1641652,Maddy Siegrist,0,2,2,11
2025,1022500056,1611661321,DAL,1628899,Myisha Hines-Allen,0,1,1,6
2025,1022500056,1611661321,DAL,1631019,NaLyssa Smith,0,0,0,10
2025,1022500056,1611661324,MIN,1629501,Alanna Smith,0,6,6,9
2025,1022500056,1611661324,MIN,1642293,Alissa Pili,0,0,0,3
2025,1022500056,1611661324,MIN,1642797,Anastasiia Olairi Kosu,0,0,0,5
2025,1022500056,1611661324,MIN,1629524,Bridget Carleton,0,1,2,9
2025,1022500056,1611661324,MIN,1627675,Courtney Williams,0,7,8,9
2025,1022500056,1611661324,MIN,1641649,Diamond Miller,0,0,0,6
2025,1022500056,1611661324,MIN,1629491,Jessica Shepard,0,1,1,7
2025,1022500056,1611661324,MIN,1628317,Karlie Samuelson,0,0,0,6
2025,1022500056,1611661324,MIN,203825,Kayla McBride,0,2,3,9
2025,1022500056,1611661324,MIN,1628926,Maria Kliundikova,0,0,0,6
2025,1022500056,1611661324,MIN,1629483,Napheesa Collier,0,5,4,9
2025,1022500056,1611661324,MIN,1629567,Natisha Hiedeman,0,1,1,9
2025,1022500057,1611661331,GSV,1642304,Carla Leite,0,4,3,9
2025,1022500057,1611661331,GSV,1642767,Janelle Salaun,0,1,1,9
2025,1022500057,1611661331,GSV,1642210,Julie Vanloo,0,9,8,9
2025,1022500057,1611661331,GSV,1642324,Kate Martin,0,0,0,9
2025,1022500057,1611661331,GSV,203866,Kayla Thornton,0,1,1,7
2025,1022500057,1611661331,GSV,1628881,Monique Billings,0,0,0,9
2025,1022500057,1611661331,GSV,1627701,Temi Fagbenle,0,1,1,7
2025,1022500057,1611661331,GSV,1631007,Veronica Burton,0,7,6,8
2025,1022500057,1611661320,LAS,1628922,Azura Stevens,0,2,4,8
2025,1022500057,1611661320,LAS,204324,Dearica Hamby,0,5,5,8
2025,1022500057,1611661320,LAS,1628242,Emma Cannon,0,0,0,7
2025,1022500057,1611661320,LAS,1627700,Julie Allemand,0,1,3,8
2025,1022500057,1611661320,LAS,1628276,Kelsey Plum,0,7,7,8
2025,1022500057,1611661320,LAS,1628920,Mercedes Russell,0,0,0,6
2025,1022500057,1611661320,LAS,203824,Odyssey Sims,0,1,2,8
2025,1022500057,1611661320,LAS,1642288,Rickea Jackson,0,1,1,8
2025,1022500057,1611661320,LAS,1642782,Sarah Ashlee Barker,0,0,1,6
2025,1022500058,1611661330,ATL,1628277,Allisha Gray,0,4,4,8
2025,1022500058,1611661330,ATL,1628280,Brionna Jones,0,0,0,8
2025,1022500058,1611661330,ATL,203398,Brittney Griner,0,0,0,8
2025,1022500058,1611661330,ATL,1628886,Jordin Canada,0,6,5,8
2025,1022500058,1611661330,ATL,1630471,Maya Caldwell,0,0,0,5
2025,1022500058,1611661330,ATL,1631044,Naz Hillmon,0,5,5,8
2025,1022500058,1611661330,ATL,1628269,Nia Coffey,0,1,1,10
2025,1022500058,1611661330,ATL,1631009,Rhyne Howard,0,4,5,8
2025,1022500058,1611661330,ATL,1628278,Shatori Walker-Kimbrough,0,0,0,7
2025,1022500058,1611661330,ATL,1642814,Taylor Thierry,0,0,0,3
2025,1022500058,1611661330,ATL,1642804,Te-Hina Paopao,0,1,1,6
2025,1022500058,1611661325,IND,1630462,Aari McDonald,0,1,2,9
2025,1022500058,1611661325,IND,1641648,Aliyah Boston,0,5,5,8
2025,1022500058,1611661325,IND,1629488,Brianna Turner,0,0,0,3
2025,1022500058,1611661325,IND,203024,Damiris Dantas,0,1,1,8
2025,1022500058,1611661325,IND,201886,DeWanna Bonner,0,2,2,8
2025,1022500058,1611661325,IND,1628909,Kelsey Mitchell,0,1,1,8
2025,1022500058,1611661325,IND,1631086,Lexie Hull,0,1,1,10
2025,1022500058,1611661325,IND,1642815,Makayla Timpson,0,0,0,3
2025,1022500058,1611661325,IND,203827,Natasha Howard,0,0,0,9
2025,1022500058,1611661325,IND,202641,Sydney Colson,0,1,1,11
2025,1022500059,1611661329,CHI,1642291,Angel Reese,0,3,3,10
2025,1022500059,1611661329,CHI,1628878,Ariel Atkins,0,0,0,10
2025,1022500059,1611661329,CHI,204322,Elizabeth Williams,0,3,4,11
2025,1022500059,1611661329,CHI,1642817,Hailey Van Lith,0,4,2,11
2025,1022500059,1611661329,CHI,1642289,Kamilla Cardoso,0,2,2,10
2025,1022500059,1611661329,CHI,1628915,Kia Nurse,0,0,0,10
2025,1022500059,1611661329,CHI,1642818,Maddy Westbeld,0,0,0,7
2025,1022500059,1611661329,CHI,1630446,Michaela Onyenwere,0,1,1,7
2025,1022500059,1611661329,CHI,1627671,Rachel Banham,0,4,5,11
2025,1022500059,1611661329,CHI,204296,Rebecca Allen,0,0,1,8
2025,1022500059,1611661313,NYL,1627668,Breanna Stewart,0,4,5,9
2025,1022500059,1611661313,NYL,204330,Isabelle Harrison,0,1,1,10
2025,1022500059,1611661313,NYL,1642320,Jaylyn Sherrod,0,2,2,9
2025,1022500059,1611661313,NYL,1629568,Kennedy Burke,0,2,2,10
2025,1022500059,1611661313,NYL,1630142,Leonie Fiebich,0,0,0,10
2025,1022500059,1611661313,NYL,1629546,Marine Johannes,0,1,1,9
2025,1022500059,1611661313,NYL,1642301,Marquesha Davis,0,0,0,3
2025,1022500059,1611661313,NYL,204333,Natasha Cloud,0,4,3,8
2025,1022500059,1611661313,NYL,1631055,Nyara Sabally,0,1,1,8
2025,1022500059,1611661313,NYL,203822,Rebekah Gardner,0,1,1,10
2025,1022500059,1611661313,NYL,1629477,Sabrina Ionescu,0,9,7,9
2025,1022500060,1611661320,LAS,1628922,Azura Stevens,0,0,1,9
2025,1022500060,1611661320,LAS,204324,Dearica Hamby,0,6,7,9
2025,1022500060,1611661320,LAS,1628242,Emma Cannon,0,1,1,8
2025,1022500060,1611661320,LAS,1628276,Kelsey Plum,0,9,9,8
2025,1022500060,1611661320,LAS,1642820,Liatu King,0,0,0,9
2025,1022500060,1611661320,LAS,1628920,Mercedes Russell,0,1,1,8
2025,1022500060,1611661320,LAS,203824,Odyssey Sims,0,4,4,7
2025,1022500060,1611661320,LAS,1642288,Rickea Jackson,0,0,1,8
2025,1022500060,1611661320,LAS,1642782,Sarah Ashlee Barker,0,0,0,9
2025,1022500060,1611661319,LVA,1628932,A'ja Wilson,0,6,5,8
2025,1022500060,1611661319,LVA,1642801,Aaliyah Nye,0,0,0,7
2025,1022500060,1611661319,LVA,203833,Chelsea Gray,0,1,1,9
2025,1022500060,1611661319,LVA,1630389,Dana Evans,0,0,0,6
2025,1022500060,1611661319,LVA,1642295,Elizabeth Kitley,0,0,0,4
2025,1022500060,1611661319,LVA,1629498,Jackie Young,0,5,4,9
2025,1022500060,1611661319,LVA,204319,Jewell Loyd,0,1,1,9
2025,1022500060,1611661319,LVA,204329,Kiah Stokes,0,2,1,9
2025,1022500060,1611661319,LVA,1627676,Tiffany Mitchell,0,0,0,7
2025,1022500061,1611661321,DAL,1629481,Arike Ogunbowale,0,4,4,9
2025,1022500061,1611661321,DAL,1642793,Aziaha James,0,0,0,2
2025,1022500061,1611661321,DAL,1630096,DiJonai Carrington,0,4,4,9
2025,1022500061,1611661321,DAL,1642808,JJ Quinerly,0,0,1,5
2025,1022500061,1611661321,DAL,1630097,Kaila Charles,0,0,0,8
2025,1022500061,1611661321,DAL,1630143,Luisa Geiselsoder,0,0,0,9
2025,1022500061,1611661321,DAL,1641652,Maddy Siegrist,0,0,0,9
2025,1022500061,1611661321,DAL,1628899,Myisha Hines-Allen,0,3,3,9
2025,1022500061,1611661321,DAL,1631019,NaLyssa Smith,0,0,0,9
2025,1022500061,1611661321,DAL,1642784,Paige Bueckers,0,3,4,9
2025,1022500061,1611661317,PHX,203826,Alyssa Thomas,0,11,10,7
2025,1022500061,1611661317,PHX,1628957,Kathryn Westbeld,0,2,2,10
2025,1022500061,1611661317,PHX,1629490,Kitija Laksa,0,0,1,9
2025,1022500061,1611661317,PHX,1631118,Lexi Held,0,1,1,9
2025,1022500061,1611661317,PHX,1642777,Monique Akoa Makani,0,2,3,9
2025,1022500061,1611661317,PHX,1642774,Murjanatu Musa,0,0,0,9
2025,1022500061,1611661317,PHX,1630442,Natasha Mack,0,1,1,8
2025,1022500061,1611661317,PHX,1628244,Sami Whitcomb,0,3,3,8
2025,1022500061,1611661317,PHX,1630149,Satou Sabally,0,2,2,10
2025,1022500062,1611661324,MIN,1629501,Alanna Smith,0,1,1,9
2025,1022500062,1611661324,MIN,1642293,Alissa Pili,0,0,0,8
2025,1022500062,1611661324,MIN,1629524,Bridget Carleton,0,0,1,8
2025,1022500062,1611661324,MIN,1627675,Courtney Williams,0,4,6,7
2025,1022500062,1611661324,MIN,1628317,Karlie Samuelson,0,1,1,7
2025,1022500062,1611661324,MIN,203825,Kayla McBride,0,6,6,9
2025,1022500062,1611661324,MIN,1629483,Napheesa Collier,0,5,5,9
2025,1022500062,1611661324,MIN,1629567,Natisha Hiedeman,0,5,5,8
2025,1022500062,1611661328,SEA,202252,Alysha Clark,0,1,1,8
2025,1022500062,1611661328,SEA,1642798,Dominique Malonga,0,3,2,7
2025,1022500062,1611661328,SEA,204365,Erica Wheeler,0,9,9,8
2025,1022500062,1611661328,SEA,1629496,Ezi Magbegor,0,1,1,8
2025,1022500062,1611661328,SEA,1628931,Gabby Williams,0,6,7,8
2025,1022500062,1611661328,SEA,1628882,Lexie Brown,0,0,0,4
2025,1022500062,1611661328,SEA,203014,Nneka Ogwumike,0,4,4,7
2025,1022500062,1611661328,SEA,203400,Skylar Diggins,0,5,6,7
2025,1022500062,1611661328,SEA,1641660,Zia Cooke,0,0,0,4
2025,1022500063,1611661330,ATL,1628277,Allisha Gray,0,5,5,8
2025,1022500063,1611661330,ATL,1628280,Brionna Jones,0,0,0,10
2025,1022500063,1611661330,ATL,203398,Brittney Griner,0,0,0,8
2025,1022500063,1611661330,ATL,1628886,Jordin Canada,0,7,8,8
2025,1022500063,1611661330,ATL,1630471,Maya Caldwell,0,2,2,9
2025,1022500063,1611661330,ATL,1631044,Naz Hillmon,0,1,1,8
2025,1022500063,1611661330,ATL,1628269,Nia Coffey,0,2,1,10
2025,1022500063,1611661330,ATL,1631009,Rhyne Howard,0,4,4,10
2025,1022500063,1611661330,ATL,1628278,Shatori Walker-Kimbrough,0,0,0,2
2025,1022500063,1611661330,ATL,1642814,Taylor Thierry,0,0,0,2
2025,1022500063,1611661330,ATL,1642804,Te-Hina Paopao,0,0,0,5
2025,1022500063,1611661329,CHI,1642291,Angel Reese,0,4,3,8
2025,1022500063,1611661329,CHI,1628878,Ariel Atkins,0,6,5,9
2025,1022500063,1611661329,CHI,204322,Elizabeth Williams,0,0,0,10
2025,1022500063,1611661329,CHI,1642817,Hailey Van Lith,0,1,1,6
2025,1022500063,1611661329,CHI,1642289,Kamilla Cardoso,0,3,3,8
2025,1022500063,1611661329,CHI,1628915,Kia Nurse,0,1,1,9
2025,1022500063,1611661329,CHI,1642818,Maddy Westbeld,0,0,0,8
2025,1022500063,1611661329,CHI,1630446,Michaela Onyenwere,0,0,0,8
2025,1022500063,1611661329,CHI,1627671,Rachel Banham,0,3,3,10
2025,1022500063,1611661329,CHI,204296,Rebecca Allen,0,4,4,9
2025,1022500064,1611661321,DAL,1629481,Arike Ogunbowale,0,8,8,9
2025,1022500064,1611661321,DAL,1642793,Aziaha James,0,3,2,9
2025,1022500064,1611661321,DAL,1630096,DiJonai Carrington,0,4,3,9
2025,1022500064,1611661321,DAL,1642808,JJ Quinerly,0,1,1,6
2025,1022500064,1611661321,DAL,1630143,Luisa Geiselsoder,0,3,2,9
2025,1022500064,1611661321,DAL,1628899,Myisha Hines-Allen,0,2,2,8
2025,1022500064,1611661321,DAL,1631019,NaLyssa Smith,0,1,1,8
2025,1022500064,1611661321,DAL,1642784,Paige Bueckers,0,4,5,9
2025,1022500064,1611661319,LVA,1642801,Aaliyah Nye,0,0,0,7
2025,1022500064,1611661319,LVA,203833,Chelsea Gray,0,4,5,6
2025,1022500064,1611661319,LVA,1630389,Dana Evans,0,3,2,8
2025,1022500064,1611661319,LVA,1642295,Elizabeth Kitley,0,1,1,8
2025,1022500064,1611661319,LVA,1629498,Jackie Young,0,3,3,8
2025,1022500064,1611661319,LVA,204319,Jewell Loyd,0,2,2,8
2025,1022500064,1611661319,LVA,204329,Kiah Stokes,0,2,2,7
2025,1022500064,1611661319,LVA,1631006,Kierstan Bell,0,0,0,8
2025,1022500064,1611661319,LVA,1627676,Tiffany Mitchell,0,0,0,7
2025,1022500065,1611661320,LAS,1628922,Azura Stevens,0,2,1,9
2025,1022500065,1611661320,LAS,204324,Dearica Hamby,0,4,2,10
2025,1022500065,1611661320,LAS,1628242,Emma Cannon,0,0,0,10
2025,1022500065,1611661320,LAS,1628276,Kelsey Plum,0,2,4,9
2025,1022500065,1611661320,LAS,1642820,Liatu King,0,0,0,11
2025,1022500065,1611661320,LAS,1628920,Mercedes Russell,0,1,1,6
2025,1022500065,1611661320,LAS,1642288,Rickea Jackson,0,2,2,10
2025,1022500065,1611661320,LAS,1642790,Sania Feagin,0,0,0,5
2025,1022500065,1611661320,LAS,1642782,Sarah Ashlee Barker,0,2,2,11
2025,1022500065,1611661320,LAS,203035,Shey Peddy,0,1,2,6
2025,1022500065,1611661324,MIN,1629501,Alanna Smith,0,2,2,9
2025,1022500065,1611661324,MIN,1642293,Alissa Pili,0,0,0,9
2025,1022500065,1611661324,MIN,1642797,Anastasiia Olairi Kosu,0,1,1,6
2025,1022500065,1611661324,MIN,1629524,Bridget Carleton,0,4,4,9
2025,1022500065,1611661324,MIN,1627675,Courtney Williams,0,2,2,10
2025,1022500065,1611661324,MIN,1641649,Diamond Miller,0,1,2,8
2025,1022500065,1611661324,MIN,1628317,Karlie Samuelson,0,4,4,7
2025,1022500065,1611661324,MIN,203825,Kayla McBride,0,2,3,9
2025,1022500065,1611661324,MIN,1628926,Maria Kliundikova,0,1,1,9
2025,1022500065,1611661324,MIN,1629483,Napheesa Collier,0,6,6,9
2025,1022500065,1611661324,MIN,1629567,Natisha Hiedeman,0,5,5,10
2025,1022500066,1611661325,IND,1641648,Aliyah Boston,0,9,6,8
2025,1022500066,1611661325,IND,1629488,Brianna Turner,0,0,0,2
2025,1022500066,1611661325,IND,1642286,Caitlin Clark,0,9,9,8
2025,1022500066,1611661325,IND,203024,Damiris Dantas,0,1,1,8
2025,1022500066,1611661325,IND,1628909,Kelsey Mitchell,0,1,1,8
2025,1022500066,1611661325,IND,1631086,Lexie Hull,0,2,2,7
2025,1022500066,1611661325,IND,1642815,Makayla Timpson,0,0,0,3
2025,1022500066,1611661325,IND,203827,Natasha Howard,0,0,0,8
2025,1022500066,1611661325,IND,1629482,Sophie Cunningham,0,0,0,8
2025,1022500066,1611661325,IND,202641,Sydney Colson,0,4,6,9
2025,1022500066,1611661313,NYL,1627668,Breanna Stewart,0,1,2,8
2025,1022500066,1611661313,NYL,204330,Isabelle Harrison,0,1,1,9
2025,1022500066,1611661313,NYL,1642320,Jaylyn Sherrod,0,0,0,1
2025,1022500066,1611661313,NYL,1629568,Kennedy Burke,0,3,3,9
2025,1022500066,1611661313,NYL,1629546,Marine Johannes,0,0,0,8
2025,1022500066,1611661313,NYL,204333,Natasha Cloud,0,3,5,9
2025,1022500066,1611661313,NYL,1631055,Nyara Sabally,0,0,1,8
2025,1022500066,1611661313,NYL,203822,Rebekah Gardner,0,1,1,8
2025,1022500066,1611661313,NYL,1629477,Sabrina Ionescu,0,4,4,8
2025,1022500067,1611661331,GSV,1627672,Aerial Powers,0,0,0,3
2025,1022500067,1611661331,GSV,1642304,Carla Leite,0,4,3,9
2025,1022500067,1611661331,GSV,1642324,Kate Martin,0,1,1,8
2025,1022500067,1611661331,GSV,203866,Kayla Thornton,0,0,1,7
2025,1022500067,1611661331,GSV,1641656,Laeticia Amihere,0,0,0,7
2025,1022500067,1611661331,GSV,1628881,Monique Billings,0,0,0,9
2025,1022500067,1611661331,GSV,203855,Stephanie Talbot,0,6,5,7
2025,1022500067,1611661331,GSV,1627701,Temi Fagbenle,0,2,2,8
2025,1022500067,1611661331,GSV,1631007,Veronica Burton,0,6,9,9
2025,1022500067,1611661328,SEA,202252,Alysha Clark,0,1,1,9
2025,1022500067,1611661328,SEA,1642798,Dominique Malonga,0,1,1,9
2025,1022500067,1611661328,SEA,204365,Erica Wheeler,0,4,5,9
2025,1022500067,1611661328,SEA,1629496,Ezi Magbegor,0,3,2,8
2025,1022500067,1611661328,SEA,1628931,Gabby Williams,0,5,4,8
2025,1022500067,1611661328,SEA,1628882,Lexie Brown,0,0,0,9
2025,1022500067,1611661328,SEA,203014,Nneka Ogwumike,0,2,2,8
2025,1022500067,1611661328,SEA,203400,Skylar Diggins,0,3,3,8
2025,1022500067,1611661328,SEA,1641660,Zia Cooke,0,1,1,7
2025,1022500068,1611661329,CHI,1642291,Angel Reese,0,12,11,8
2025,1022500068,1611661329,CHI,1628878,Ariel Atkins,0,3,4,8
2025,1022500068,1611661329,CHI,204322,Elizabeth Williams,0,2,2,8
2025,1022500068,1611661329,CHI,1642817,Hailey Van Lith,0,1,1,8
2025,1022500068,1611661329,CHI,1642289,Kamilla Cardoso,0,1,1,7
2025,1022500068,1611661329,CHI,1628915,Kia Nurse,0,0,0,7
2025,1022500068,1611661329,CHI,1630446,Michaela Onyenwere,0,0,0,8
2025,1022500068,1611661329,CHI,1627671,Rachel Banham,0,0,0,8
2025,1022500068,1611661329,CHI,204296,Rebecca Allen,0,1,1,8
2025,1022500068,1611661323,CON,203829,Bria Hartley,0,5,5,9
2025,1022500068,1611661323,CON,1642292,Jacy Sheldon,0,2,2,9
2025,1022500068,1611661323,CON,1642240,Jaelyn Brown,0,0,0,7
2025,1022500068,1611661323,CON,1642773,Kariata Diaby,0,3,2,9
2025,1022500068,1611661323,CON,1628263,Lindsay Allen,0,1,1,8
2025,1022500068,1611661323,CON,1629497,Marina Mabrey,0,6,4,9
2025,1022500068,1611661323,CON,1631135,Olivia Nelson-Ododa,0,0,0,9
2025,1022500068,1611661323,CON,202250,Tina Charles,0,1,1,9
2025,1022500069,1611661330,ATL,1628277,Allisha Gray,0,4,4,9
2025,1022500069,1611661330,ATL,1628280,Brionna Jones,0,2,2,10
2025,1022500069,1611661330,ATL,203398,Brittney Griner,0,1,1,10
2025,1022500069,1611661330,ATL,1628886,Jordin Canada,0,1,2,9
2025,1022500069,1611661330,ATL,1630471,Maya Caldwell,0,1,1,9
2025,1022500069,1611661330,ATL,1631044,Naz Hillmon,0,5,5,11
2025,1022500069,1611661330,ATL,1628269,Nia Coffey,0,0,0,10
2025,1022500069,1611661330,ATL,1631009,Rhyne Howard,0,4,2,10
2025,1022500069,1611661330,ATL,1628278,Shatori Walker-Kimbrough,0,2,2,6
2025,1022500069,1611661330,ATL,1642814,Taylor Thierry,0,0,0,5
2025,1022500069,1611661330,ATL,1642804,Te-Hina Paopao,0,5,5,11
2025,1022500069,1611661322,WAS,1642290,Aaliyah Edwards,0,0,0,8
2025,1022500069,1611661322,WAS,1628279,Brittney Sykes,0,3,3,9
2025,1022500069,1611661322,WAS,1631083,Emily Engstler,0,3,2,10
2025,1022500069,1611661322,WAS,1631141,Jade Melbourne,0,1,1,9
2025,1022500069,1611661322,WAS,1642792,Kiki Iriafen,0,2,2,7
2025,1022500069,1611661322,WAS,1642802,Lucy Olsen,0,0,0,7
2025,1022500069,1611661322,WAS,1631022,Shakira Austin,0,0,0,10
2025,1022500069,1611661322,WAS,1631021,Sika Kone,0,0,0,5
2025,1022500069,1611661322,WAS,1642785,Sonia Citron,0,0,0,9
2025,1022500069,1611661322,WAS,203828,Stefanie Dolson,0,0,0,9
2025,1022500069,1611661322,WAS,1630134,Sug Sutton,0,4,4,8
2025,1022500070,1611661319,LVA,1642801,Aaliyah Nye,0,2,2,9
2025,1022500070,1611661319,LVA,203833,Chelsea Gray,0,5,4,10
2025,1022500070,1611661319,LVA,1630389,Dana Evans,0,0,0,8
2025,1022500070,1611661319,LVA,1642295,Elizabeth Kitley,0,0,0,9
2025,1022500070,1611661319,LVA,1629498,Jackie Young,0,8,5,9
2025,1022500070,1611661319,LVA,204319,Jewell Loyd,0,4,2,9
2025,1022500070,1611661319,LVA,1630115,Joyner Holmes,0,0,0,5
2025,1022500070,1611661319,LVA,204329,Kiah Stokes,0,1,1,10
2025,1022500070,1611661319,LVA,1631006,Kierstan Bell,0,0,0,9
2025,1022500070,1611661319,LVA,1627676,Tiffany Mitchell,0,0,0,10
2025,1022500070,1611661317,PHX,203826,Alyssa Thomas,0,14,13,9
2025,1022500070,1611661317,PHX,1627674,Kahleah Copper,0,1,1,8
2025,1022500070,1611661317,PHX,1628957,Kathryn Westbeld,0,0,0,9
2025,1022500070,1611661317,PHX,1629490,Kitija Laksa,0,2,2,9
2025,1022500070,1611661317,PHX,1631118,Lexi Held,0,2,2,9
2025,1022500070,1611661317,PHX,1642777,Monique Akoa Makani,0,1,1,7
2025,1022500070,1611661317,PHX,1642774,Murjanatu Musa,0,0,0,5
2025,1022500070,1611661317,PHX,1630442,Natasha Mack,0,0,0,10
2025,1022500070,1611661317,PHX,1628244,Sami Whitcomb,0,0,0,9
2025,1022500070,1611661317,PHX,1630149,Satou Sabally,0,3,3,10
2025,1022500071,1611661323,CON,1642800,Aneesah Morrow,0,0,0,4
2025,1022500071,1611661323,CON,203829,Bria Hartley,0,1,1,7
2025,1022500071,1611661323,CON,203863,Haley Peters,0,1,1,10
2025,1022500071,1611661323,CON,1642292,Jacy Sheldon,0,2,3,9
2025,1022500071,1611661323,CON,1642240,Jaelyn Brown,0,0,0,8
2025,1022500071,1611661323,CON,1642773,Kariata Diaby,0,0,0,7
2025,1022500071,1611661323,CON,1628263,Lindsay Allen,0,1,1,7
2025,1022500071,1611661323,CON,1629497,Marina Mabrey,0,2,1,8
2025,1022500071,1611661323,CON,1631135,Olivia Nelson-Ododa,0,0,0,9
2025,1022500071,1611661323,CON,1642796,Rayah Marshall,0,0,0,4
2025,1022500071,1611661323,CON,1642809,Saniya Rivers,0,5,5,10
2025,1022500071,1611661323,CON,202250,Tina Charles,0,3,3,8
2025,1022500071,1611661325,IND,1641648,Aliyah Boston,0,3,5,11
2025,1022500071,1611661325,IND,1629488,Brianna Turner,0,0,0,4
2025,1022500071,1611661325,IND,1642286,Caitlin Clark,0,4,6,10
2025,1022500071,1611661325,IND,203024,Damiris Dantas,0,2,2,10
2025,1022500071,1611661325,IND,1628909,Kelsey Mitchell,0,2,2,11
2025,1022500071,1611661325,IND,1631086,Lexie Hull,0,2,2,12
2025,1022500071,1611661325,IND,1642815,Makayla Timpson,0,0,0,5
2025,1022500071,1611661325,IND,203827,Natasha Howard,0,0,0,11
2025,1022500071,1611661325,IND,1629482,Sophie Cunningham,0,1,1,10
2025,1022500071,1611661325,IND,202641,Sydney Colson,0,0,1,8
2025,1022500072,1611661330,ATL,1628277,Allisha Gray,0,5,5,10
2025,1022500072,1611661330,ATL,1628280,Brionna Jones,0,3,3,9
2025,1022500072,1611661330,ATL,203398,Brittney Griner,0,0,0,10
2025,1022500072,1611661330,ATL,1628886,Jordin Canada,0,4,3,8
2025,1022500072,1611661330,ATL,1630471,Maya Caldwell,0,0,0,3
2025,1022500072,1611661330,ATL,1631044,Naz Hillmon,0,1,1,10
2025,1022500072,1611661330,ATL,1628269,Nia Coffey,0,1,1,7
2025,1022500072,1611661330,ATL,1631009,Rhyne Howard,0,9,9,10
2025,1022500072,1611661330,ATL,1628278,Shatori Walker-Kimbrough,0,0,0,2
2025,1022500072,1611661330,ATL,1642804,Te-Hina Paopao,0,1,1,10
2025,1022500072,1611661313,NYL,1627668,Breanna Stewart,0,4,4,8
2025,1022500072,1611661313,NYL,204330,Isabelle Harrison,0,0,0,2
2025,1022500072,1611661313,NYL,1642320,Jaylyn Sherrod,0,0,0,6
2025,1022500072,1611661313,NYL,1627673,Jonquel Jones,0,2,2,8
2025,1022500072,1611661313,NYL,1629568,Kennedy Burke,0,0,0,7
2025,1022500072,1611661313,NYL,1629546,Marine Johannes,0,2,2,9
2025,1022500072,1611661313,NYL,204333,Natasha Cloud,0,4,5,8
2025,1022500072,1611661313,NYL,1631055,Nyara Sabally,0,1,1,8
2025,1022500072,1611661313,NYL,203822,Rebekah Gardner,0,0,0,5
2025,1022500072,1611661313,NYL,1629477,Sabrina Ionescu,0,4,5,9
2025,1022500073,1611661329,CHI,1642291,Angel Reese,0,5,5,9
2025,1022500073,1611661329,CHI,1628878,Ariel Atkins,0,6,7,8
2025,1022500073,1611661329,CHI,204322,Elizabeth Williams,0,1,1,9
2025,1022500073,1611661329,CHI,1642817,Hailey Van Lith,0,0,1,9
2025,1022500073,1611661329,CHI,1642289,Kamilla Cardoso,0,1,1,9
2025,1022500073,1611661329,CHI,1628915,Kia Nurse,0,1,1,6
2025,1022500073,1611661329,CHI,1630446,Michaela Onyenwere,0,0,0,8
2025,1022500073,1611661329,CHI,1627671,Rachel Banham,0,1,1,7
2025,1022500073,1611661329,CHI,204296,Rebecca Allen,0,3,4,9
2025,1022500073,1611661322,WAS,1642290,Aaliyah Edwards,0,1,1,8
2025,1022500073,1611661322,WAS,1628279,Brittney Sykes,0,4,5,9
2025,1022500073,1611661322,WAS,1631141,Jade Melbourne,0,2,2,9
2025,1022500073,1611661322,WAS,1642792,Kiki Iriafen,0,1,1,9
2025,1022500073,1611661322,WAS,1642802,Lucy Olsen,0,0,0,3
2025,1022500073,1611661322,WAS,1631022,Shakira Austin,0,2,2,9
2025,1022500073,1611661322,WAS,1642785,Sonia Citron,0,3,3,9
2025,1022500073,1611661322,WAS,203828,Stefanie Dolson,0,1,1,8
2025,1022500073,1611661322,WAS,1630134,Sug Sutton,0,6,6,8
2025,1022500074,1611661321,DAL,1629481,Arike Ogunbowale,0,3,6,8
2025,1022500074,1611661321,DAL,1642793,Aziaha James,0,1,2,8
2025,1022500074,1611661321,DAL,1630096,DiJonai Carrington,0,4,4,8
2025,1022500074,1611661321,DAL,1642808,JJ Quinerly,0,0,0,6
2025,1022500074,1611661321,DAL,1630097,Kaila Charles,0,4,4,8
2025,1022500074,1611661321,DAL,1629574,Li Yueru,0,1,2,8
2025,1022500074,1611661321,DAL,1628899,Myisha Hines-Allen,0,2,2,8
2025,1022500074,1611661321,DAL,1631019,NaLyssa Smith,0,2,1,8
2025,1022500074,1611661321,DAL,1642784,Paige Bueckers,0,2,2,8
2025,1022500074,1611661331,GSV,1642304,Carla Leite,0,4,4,9
2025,1022500074,1611661331,GSV,1642324,Kate Martin,0,2,1,7
2025,1022500074,1611661331,GSV,203866,Kayla Thornton,0,0,0,8
2025,1022500074,1611661331,GSV,1641656,Laeticia Amihere,0,1,2,8
2025,1022500074,1611661331,GSV,1628881,Monique Billings,0,0,0,9
2025,1022500074,1611661331,GSV,203855,Stephanie Talbot,0,4,4,8
2025,1022500074,1611661331,GSV,203026,Tiffany Hayes,0,1,1,9
2025,1022500074,1611661331,GSV,1631007,Veronica Burton,0,5,5,8
2025,1022500075,1611661319,LVA,1642801,Aaliyah Nye,0,0,0,10
2025,1022500075,1611661319,LVA,203833,Chelsea Gray,0,5,6,7
2025,1022500075,1611661319,LVA,1630389,Dana Evans,0,2,2,7
2025,1022500075,1611661319,LVA,1642295,Elizabeth Kitley,0,0,0,4
2025,1022500075,1611661319,LVA,1629498,Jackie Young,0,7,6,9
2025,1022500075,1611661319,LVA,204319,Jewell Loyd,0,3,3,8
2025,1022500075,1611661319,LVA,1630115,Joyner Holmes,0,0,0,8
2025,1022500075,1611661319,LVA,204329,Kiah Stokes,0,1,1,9
2025,1022500075,1611661319,LVA,1631006,Kierstan Bell,0,0,0,6
2025,1022500075,1611661319,LVA,1627676,Tiffany Mitchell,0,0,0,9
2025,1022500075,1611661324,MIN,1629501,Alanna Smith,0,5,3,10
2025,1022500075,1611661324,MIN,1642293,Alissa Pili,0,0,0,3
2025,1022500075,1611661324,MIN,1629524,Bridget Carleton,0,3,4,10
2025,1022500075,1611661324,MIN,1627675,Courtney Williams,0,6,5,10
2025,1022500075,1611661324,MIN,1641649,Diamond Miller,0,0,1,8
2025,1022500075,1611661324,MIN,1628317,Karlie Samuelson,0,0,0,6
2025,1022500075,1611661324,MIN,203825,Kayla McBride,0,1,2,8
2025,1022500075,1611661324,MIN,1628926,Maria Kliundikova,0,1,1,3
2025,1022500075,1611661324,MIN,1629483,Napheesa Collier,0,1,1,9
2025,1022500075,1611661324,MIN,1629567,Natisha Hiedeman,0,4,3,10
2025,1022500076,1611661320,LAS,1628922,Azura Stevens,0,1,1,10
2025,1022500076,1611661320,LAS,204324,Dearica Hamby,0,3,3,10
2025,1022500076,1611661320,LAS,1628242,Emma Cannon,0,1,1,10
2025,1022500076,1611661320,LAS,1641658,Grace Berger,0,1,1,7
2025,1022500076,1611661320,LAS,1642820,Liatu King,0,1,1,7
2025,1022500076,1611661320,LAS,1628920,Mercedes Russell,0,0,0,8
2025,1022500076,1611661320,LAS,1642288,Rickea Jackson,0,3,2,9
2025,1022500076,1611661320,LAS,1642790,Sania Feagin,0,1,1,8
2025,1022500076,1611661320,LAS,1642782,Sarah Ashlee Barker,0,1,1,10
2025,1022500076,1611661320,LAS,203035,Shey Peddy,0,3,3,9
2025,1022500076,1611661328,SEA,202252,Alysha Clark,0,2,2,8
2025,1022500076,1611661328,SEA,1642798,Dominique Malonga,0,2,1,10
2025,1022500076,1611661328,SEA,204365,Erica Wheeler,0,2,2,10
2025,1022500076,1611661328,SEA,1629496,Ezi Magbegor,0,8,5,9
2025,1022500076,1611661328,SEA,1628931,Gabby Williams,0,7,7,9
2025,1022500076,1611661328,SEA,1628882,Lexie Brown,0,1,1,10
2025,1022500076,1611661328,SEA,1642307,Mackenzie Holmes,0,0,0,6
2025,1022500076,1611661328,SEA,203014,Nneka Ogwumike,0,2,2,10
2025,1022500076,1611661328,SEA,203400,Skylar Diggins,0,8,7,9
2025,1022500076,1611661328,SEA,1641660,Zia Cooke,0,2,2,9
2025,1022500077,1611661323,CON,1642800,Aneesah Morrow,0,0,1,10
2025,1022500077,1611661323,CON,203829,Bria Hartley,0,3,2,9
2025,1022500077,1611661323,CON,203863,Haley Peters,0,2,2,8
2025,1022500077,1611661323,CON,1642292,Jacy Sheldon,0,1,1,10
2025,1022500077,1611661323,CON,1642240,Jaelyn Brown,0,0,0,8
2025,1022500077,1611661323,CON,1642773,Kariata Diaby,0,0,0,9
2025,1022500077,1611661323,CON,1628263,Lindsay Allen,0,2,2,5
2025,1022500077,1611661323,CON,1629497,Marina Mabrey,0,5,7,10
2025,1022500077,1611661323,CON,1631135,Olivia Nelson-Ododa,0,1,1,10
2025,1022500077,1611661323,CON,1642809,Saniya Rivers,0,3,3,9
2025,1022500077,1611661323,CON,202250,Tina Charles,0,1,1,10
2025,1022500077,1611661317,PHX,203826,Alyssa Thomas,0,12,11,10
2025,1022500077,1611661317,PHX,1627674,Kahleah Copper,0,2,2,8
2025,1022500077,1611661317,PHX,1629480,Kalani Brown,0,2,2,6
2025,1022500077,1611661317,PHX,1628957,Kathryn Westbeld,0,1,2,10
2025,1022500077,1611661317,PHX,1629490,Kitija Laksa,0,0,0,10
2025,1022500077,1611661317,PHX,1631118,Lexi Held,0,0,0,10
2025,1022500077,1611661317,PHX,1642777,Monique Akoa Makani,0,0,0,9
2025,1022500077,1611661317,PHX,1642774,Murjanatu Musa,0,0,0,9
2025,1022500077,1611661317,PHX,1630442,Natasha Mack,0,0,0,10
2025,1022500077,1611661317,PHX,1630149,Satou Sabally,0,1,1,10
2025,1022500078,1611661313,NYL,1627668,Breanna Stewart,0,2,2,10
2025,1022500078,1611661313,NYL,204330,Isabelle Harrison,0,0,0,5
2025,1022500078,1611661313,NYL,1642320,Jaylyn Sherrod,0,0,0,4
2025,1022500078,1611661313,NYL,1627673,Jonquel Jones,0,0,0,10
2025,1022500078,1611661313,NYL,1629568,Kennedy Burke,0,1,1,10
2025,1022500078,1611661313,NYL,1629546,Marine Johannes,0,0,0,9
2025,1022500078,1611661313,NYL,204333,Natasha Cloud,0,8,10,10
2025,1022500078,1611661313,NYL,1631055,Nyara Sabally,0,0,0,10
2025,1022500078,1611661313,NYL,203822,Rebekah Gardner,0,0,0,8
2025,1022500078,1611661313,NYL,1629477,Sabrina Ionescu,0,6,6,10
2025,1022500078,1611661317,PHX,203826,Alyssa Thomas,0,8,7,9
2025,1022500078,1611661317,PHX,1629480,Kalani Brown,0,0,0,7
2025,1022500078,1611661317,PHX,1628957,Kathryn Westbeld,0,0,0,10
2025,1022500078,1611661317,PHX,1629490,Kitija Laksa,0,1,1,8
2025,1022500078,1611661317,PHX,1631118,Lexi Held,0,1,1,8
2025,1022500078,1611661317,PHX,1642777,Monique Akoa Makani,0,7,6,8
2025,1022500078,1611661317,PHX,1642774,Murjanatu Musa,0,0,0,9
2025,1022500078,1611661317,PHX,1630442,Natasha Mack,0,2,2,10
2025,1022500078,1611661317,PHX,1628244,Sami Whitcomb,0,3,5,8
2025,1022500078,1611661317,PHX,1630149,Satou Sabally,0,0,0,10
2025,1022500079,1611661331,GSV,1642304,Carla Leite,0,2,4,8
2025,1022500079,1611661331,GSV,1631064,Chloe Bibby,0,1,1,8
2025,1022500079,1611661331,GSV,1642324,Kate Martin,0,0,1,8
2025,1022500079,1611661331,GSV,203866,Kayla Thornton,0,0,0,8
2025,1022500079,1611661331,GSV,1641656,Laeticia Amihere,0,3,3,8
2025,1022500079,1611661331,GSV,1628881,Monique Billings,0,1,1,6
2025,1022500079,1611661331,GSV,203855,Stephanie Talbot,0,0,0,6
2025,1022500079,1611661331,GSV,203026,Tiffany Hayes,0,4,5,8
2025,1022500079,1611661331,GSV,1631007,Veronica Burton,0,1,3,8
2025,1022500079,1611661325,IND,1641648,Aliyah Boston,0,1,1,9
2025,1022500079,1611661325,IND,1629488,Brianna Turner,0,0,0,3
2025,1022500079,1611661325,IND,1642286,Caitlin Clark,0,9,9,9
2025,1022500079,1611661325,IND,203024,Damiris Dantas,0,0,0,7
2025,1022500079,1611661325,IND,1628909,Kelsey Mitchell,0,3,2,9
2025,1022500079,1611661325,IND,1631086,Lexie Hull,0,3,3,9
2025,1022500079,1611661325,IND,1642815,Makayla Timpson,0,0,0,2
2025,1022500079,1611661325,IND,203827,Natasha Howard,0,3,2,9
2025,1022500079,1611661325,IND,1629482,Sophie Cunningham,0,1,1,9
2025,1022500079,1611661325,IND,202641,Sydney Colson,0,2,2,8
2025,1022500080,1611661330,ATL,1628277,Allisha Gray,0,0,0,9
2025,1022500080,1611661330,ATL,1628280,Brionna Jones,0,8,6,9
2025,1022500080,1611661330,ATL,203398,Brittney Griner,0,1,1,9
2025,1022500080,1611661330,ATL,1628886,Jordin Canada,0,4,4,8
2025,1022500080,1611661330,ATL,1631044,Naz Hillmon,0,0,0,9
2025,1022500080,1611661330,ATL,1628269,Nia Coffey,0,3,3,9
2025,1022500080,1611661330,ATL,1631009,Rhyne Howard,0,8,6,9
2025,1022500080,1611661330,ATL,1628278,Shatori Walker-Kimbrough,0,1,1,9
2025,1022500080,1611661330,ATL,1642804,Te-Hina Paopao,0,2,2,9
2025,1022500080,1611661322,WAS,1642290,Aaliyah Edwards,0,0,0,7
2025,1022500080,1611661322,WAS,1628279,Brittney Sykes,0,7,8,9
2025,1022500080,1611661322,WAS,1631083,Emily Engstler,0,1,1,8
2025,1022500080,1611661322,WAS,1631141,Jade Melbourne,0,5,5,8
2025,1022500080,1611661322,WAS,1642792,Kiki Iriafen,0,2,2,8
2025,1022500080,1611661322,WAS,1631022,Shakira Austin,0,5,3,9
2025,1022500080,1611661322,WAS,1642785,Sonia Citron,0,3,3,9
2025,1022500080,1611661322,WAS,203828,Stefanie Dolson,0,0,0,8
2025,1022500080,1611661322,WAS,1630134,Sug Sutton,0,2,3,7
2025,1022500081,1611661323,CON,1642800,Aneesah Morrow,0,2,3,8
2025,1022500081,1611661323,CON,203829,Bria Hartley,0,2,2,9
2025,1022500081,1611661323,CON,203863,Haley Peters,0,1,1,8
2025,1022500081,1611661323,CON,1642292,Jacy Sheldon,0,2,2,9
2025,1022500081,1611661323,CON,1642240,Jaelyn Brown,0,0,0,5
2025,1022500081,1611661323,CON,1628263,Lindsay Allen,0,1,1,9
2025,1022500081,1611661323,CON,1629497,Marina Mabrey,0,4,6,10
2025,1022500081,1611661323,CON,1631135,Olivia Nelson-Ododa,0,1,1,10
2025,1022500081,1611661323,CON,1642809,Saniya Rivers,0,2,2,8
2025,1022500081,1611661323,CON,202250,Tina Charles,0,1,1,9
2025,1022500081,1611661321,DAL,1629481,Arike Ogunbowale,0,1,1,10
2025,1022500081,1611661321,DAL,1642793,Aziaha James,0,5,5,9
2025,1022500081,1611661321,DAL,1630096,DiJonai Carrington,0,1,1,9
2025,1022500081,1611661321,DAL,1641650,Haley Jones,0,0,0,5
2025,1022500081,1611661321,DAL,1642808,JJ Quinerly,0,2,2,6
2025,1022500081,1611661321,DAL,1630097,Kaila Charles,0,1,1,10
2025,1022500081,1611661321,DAL,1629574,Li Yueru,0,3,3,9
2025,1022500081,1611661321,DAL,1628899,Myisha Hines-Allen,0,2,2,9
2025,1022500081,1611661321,DAL,1631019,NaLyssa Smith,0,1,1,10
2025,1022500081,1611661321,DAL,1642784,Paige Bueckers,0,8,7,10
2025,1022500082,1611661319,LVA,1628932,A'ja Wilson,0,2,2,8
2025,1022500082,1611661319,LVA,1642801,Aaliyah Nye,0,0,0,7
2025,1022500082,1611661319,LVA,203833,Chelsea Gray,0,5,7,7
2025,1022500082,1611661319,LVA,1630389,Dana Evans,0,0,0,9
2025,1022500082,1611661319,LVA,1629498,Jackie Young,0,5,5,7
2025,1022500082,1611661319,LVA,204319,Jewell Loyd,0,4,4,8
2025,1022500082,1611661319,LVA,204329,Kiah Stokes,0,2,2,7
2025,1022500082,1611661319,LVA,1631006,Kierstan Bell,0,0,0,3
2025,1022500082,1611661319,LVA,1627676,Tiffany Mitchell,0,0,0,8
2025,1022500082,1611661328,SEA,202252,Alysha Clark,0,2,2,8
2025,1022500082,1611661328,SEA,1642798,Dominique Malonga,0,1,1,6
2025,1022500082,1611661328,SEA,204365,Erica Wheeler,0,2,2,9
2025,1022500082,1611661328,SEA,1629496,Ezi Magbegor,0,3,3,8
2025,1022500082,1611661328,SEA,1628931,Gabby Williams,0,5,4,9
2025,1022500082,1611661328,SEA,1628882,Lexie Brown,0,0,0,4
2025,1022500082,1611661328,SEA,203014,Nneka Ogwumike,0,2,3,9
2025,1022500082,1611661328,SEA,203400,Skylar Diggins,0,6,6,8
2025,1022500082,1611661328,SEA,1641660,Zia Cooke,0,0,0,4
2025,1022500083,1611661329,CHI,1642291,Angel Reese,0,2,2,10
2025,1022500083,1611661329,CHI,1628878,Ariel Atkins,0,3,4,8
2025,1022500083,1611661329,CHI,204322,Elizabeth Williams,0,0,1,8
2025,1022500083,1611661329,CHI,1642817,Hailey Van Lith,0,4,3,10
2025,1022500083,1611661329,CHI,1642289,Kamilla Cardoso,0,0,0,10
2025,1022500083,1611661329,CHI,1628915,Kia Nurse,0,0,0,10
2025,1022500083,1611661329,CHI,1642818,Maddy Westbeld,0,1,1,9
2025,1022500083,1611661329,CHI,1630446,Michaela Onyenwere,0,2,2,10
2025,1022500083,1611661329,CHI,1627671,Rachel Banham,0,5,6,10
2025,1022500083,1611661329,CHI,204296,Rebecca Allen,0,3,3,9
2025,1022500083,1611661317,PHX,203826,Alyssa Thomas,0,9,8,9
2025,1022500083,1611661317,PHX,1627674,Kahleah Copper,0,3,3,10
2025,1022500083,1611661317,PHX,1629480,Kalani Brown,0,1,1,9
2025,1022500083,1611661317,PHX,1628957,Kathryn Westbeld,0,0,0,10
2025,1022500083,1611661317,PHX,1629490,Kitija Laksa,0,2,3,10
2025,1022500083,1611661317,PHX,1642777,Monique Akoa Makani,0,2,2,9
2025,1022500083,1611661317,PHX,1642774,Murjanatu Musa,0,3,2,9
2025,1022500083,1611661317,PHX,1630442,Natasha Mack,0,1,1,10
2025,1022500083,1611661317,PHX,1628244,Sami Whitcomb,0,1,2,10
2025,1022500083,1611661317,PHX,1630149,Satou Sabally,0,3,3,10
2025,1022500084,1611661320,LAS,1628922,Azura Stevens,0,3,3,8
2025,1022500084,1611661320,LAS,204324,Dearica Hamby,0,2,2,9
2025,1022500084,1611661320,LAS,1628242,Emma Cannon,0,1,1,8
2025,1022500084,1611661320,LAS,1628276,Kelsey Plum,0,4,4,9
2025,1022500084,1611661320,LAS,1642820,Liatu King,0,0,0,9
2025,1022500084,1611661320,LAS,1628920,Mercedes Russell,0,0,0,8
2025,1022500084,1611661320,LAS,1642288,Rickea Jackson,0,1,1,9
2025,1022500084,1611661320,LAS,1642790,Sania Feagin,0,0,0,4
2025,1022500084,1611661320,LAS,1642782,Sarah Ashlee Barker,0,1,1,8
2025,1022500084,1611661320,LAS,203035,Shey Peddy,0,0,1,9
2025,1022500084,1611661324,MIN,1629501,Alanna Smith,0,3,3,9
2025,1022500084,1611661324,MIN,1642293,Alissa Pili,0,0,0,10
2025,1022500084,1611661324,MIN,1642797,Anastasiia Olairi Kosu,0,0,0,3
2025,1022500084,1611661324,MIN,1629524,Bridget Carleton,0,3,3,9
2025,1022500084,1611661324,MIN,1627675,Courtney Williams,0,6,6,10
2025,1022500084,1611661324,MIN,1641649,Diamond Miller,0,0,0,8
2025,1022500084,1611661324,MIN,1628317,Karlie Samuelson,0,0,0,9
2025,1022500084,1611661324,MIN,203825,Kayla McBride,0,1,1,7
2025,1022500084,1611661324,MIN,1628926,Maria Kliundikova,0,2,2,10
2025,1022500084,1611661324,MIN,1629567,Natisha Hiedeman,0,4,6,9
2025,1022500085,1611661330,ATL,1628277,Allisha Gray,0,4,4,9
2025,1022500085,1611661330,ATL,1628280,Brionna Jones,0,1,1,9
2025,1022500085,1611661330,ATL,203398,Brittney Griner,0,1,1,9
2025,1022500085,1611661330,ATL,1628886,Jordin Canada,0,3,3,8
2025,1022500085,1611661330,ATL,1630471,Maya Caldwell,0,0,0,4
2025,1022500085,1611661330,ATL,1631044,Naz Hillmon,0,3,4,9
2025,1022500085,1611661330,ATL,1628269,Nia Coffey,0,1,1,5
2025,1022500085,1611661330,ATL,1631009,Rhyne Howard,0,2,3,9
2025,1022500085,1611661330,ATL,1628278,Shatori Walker-Kimbrough,0,1,1,3
2025,1022500085,1611661330,ATL,1642814,Taylor Thierry,0,0,0,2
2025,1022500085,1611661330,ATL,1642804,Te-Hina Paopao,0,2,3,8
2025,1022500085,1611661329,CHI,1642291,Angel Reese,0,4,4,9
2025,1022500085,1611661329,CHI,1628878,Ariel Atkins,0,2,3,9
2025,1022500085,1611661329,CHI,204322,Elizabeth Williams,0,1,1,8
2025,1022500085,1611661329,CHI,1642817,Hailey Van Lith,0,1,1,6
2025,1022500085,1611661329,CHI,1642289,Kamilla Cardoso,0,3,3,7
2025,1022500085,1611661329,CHI,1628915,Kia Nurse,0,4,2,8
2025,1022500085,1611661329,CHI,1630446,Michaela Onyenwere,0,1,1,6
2025,1022500085,1611661329,CHI,1627671,Rachel Banham,0,3,4,9
2025,1022500085,1611661329,CHI,204296,Rebecca Allen,0,0,0,9
2025,1022500086,1611661321,DAL,1629481,Arike Ogunbowale,0,3,3,9
2025,1022500086,1611661321,DAL,1642793,Aziaha James,0,1,1,10
2025,1022500086,1611661321,DAL,1642808,JJ Quinerly,0,0,0,6
2025,1022500086,1611661321,DAL,1630097,Kaila Charles,0,0,1,10
2025,1022500086,1611661321,DAL,1629574,Li Yueru,0,0,0,8
2025,1022500086,1611661321,DAL,1628899,Myisha Hines-Allen,0,2,3,9
2025,1022500086,1611661321,DAL,1631019,NaLyssa Smith,0,1,1,10
2025,1022500086,1611661321,DAL,1642784,Paige Bueckers,0,7,7,10
2025,1022500086,1611661322,WAS,1642290,Aaliyah Edwards,0,0,1,7
2025,1022500086,1611661322,WAS,1628279,Brittney Sykes,0,4,4,8
2025,1022500086,1611661322,WAS,1631083,Emily Engstler,0,0,0,6
2025,1022500086,1611661322,WAS,1631141,Jade Melbourne,0,4,3,7
2025,1022500086,1611661322,WAS,1642792,Kiki Iriafen,0,4,6,8
2025,1022500086,1611661322,WAS,1642802,Lucy Olsen,0,0,0,3
2025,1022500086,1611661322,WAS,1631022,Shakira Austin,0,2,2,8
2025,1022500086,1611661322,WAS,1642785,Sonia Citron,0,2,2,8
2025,1022500086,1611661322,WAS,203828,Stefanie Dolson,0,2,2,7
2025,1022500086,1611661322,WAS,1630134,Sug Sutton,0,4,3,8
2025,1022500088,1611661313,NYL,1627668,Breanna Stewart,0,7,7,9
2025,1022500088,1611661313,NYL,204330,Isabelle Harrison,0,1,1,6
2025,1022500088,1611661313,NYL,1642320,Jaylyn Sherrod,0,2,3,8
2025,1022500088,1611661313,NYL,1629568,Kennedy Burke,0,1,1,8
2025,1022500088,1611661313,NYL,1629546,Marine Johannes,0,0,1,9
2025,1022500088,1611661313,NYL,204333,Natasha Cloud,0,8,8,9
2025,1022500088,1611661313,NYL,1631055,Nyara Sabally,0,0,0,8
2025,1022500088,1611661313,NYL,203822,Rebekah Gardner,0,0,0,9
2025,1022500088,1611661328,SEA,202252,Alysha Clark,0,0,0,8
2025,1022500088,1611661328,SEA,1642798,Dominique Malonga,0,2,1,8
2025,1022500088,1611661328,SEA,204365,Erica Wheeler,0,1,1,7
2025,1022500088,1611661328,SEA,1629496,Ezi Magbegor,0,3,2,8
2025,1022500088,1611661328,SEA,1628931,Gabby Williams,0,9,10,8
2025,1022500088,1611661328,SEA,1628882,Lexie Brown,0,2,2,5
2025,1022500088,1611661328,SEA,203014,Nneka Ogwumike,0,2,1,8
2025,1022500088,1611661328,SEA,203400,Skylar Diggins,0,8,6,8
2025,1022500088,1611661328,SEA,1641660,Zia Cooke,0,1,1,7
2025,1022500089,1611661323,CON,1642800,Aneesah Morrow,0,0,0,10
2025,1022500089,1611661323,CON,203829,Bria Hartley,0,3,3,9
2025,1022500089,1611661323,CON,203863,Haley Peters,0,2,1,9
2025,1022500089,1611661323,CON,1642292,Jacy Sheldon,0,2,2,9
2025,1022500089,1611661323,CON,1642240,Jaelyn Brown,0,0,0,11
2025,1022500089,1611661323,CON,1628263,Lindsay Allen,0,1,2,11
2025,1022500089,1611661323,CON,1631135,Olivia Nelson-Ododa,0,5,3,11
2025,1022500089,1611661323,CON,1642796,Rayah Marshall,0,0,0,9
2025,1022500089,1611661323,CON,1642809,Saniya Rivers,0,2,3,11
2025,1022500089,1611661323,CON,202250,Tina Charles,0,0,0,9
2025,1022500089,1611661331,GSV,1627672,Aerial Powers,0,0,1,4
2025,1022500089,1611661331,GSV,1642788,Bree Hall,0,0,0,5
2025,1022500089,1611661331,GSV,1631064,Chloe Bibby,0,1,2,10
2025,1022500089,1611661331,GSV,1642822,Kaitlyn Chen,0,1,1,10
2025,1022500089,1611661331,GSV,1642324,Kate Martin,0,2,2,8
2025,1022500089,1611661331,GSV,203866,Kayla Thornton,0,3,2,10
2025,1022500089,1611661331,GSV,1641656,Laeticia Amihere,0,0,1,9
2025,1022500089,1611661331,GSV,1628881,Monique Billings,0,1,1,9
2025,1022500089,1611661331,GSV,203855,Stephanie Talbot,0,4,4,9
2025,1022500089,1611661331,GSV,203026,Tiffany Hayes,0,2,2,9
2025,1022500089,1611661331,GSV,1631007,Veronica Burton,0,2,2,10
2025,1022500090,1611661324,MIN,1629501,Alanna Smith,0,2,2,8
2025,1022500090,1611661324,MIN,1629524,Bridget Carleton,0,1,1,9
2025,1022500090,1611661324,MIN,1627675,Courtney Williams,0,4,4,8
2025,1022500090,1611661324,MIN,1641649,Diamond Miller,0,0,0,7
2025,1022500090,1611661324,MIN,1629491,Jessica Shepard,0,5,4,8
2025,1022500090,1611661324,MIN,1628317,Karlie Samuelson,0,0,0,6
2025,1022500090,1611661324,MIN,203825,Kayla McBride,0,3,3,8
2025,1022500090,1611661324,MIN,1628926,Maria Kliundikova,0,0,0,8
2025,1022500090,1611661324,MIN,1629567,Natisha Hiedeman,0,2,1,7
2025,1022500090,1611661322,WAS,1642290,Aaliyah Edwards,0,0,0,8
2025,1022500090,1611661322,WAS,1631083,Emily Engstler,0,1,1,5
2025,1022500090,1611661322,WAS,1631141,Jade Melbourne,0,3,5,9
2025,1022500090,1611661322,WAS,1642792,Kiki Iriafen,0,1,1,9
2025,1022500090,1611661322,WAS,1642802,Lucy Olsen,0,0,0,8
2025,1022500090,1611661322,WAS,1631022,Shakira Austin,0,4,3,8
2025,1022500090,1611661322,WAS,1642785,Sonia Citron,0,2,2,9
2025,1022500090,1611661322,WAS,203828,Stefanie Dolson,0,1,1,8
2025,1022500090,1611661322,WAS,1630134,Sug Sutton,0,4,4,9
2025,1022500091,1611661329,CHI,1642291,Angel Reese,0,7,6,8
2025,1022500091,1611661329,CHI,1628878,Ariel Atkins,0,3,5,9
2025,1022500091,1611661329,CHI,204322,Elizabeth Williams,0,0,0,9
2025,1022500091,1611661329,CHI,1642817,Hailey Van Lith,0,1,2,7
2025,1022500091,1611661329,CHI,1642289,Kamilla Cardoso,0,4,3,9
2025,1022500091,1611661329,CHI,1628915,Kia Nurse,0,0,1,9
2025,1022500091,1611661329,CHI,1630446,Michaela Onyenwere,0,2,2,9
2025,1022500091,1611661329,CHI,1627669,Moriah Jefferson,0,0,0,3
2025,1022500091,1611661329,CHI,1627671,Rachel Banham,0,4,4,8
2025,1022500091,1611661329,CHI,204296,Rebecca Allen,0,0,0,8
2025,1022500091,1611661320,LAS,1628922,Azura Stevens,0,2,2,9
2025,1022500091,1611661320,LAS,204324,Dearica Hamby,0,5,5,8
2025,1022500091,1611661320,LAS,1628242,Emma Cannon,0,0,0,8
2025,1022500091,1611661320,LAS,1628276,Kelsey Plum,0,5,5,9
2025,1022500091,1611661320,LAS,1642820,Liatu King,0,1,1,6
2025,1022500091,1611661320,LAS,1628920,Mercedes Russell,0,0,0,9
2025,1022500091,1611661320,LAS,1642288,Rickea Jackson,0,4,4,9
2025,1022500091,1611661320,LAS,1642782,Sarah Ashlee Barker,0,0,0,10
2025,1022500091,1611661320,LAS,203035,Shey Peddy,0,5,5,10
2025,1022500092,1611661330,ATL,1628277,Allisha Gray,0,1,1,8
2025,1022500092,1611661330,ATL,1628280,Brionna Jones,0,2,2,8
2025,1022500092,1611661330,ATL,203398,Brittney Griner,0,0,0,8
2025,1022500092,1611661330,ATL,1628886,Jordin Canada,0,1,1,8
2025,1022500092,1611661330,ATL,1630471,Maya Caldwell,0,0,0,5
2025,1022500092,1611661330,ATL,1631044,Naz Hillmon,0,2,3,8
2025,1022500092,1611661330,ATL,1628269,Nia Coffey,0,1,1,7
2025,1022500092,1611661330,ATL,1631009,Rhyne Howard,0,0,0,8
2025,1022500092,1611661330,ATL,1628278,Shatori Walker-Kimbrough,0,0,0,1
2025,1022500092,1611661330,ATL,1642814,Taylor Thierry,0,0,0,1
2025,1022500092,1611661330,ATL,1642804,Te-Hina Paopao,0,1,2,8
2025,1022500092,1611661321,DAL,1629481,Arike Ogunbowale,0,4,4,10
2025,1022500092,1611661321,DAL,1642793,Aziaha James,0,2,1,8
2025,1022500092,1611661321,DAL,1642808,JJ Quinerly,0,0,0,7
2025,1022500092,1611661321,DAL,1630097,Kaila Charles,0,3,3,9
2025,1022500092,1611661321,DAL,1629574,Li Yueru,0,1,1,10
2025,1022500092,1611661321,DAL,1628899,Myisha Hines-Allen,0,1,1,10
2025,1022500092,1611661321,DAL,1631019,NaLyssa Smith,0,0,0,8
2025,1022500092,1611661321,DAL,1642784,Paige Bueckers,0,4,4,11
2025,1022500093,1611661325,IND,1641648,Aliyah Boston,0,2,3,8
2025,1022500093,1611661325,IND,1629488,Brianna Turner,0,0,0,7
2025,1022500093,1611661325,IND,1642286,Caitlin Clark,0,6,9,8
2025,1022500093,1611661325,IND,203024,Damiris Dantas,0,0,0,8
2025,1022500093,1611661325,IND,1628909,Kelsey Mitchell,0,4,4,8
2025,1022500093,1611661325,IND,1631086,Lexie Hull,0,0,0,8
2025,1022500093,1611661325,IND,203827,Natasha Howard,0,0,0,5
2025,1022500093,1611661325,IND,1629482,Sophie Cunningham,0,1,1,8
2025,1022500093,1611661325,IND,202641,Sydney Colson,0,0,1,8
2025,1022500093,1611661328,SEA,202252,Alysha Clark,0,2,2,8
2025,1022500093,1611661328,SEA,1642798,Dominique Malonga,0,0,0,8
2025,1022500093,1611661328,SEA,204365,Erica Wheeler,0,2,2,9
2025,1022500093,1611661328,SEA,1629496,Ezi Magbegor,0,4,3,9
2025,1022500093,1611661328,SEA,1628931,Gabby Williams,0,3,3,9
2025,1022500093,1611661328,SEA,203014,Nneka Ogwumike,0,1,1,9
2025,1022500093,1611661328,SEA,203400,Skylar Diggins,0,6,6,9
2025,1022500093,1611661328,SEA,1641660,Zia Cooke,0,0,0,5
2025,1022500094,1611661331,GSV,1631064,Chloe Bibby,0,0,0,5
2025,1022500094,1611661331,GSV,1642822,Kaitlyn Chen,0,0,0,8
2025,1022500094,1611661331,GSV,1642324,Kate Martin,0,0,0,9
2025,1022500094,1611661331,GSV,203866,Kayla Thornton,0,3,3,9
2025,1022500094,1611661331,GSV,1641656,Laeticia Amihere,0,0,0,8
2025,1022500094,1611661331,GSV,1628881,Monique Billings,0,1,1,7
2025,1022500094,1611661331,GSV,203855,Stephanie Talbot,0,4,3,7
2025,1022500094,1611661331,GSV,203026,Tiffany Hayes,0,5,3,9
2025,1022500094,1611661331,GSV,1631007,Veronica Burton,0,10,10,8
2025,1022500094,1611661313,NYL,1627668,Breanna Stewart,0,5,3,9
2025,1022500094,1611661313,NYL,204330,Isabelle Harrison,0,1,1,4
2025,1022500094,1611661313,NYL,1642320,Jaylyn Sherrod,0,0,0,5
2025,1022500094,1611661313,NYL,1629568,Kennedy Burke,0,1,1,9
2025,1022500094,1611661313,NYL,1629546,Marine Johannes,0,2,1,9
2025,1022500094,1611661313,NYL,204333,Natasha Cloud,0,8,7,8
2025,1022500094,1611661313,NYL,1631055,Nyara Sabally,0,1,1,8
2025,1022500094,1611661313,NYL,203822,Rebekah Gardner,0,0,0,9
2025,1022500094,1611661313,NYL,1629477,Sabrina Ionescu,0,4,4,9
2025,1022500095,1611661323,CON,1642800,Aneesah Morrow,0,1,1,11
2025,1022500095,1611661323,CON,203829,Bria Hartley,0,2,2,9
2025,1022500095,1611661323,CON,203863,Haley Peters,0,0,0,11
2025,1022500095,1611661323,CON,1642292,Jacy Sheldon,0,4,3,8
2025,1022500095,1611661323,CON,1642240,Jaelyn Brown,0,0,0,10
2025,1022500095,1611661323,CON,1642773,Kariata Diaby,0,0,0,5
2025,1022500095,1611661323,CON,1628263,Lindsay Allen,0,4,4,10
2025,1022500095,1611661323,CON,1631135,Olivia Nelson-Ododa,0,0,0,11
2025,1022500095,1611661323,CON,1642809,Saniya Rivers,0,3,3,11
2025,1022500095,1611661323,CON,202250,Tina Charles,0,2,2,8
2025,1022500095,1611661319,LVA,1628932,A'ja Wilson,0,6,4,8
2025,1022500095,1611661319,LVA,1642801,Aaliyah Nye,0,2,2,9
2025,1022500095,1611661319,LVA,203833,Chelsea Gray,0,6,6,9
2025,1022500095,1611661319,LVA,1630389,Dana Evans,0,0,1,10
2025,1022500095,1611661319,LVA,1642295,Elizabeth Kitley,0,0,0,8
2025,1022500095,1611661319,LVA,1629498,Jackie Young,0,1,1,9
2025,1022500095,1611661319,LVA,204319,Jewell Loyd,0,2,2,9
2025,1022500095,1611661319,LVA,1630115,Joyner Holmes,0,0,0,6
2025,1022500095,1611661319,LVA,204329,Kiah Stokes,0,1,1,8
2025,1022500095,1611661319,LVA,1631006,Kierstan Bell,0,0,0,8
2025,1022500095,1611661319,LVA,1627676,Tiffany Mitchell,0,1,1,7
2025,1022500096,1611661325,IND,1630462,Aari McDonald,0,1,1,9
2025,1022500096,1611661325,IND,1641648,Aliyah Boston,0,1,1,9
2025,1022500096,1611661325,IND,1629488,Brianna Turner,0,0,0,6
2025,1022500096,1611661325,IND,1628909,Kelsey Mitchell,0,4,4,9
2025,1022500096,1611661325,IND,1631086,Lexie Hull,0,3,3,9
2025,1022500096,1611661325,IND,1642815,Makayla Timpson,0,0,0,6
2025,1022500096,1611661325,IND,203827,Natasha Howard,0,0,0,9
2025,1022500096,1611661325,IND,1629482,Sophie Cunningham,0,0,0,9
2025,1022500096,1611661325,IND,202641,Sydney Colson,0,4,4,7
2025,1022500096,1611661320,LAS,1628922,Azura Stevens,0,2,3,9
2025,1022500096,1611661320,LAS,204324,Dearica Hamby,0,5,5,9
2025,1022500096,1611661320,LAS,1628242,Emma Cannon,0,0,0,8
2025,1022500096,1611661320,LAS,1628276,Kelsey Plum,0,7,6,9
2025,1022500096,1611661320,LAS,1642820,Liatu King,0,0,0,9
2025,1022500096,1611661320,LAS,1628920,Mercedes Russell,0,0,0,9
2025,1022500096,1611661320,LAS,1642288,Rickea Jackson,0,2,1,8
2025,1022500096,1611661320,LAS,1642782,Sarah Ashlee Barker,0,0,0,8
2025,1022500096,1611661320,LAS,203035,Shey Peddy,0,3,4,9
2025,1022500097,1611661319,LVA,1628932,A'ja Wilson,0,2,2,8
2025,1022500097,1611661319,LVA,1642801,Aaliyah Nye,0,0,0,8
2025,1022500097,1611661319,LVA,203833,Chelsea Gray,0,10,8,9
2025,1022500097,1611661319,LVA,1630389,Dana Evans,0,5,4,8
2025,1022500097,1611661319,LVA,1642295,Elizabeth Kitley,0,0,0,6
2025,1022500097,1611661319,LVA,1629498,Jackie Young,0,7,5,8
2025,1022500097,1611661319,LVA,204319,Jewell Loyd,0,1,1,7
2025,1022500097,1611661319,LVA,1630115,Joyner Holmes,0,0,0,5
2025,1022500097,1611661319,LVA,204329,Kiah Stokes,0,1,1,7
2025,1022500097,1611661319,LVA,1631006,Kierstan Bell,0,0,0,6
2025,1022500097,1611661319,LVA,1627676,Tiffany Mitchell,0,0,0,5
2025,1022500097,1611661322,WAS,1642290,Aaliyah Edwards,0,1,1,11
2025,1022500097,1611661322,WAS,1631141,Jade Melbourne,0,0,0,2
2025,1022500097,1611661322,WAS,1642792,Kiki Iriafen,0,2,2,10
2025,1022500097,1611661322,WAS,1642802,Lucy Olsen,0,3,3,10
2025,1022500097,1611661322,WAS,1631022,Shakira Austin,0,3,3,10
2025,1022500097,1611661322,WAS,1631021,Sika Kone,0,0,0,8
2025,1022500097,1611661322,WAS,1642785,Sonia Citron,0,1,2,10
2025,1022500097,1611661322,WAS,203828,Stefanie Dolson,0,2,2,11
2025,1022500097,1611661322,WAS,1630134,Sug Sutton,0,5,5,10
2025,1022500098,1611661330,ATL,1628277,Allisha Gray,0,4,4,8
2025,1022500098,1611661330,ATL,1628280,Brionna Jones,0,0,0,8
2025,1022500098,1611661330,ATL,203398,Brittney Griner,0,2,1,9
2025,1022500098,1611661330,ATL,1628886,Jordin Canada,0,7,7,9
2025,1022500098,1611661330,ATL,1630471,Maya Caldwell,0,0,0,1
2025,1022500098,1611661330,ATL,1631044,Naz Hillmon,0,1,1,8
2025,1022500098,1611661330,ATL,1628269,Nia Coffey,0,0,0,1
2025,1022500098,1611661330,ATL,1631009,Rhyne Howard,0,7,8,8
2025,1022500098,1611661330,ATL,1628278,Shatori Walker-Kimbrough,0,0,0,4
2025,1022500098,1611661330,ATL,1642804,Te-Hina Paopao,0,0,0,8
2025,1022500098,1611661324,MIN,1629501,Alanna Smith,0,3,4,8
2025,1022500098,1611661324,MIN,1629524,Bridget Carleton,0,2,3,9
2025,1022500098,1611661324,MIN,1627675,Courtney Williams,0,8,8,9
2025,1022500098,1611661324,MIN,1629491,Jessica Shepard,0,5,4,7
2025,1022500098,1611661324,MIN,1628317,Karlie Samuelson,0,0,0,6
2025,1022500098,1611661324,MIN,203825,Kayla McBride,0,2,3,8
2025,1022500098,1611661324,MIN,1628926,Maria Kliundikova,0,0,0,2
2025,1022500098,1611661324,MIN,1629483,Napheesa Collier,0,5,6,8
2025,1022500098,1611661324,MIN,1629567,Natisha Hiedeman,0,2,2,6
2025,1022500099,1611661321,DAL,1629481,Arike Ogunbowale,0,1,1,8
2025,1022500099,1611661321,DAL,1642793,Aziaha James,0,2,2,8
2025,1022500099,1611661321,DAL,1642808,JJ Quinerly,0,3,3,8
2025,1022500099,1611661321,DAL,1630097,Kaila Charles,0,3,3,6
2025,1022500099,1611661321,DAL,1629574,Li Yueru,0,1,1,8
2025,1022500099,1611661321,DAL,1628899,Myisha Hines-Allen,0,3,3,8
2025,1022500099,1611661321,DAL,1631019,NaLyssa Smith,0,2,2,8
2025,1022500099,1611661321,DAL,1642784,Paige Bueckers,0,5,6,8
2025,1022500099,1611661325,IND,1630462,Aari McDonald,0,6,6,8
2025,1022500099,1611661325,IND,1641648,Aliyah Boston,0,3,3,8
2025,1022500099,1611661325,IND,1628909,Kelsey Mitchell,0,7,7,8
2025,1022500099,1611661325,IND,1631086,Lexie Hull,0,0,0,7
2025,1022500099,1611661325,IND,1642815,Makayla Timpson,0,0,0,7
2025,1022500099,1611661325,IND,203827,Natasha Howard,0,3,4,8
2025,1022500099,1611661325,IND,1629482,Sophie Cunningham,0,0,0,7
2025,1022500099,1611661325,IND,202641,Sydney Colson,0,3,3,7
2025,1022500101,1611661313,NYL,1627668,Breanna Stewart,0,4,4,9
2025,1022500101,1611661313,NYL,204330,Isabelle Harrison,0,0,0,10
2025,1022500101,1611661313,NYL,1642320,Jaylyn Sherrod,0,0,0,7
2025,1022500101,1611661313,NYL,1629568,Kennedy Burke,0,1,1,10
2025,1022500101,1611661313,NYL,1629546,Marine Johannes,0,1,2,9
2025,1022500101,1611661313,NYL,1642301,Marquesha Davis,0,0,0,11
2025,1022500101,1611661313,NYL,204333,Natasha Cloud,0,8,7,9
2025,1022500101,1611661313,NYL,1631055,Nyara Sabally,0,0,0,10
2025,1022500101,1611661313,NYL,203822,Rebekah Gardner,0,0,0,9
2025,1022500101,1611661313,NYL,1629477,Sabrina Ionescu,0,8,7,9
2025,1022500101,1611661317,PHX,203826,Alyssa Thomas,0,17,15,9
2025,1022500101,1611661317,PHX,1627674,Kahleah Copper,0,1,1,10
2025,1022500101,1611661317,PHX,1629480,Kalani Brown,0,0,0,8
2025,1022500101,1611661317,PHX,1628957,Kathryn Westbeld,0,4,4,9
2025,1022500101,1611661317,PHX,1630461,Kiana Williams,0,0,0,4
2025,1022500101,1611661317,PHX,1629490,Kitija Laksa,0,0,0,10
2025,1022500101,1611661317,PHX,1642777,Monique Akoa Makani,0,5,4,10
2025,1022500101,1611661317,PHX,1642774,Murjanatu Musa,0,0,0,5
2025,1022500101,1611661317,PHX,1630442,Natasha Mack,0,0,0,9
2025,1022500101,1611661317,PHX,1628244,Sami Whitcomb,0,3,3,8
2025,1022500101,1611661317,PHX,1630149,Satou Sabally,0,4,3,10
2025,1022500102,1611661323,CON,1642800,Aneesah Morrow,0,1,1,9
2025,1022500102,1611661323,CON,203829,Bria Hartley,0,7,6,9
2025,1022500102,1611661323,CON,203863,Haley Peters,0,1,1,8
2025,1022500102,1611661323,CON,1642292,Jacy Sheldon,0,2,1,9
2025,1022500102,1611661323,CON,1642240,Jaelyn Brown,0,1,1,6
2025,1022500102,1611661323,CON,1642773,Kariata Diaby,0,0,0,6
2025,1022500102,1611661323,CON,1628263,Lindsay Allen,0,3,2,8
2025,1022500102,1611661323,CON,1631135,Olivia Nelson-Ododa,0,2,2,9
2025,1022500102,1611661323,CON,1642809,Saniya Rivers,0,5,6,9
2025,1022500102,1611661323,CON,202250,Tina Charles,0,1,1,7
2025,1022500102,1611661328,SEA,202252,Alysha Clark,0,1,1,8
2025,1022500102,1611661328,SEA,1642798,Dominique Malonga,0,1,1,10
2025,1022500102,1611661328,SEA,204365,Erica Wheeler,0,6,6,9
2025,1022500102,1611661328,SEA,1629496,Ezi Magbegor,0,4,3,8
2025,1022500102,1611661328,SEA,1628931,Gabby Williams,0,6,7,9
2025,1022500102,1611661328,SEA,1642307,Mackenzie Holmes,0,2,1,5
2025,1022500102,1611661328,SEA,203014,Nneka Ogwumike,0,1,1,9
2025,1022500102,1611661328,SEA,203400,Skylar Diggins,0,4,5,10
2025,1022500102,1611661328,SEA,1641660,Zia Cooke,0,1,2,9
2025,1022500103,1611661321,DAL,1629481,Arike Ogunbowale,0,4,3,9
2025,1022500103,1611661321,DAL,1642793,Aziaha James,0,1,1,9
2025,1022500103,1611661321,DAL,1641650,Haley Jones,0,2,2,9
2025,1022500103,1611661321,DAL,1642808,JJ Quinerly,0,4,4,9
2025,1022500103,1611661321,DAL,1630097,Kaila Charles,0,0,0,7
2025,1022500103,1611661321,DAL,1629574,Li Yueru,0,2,2,9
2025,1022500103,1611661321,DAL,1628899,Myisha Hines-Allen,0,5,5,9
2025,1022500103,1611661321,DAL,1631019,NaLyssa Smith,0,1,1,8
2025,1022500103,1611661322,WAS,1642290,Aaliyah Edwards,0,0,0,8
2025,1022500103,1611661322,WAS,1628279,Brittney Sykes,0,5,5,8
2025,1022500103,1611661322,WAS,1642792,Kiki Iriafen,0,0,0,8
2025,1022500103,1611661322,WAS,1642802,Lucy Olsen,0,2,2,8
2025,1022500103,1611661322,WAS,1631022,Shakira Austin,0,0,1,8
2025,1022500103,1611661322,WAS,1631021,Sika Kone,0,0,0,6
2025,1022500103,1611661322,WAS,1642785,Sonia Citron,0,2,2,8
2025,1022500103,1611661322,WAS,203828,Stefanie Dolson,0,1,1,6
2025,1022500103,1611661322,WAS,1630134,Sug Sutton,0,3,3,8
2025,1022500104,1611661330,ATL,1628277,Allisha Gray,0,7,6,9
2025,1022500104,1611661330,ATL,1628280,Brionna Jones,0,3,3,9
2025,1022500104,1611661330,ATL,203398,Brittney Griner,0,5,3,9
2025,1022500104,1611661330,ATL,1628886,Jordin Canada,0,6,8,9
2025,1022500104,1611661330,ATL,1631044,Naz Hillmon,0,3,3,9
2025,1022500104,1611661330,ATL,1628269,Nia Coffey,0,0,0,8
2025,1022500104,1611661330,ATL,1631009,Rhyne Howard,0,2,2,9
2025,1022500104,1611661330,ATL,1628278,Shatori Walker-Kimbrough,0,0,0,8
2025,1022500104,1611661330,ATL,1642804,Te-Hina Paopao,0,2,2,8
2025,1022500104,1611661313,NYL,1627668,Breanna Stewart,0,5,4,8
2025,1022500104,1611661313,NYL,204330,Isabelle Harrison,0,3,2,9
2025,1022500104,1611661313,NYL,1642320,Jaylyn Sherrod,0,0,0,9
2025,1022500104,1611661313,NYL,1629568,Kennedy Burke,0,1,1,7
2025,1022500104,1611661313,NYL,1629546,Marine Johannes,0,1,1,9
2025,1022500104,1611661313,NYL,204333,Natasha Cloud,0,5,6,9
2025,1022500104,1611661313,NYL,1631055,Nyara Sabally,0,1,1,8
2025,1022500104,1611661313,NYL,203822,Rebekah Gardner,0,0,0,8
2025,1022500104,1611661313,NYL,1629477,Sabrina Ionescu,0,3,3,9
2025,1022500105,1611661329,CHI,1642291,Angel Reese,0,6,7,9
2025,1022500105,1611661329,CHI,1628878,Ariel Atkins,0,1,2,9
2025,1022500105,1611661329,CHI,204322,Elizabeth Williams,0,1,1,9
2025,1022500105,1611661329,CHI,1642817,Hailey Van Lith,0,3,2,7
2025,1022500105,1611661329,CHI,1628915,Kia Nurse,0,0,0,8
2025,1022500105,1611661329,CHI,1630446,Michaela Onyenwere,0,2,2,5
2025,1022500105,1611661329,CHI,1627669,Moriah Jefferson,0,4,3,7
2025,1022500105,1611661329,CHI,1627671,Rachel Banham,0,4,4,8
2025,1022500105,1611661329,CHI,204296,Rebecca Allen,0,1,1,8
2025,1022500105,1611661320,LAS,1628922,Azura Stevens,0,5,4,8
2025,1022500105,1611661320,LAS,204324,Dearica Hamby,0,3,4,8
2025,1022500105,1611661320,LAS,1628242,Emma Cannon,0,1,1,7
2025,1022500105,1611661320,LAS,1628276,Kelsey Plum,0,6,7,9
2025,1022500105,1611661320,LAS,1628920,Mercedes Russell,0,0,0,4
2025,1022500105,1611661320,LAS,203824,Odyssey Sims,0,1,4,8
2025,1022500105,1611661320,LAS,1642288,Rickea Jackson,0,1,1,7
2025,1022500105,1611661320,LAS,1642782,Sarah Ashlee Barker,0,0,0,9
2025,1022500105,1611661320,LAS,203035,Shey Peddy,0,1,1,7
2025,1022500106,1611661319,LVA,1628932,A'ja Wilson,0,8,7,9
2025,1022500106,1611661319,LVA,1642801,Aaliyah Nye,0,0,0,9
2025,1022500106,1611661319,LVA,203833,Chelsea Gray,0,6,5,9
2025,1022500106,1611661319,LVA,1630389,Dana Evans,0,2,1,9
2025,1022500106,1611661319,LVA,1629498,Jackie Young,0,6,6,9
2025,1022500106,1611661319,LVA,204319,Jewell Loyd,0,0,1,9
2025,1022500106,1611661319,LVA,1630115,Joyner Holmes,0,0,0,7
2025,1022500106,1611661319,LVA,204329,Kiah Stokes,0,0,0,8
2025,1022500106,1611661319,LVA,1627676,Tiffany Mitchell,0,0,0,9
2025,1022500106,1611661317,PHX,203826,Alyssa Thomas,0,8,8,7
2025,1022500106,1611661317,PHX,1627674,Kahleah Copper,0,3,3,7
2025,1022500106,1611661317,PHX,1629480,Kalani Brown,0,1,1,8
2025,1022500106,1611661317,PHX,1628957,Kathryn Westbeld,0,2,1,9
2025,1022500106,1611661317,PHX,1629490,Kitija Laksa,0,1,1,9
2025,1022500106,1611661317,PHX,1642777,Monique Akoa Makani,0,0,0,7
2025,1022500106,1611661317,PHX,1630442,Natasha Mack,0,0,0,7
2025,1022500106,1611661317,PHX,1628244,Sami Whitcomb,0,4,3,8
2025,1022500106,1611661317,PHX,1630149,Satou Sabally,0,0,2,8
2025,1022500107,1611661323,CON,1642800,Aneesah Morrow,0,2,2,11
2025,1022500107,1611661323,CON,203829,Bria Hartley,0,2,2,8
2025,1022500107,1611661323,CON,203863,Haley Peters,0,3,3,10
2025,1022500107,1611661323,CON,1642292,Jacy Sheldon,0,0,0,7
2025,1022500107,1611661323,CON,1642240,Jaelyn Brown,0,0,0,11
2025,1022500107,1611661323,CON,1642773,Kariata Diaby,0,0,0,5
2025,1022500107,1611661323,CON,1628263,Lindsay Allen,0,4,3,7
2025,1022500107,1611661323,CON,1631135,Olivia Nelson-Ododa,0,2,2,10
2025,1022500107,1611661323,CON,1642796,Rayah Marshall,0,0,0,5
2025,1022500107,1611661323,CON,1642809,Saniya Rivers,0,1,1,10
2025,1022500107,1611661323,CON,202250,Tina Charles,0,1,1,8
2025,1022500107,1611661324,MIN,1629501,Alanna Smith,0,2,2,8
2025,1022500107,1611661324,MIN,1642293,Alissa Pili,0,1,1,7
2025,1022500107,1611661324,MIN,1642797,Anastasiia Olairi Kosu,0,0,0,5
2025,1022500107,1611661324,MIN,1629524,Bridget Carleton,0,1,1,9
2025,1022500107,1611661324,MIN,1627675,Courtney Williams,0,6,7,8
2025,1022500107,1611661324,MIN,1641649,Diamond Miller,0,0,1,8
2025,1022500107,1611661324,MIN,1629491,Jessica Shepard,0,1,1,9
2025,1022500107,1611661324,MIN,1628317,Karlie Samuelson,0,0,0,1
2025,1022500107,1611661324,MIN,203825,Kayla McBride,0,6,5,9
2025,1022500107,1611661324,MIN,1628926,Maria Kliundikova,0,0,0,8
2025,1022500107,1611661324,MIN,1629483,Napheesa Collier,0,2,2,9
2025,1022500107,1611661324,MIN,1629567,Natisha Hiedeman,0,8,7,11
2025,1022500108,1611661331,GSV,1642788,Bree Hall,0,0,0,4
2025,1022500108,1611661331,GSV,1631064,Chloe Bibby,0,0,0,5
2025,1022500108,1611661331,GSV,1642822,Kaitlyn Chen,0,0,3,9
2025,1022500108,1611661331,GSV,1642324,Kate Martin,0,0,2,9
2025,1022500108,1611661331,GSV,203866,Kayla Thornton,0,0,0,8
2025,1022500108,1611661331,GSV,1641656,Laeticia Amihere,0,1,1,8
2025,1022500108,1611661331,GSV,1628881,Monique Billings,0,0,0,8
2025,1022500108,1611661331,GSV,203855,Stephanie Talbot,0,3,3,7
2025,1022500108,1611661331,GSV,1627701,Temi Fagbenle,0,2,2,8
2025,1022500108,1611661331,GSV,203026,Tiffany Hayes,0,3,4,8
2025,1022500108,1611661331,GSV,1631007,Veronica Burton,0,5,5,7
2025,1022500108,1611661328,SEA,202252,Alysha Clark,0,1,1,9
2025,1022500108,1611661328,SEA,1642798,Dominique Malonga,0,1,1,8
2025,1022500108,1611661328,SEA,204365,Erica Wheeler,0,4,3,11
2025,1022500108,1611661328,SEA,1629496,Ezi Magbegor,0,3,2,8
2025,1022500108,1611661328,SEA,1628931,Gabby Williams,0,0,0,11
2025,1022500108,1611661328,SEA,1642307,Mackenzie Holmes,0,0,0,5
2025,1022500108,1611661328,SEA,203014,Nneka Ogwumike,0,0,0,9
2025,1022500108,1611661328,SEA,203400,Skylar Diggins,0,6,6,9
2025,1022500108,1611661328,SEA,1641660,Zia Cooke,0,0,0,8
2025,1022500109,1611661325,IND,1630462,Aari McDonald,0,6,7,9
2025,1022500109,1611661325,IND,1641648,Aliyah Boston,0,4,2,10
2025,1022500109,1611661325,IND,1629488,Brianna Turner,0,0,0,5
2025,1022500109,1611661325,IND,1628909,Kelsey Mitchell,0,8,6,10
2025,1022500109,1611661325,IND,1631086,Lexie Hull,0,2,2,10
2025,1022500109,1611661325,IND,1642815,Makayla Timpson,0,0,0,10
2025,1022500109,1611661325,IND,203827,Natasha Howard,0,3,3,8
2025,1022500109,1611661325,IND,1629482,Sophie Cunningham,0,1,1,10
2025,1022500109,1611661325,IND,202641,Sydney Colson,0,2,3,8
2025,1022500109,1611661319,LVA,1628932,A'ja Wilson,0,2,1,8
2025,1022500109,1611661319,LVA,1642801,Aaliyah Nye,0,3,3,9
2025,1022500109,1611661319,LVA,203833,Chelsea Gray,0,2,2,8
2025,1022500109,1611661319,LVA,1630389,Dana Evans,0,2,3,8
2025,1022500109,1611661319,LVA,1629498,Jackie Young,0,1,1,8
2025,1022500109,1611661319,LVA,204319,Jewell Loyd,0,2,2,8
2025,1022500109,1611661319,LVA,1630115,Joyner Holmes,0,0,0,7
2025,1022500109,1611661319,LVA,204329,Kiah Stokes,0,0,0,7
2025,1022500109,1611661319,LVA,1631006,Kierstan Bell,0,0,0,8
2025,1022500109,1611661319,LVA,1631019,NaLyssa Smith,0,0,0,9
2025,1022500110,1611661320,LAS,1628922,Azura Stevens,0,4,4,8
2025,1022500110,1611661320,LAS,204324,Dearica Hamby,0,2,3,8
2025,1022500110,1611661320,LAS,1628242,Emma Cannon,0,0,0,9
2025,1022500110,1611661320,LAS,1627700,Julie Allemand,0,2,3,9
2025,1022500110,1611661320,LAS,1642210,Julie Vanloo,0,0,0,3
2025,1022500110,1611661320,LAS,1628276,Kelsey Plum,0,7,8,9
2025,1022500110,1611661320,LAS,1628920,Mercedes Russell,0,1,1,7
2025,1022500110,1611661320,LAS,1630996,Rae Burrell,0,0,0,8
2025,1022500110,1611661320,LAS,1642288,Rickea Jackson,0,2,2,8
2025,1022500110,1611661320,LAS,1642782,Sarah Ashlee Barker,0,1,1,4
2025,1022500110,1611661313,NYL,1627668,Breanna Stewart,0,6,4,9
2025,1022500110,1611661313,NYL,204330,Isabelle Harrison,0,2,2,10
2025,1022500110,1611661313,NYL,1629568,Kennedy Burke,0,0,0,10
2025,1022500110,1611661313,NYL,1630142,Leonie Fiebich,0,0,0,7
2025,1022500110,1611661313,NYL,1629546,Marine Johannes,0,1,2,9
2025,1022500110,1611661313,NYL,204333,Natasha Cloud,0,6,7,9
2025,1022500110,1611661313,NYL,1631055,Nyara Sabally,0,0,0,7
2025,1022500110,1611661313,NYL,203822,Rebekah Gardner,0,0,0,6
2025,1022500110,1611661313,NYL,1629477,Sabrina Ionescu,0,7,6,10
2025,1022500111,1611661330,ATL,1628277,Allisha Gray,0,3,4,9
2025,1022500111,1611661330,ATL,1628280,Brionna Jones,0,4,4,9
2025,1022500111,1611661330,ATL,203398,Brittney Griner,0,2,2,8
2025,1022500111,1611661330,ATL,1628886,Jordin Canada,0,6,5,9
2025,1022500111,1611661330,ATL,1630471,Maya Caldwell,0,1,1,7
2025,1022500111,1611661330,ATL,1631044,Naz Hillmon,0,2,2,7
2025,1022500111,1611661330,ATL,1628269,Nia Coffey,0,0,0,6
2025,1022500111,1611661330,ATL,1628278,Shatori Walker-Kimbrough,0,1,2,8
2025,1022500111,1611661330,ATL,1642804,Te-Hina Paopao,0,0,0,7
2025,1022500111,1611661328,SEA,202252,Alysha Clark,0,1,1,9
2025,1022500111,1611661328,SEA,1642798,Dominique Malonga,0,0,0,4
2025,1022500111,1611661328,SEA,204365,Erica Wheeler,0,2,2,9
2025,1022500111,1611661328,SEA,1629496,Ezi Magbegor,0,5,2,9
2025,1022500111,1611661328,SEA,1628931,Gabby Williams,0,5,6,9
2025,1022500111,1611661328,SEA,1628882,Lexie Brown,0,0,0,2
2025,1022500111,1611661328,SEA,203014,Nneka Ogwumike,0,2,2,9
2025,1022500111,1611661328,SEA,203400,Skylar Diggins,0,3,3,8
2025,1022500111,1611661328,SEA,1641660,Zia Cooke,0,1,1,7
2025,1022500112,1611661321,DAL,1642793,Aziaha James,0,7,6,9
2025,1022500112,1611661321,DAL,1642808,JJ Quinerly,0,8,7,9
2025,1022500112,1611661321,DAL,1629574,Li Yueru,0,0,0,9
2025,1022500112,1611661321,DAL,1642820,Liatu King,0,0,0,8
2025,1022500112,1611661321,DAL,1630143,Luisa Geiselsoder,0,1,1,9
2025,1022500112,1611661321,DAL,1628899,Myisha Hines-Allen,0,1,1,9
2025,1022500112,1611661321,DAL,1642784,Paige Bueckers,0,6,5,9
2025,1022500112,1611661321,DAL,1629479,Teaira McCowan,0,0,0,9
2025,1022500112,1611661317,PHX,203826,Alyssa Thomas,0,12,10,7
2025,1022500112,1611661317,PHX,1627674,Kahleah Copper,0,1,1,8
2025,1022500112,1611661317,PHX,1629480,Kalani Brown,0,1,1,8
2025,1022500112,1611661317,PHX,1628957,Kathryn Westbeld,0,1,1,7
2025,1022500112,1611661317,PHX,1630461,Kiana Williams,0,0,0,2
2025,1022500112,1611661317,PHX,1629490,Kitija Laksa,0,0,0,7
2025,1022500112,1611661317,PHX,1642777,Monique Akoa Makani,0,2,4,6
2025,1022500112,1611661317,PHX,1630442,Natasha Mack,0,0,0,6
2025,1022500112,1611661317,PHX,1628244,Sami Whitcomb,0,1,1,7
2025,1022500112,1611661317,PHX,1630149,Satou Sabally,0,3,3,7
2025,1022500113,1611661324,MIN,1629501,Alanna Smith,0,4,4,9
2025,1022500113,1611661324,MIN,1642293,Alissa Pili,0,0,0,3
2025,1022500113,1611661324,MIN,1642797,Anastasiia Olairi Kosu,0,0,0,3
2025,1022500113,1611661324,MIN,1629524,Bridget Carleton,0,2,2,8
2025,1022500113,1611661324,MIN,1627675,Courtney Williams,0,8,8,9
2025,1022500113,1611661324,MIN,1641649,Diamond Miller,0,0,0,9
2025,1022500113,1611661324,MIN,1629491,Jessica Shepard,0,1,1,9
2025,1022500113,1611661324,MIN,203825,Kayla McBride,0,1,1,9
2025,1022500113,1611661324,MIN,1628926,Maria Kliundikova,0,0,0,10
2025,1022500113,1611661324,MIN,1629483,Napheesa Collier,0,5,4,9
2025,1022500113,1611661324,MIN,1629567,Natisha Hiedeman,0,4,4,9
2025,1022500113,1611661322,WAS,1642290,Aaliyah Edwards,0,0,0,11
2025,1022500113,1611661322,WAS,1628279,Brittney Sykes,0,3,2,8
2025,1022500113,1611661322,WAS,1631083,Emily Engstler,0,0,0,8
2025,1022500113,1611661322,WAS,1631141,Jade Melbourne,0,3,4,9
2025,1022500113,1611661322,WAS,1642792,Kiki Iriafen,0,0,0,9
2025,1022500113,1611661322,WAS,1642802,Lucy Olsen,0,3,3,9
2025,1022500113,1611661322,WAS,1631022,Shakira Austin,0,2,2,9
2025,1022500113,1611661322,WAS,1631021,Sika Kone,0,1,1,4
2025,1022500113,1611661322,WAS,1642785,Sonia Citron,0,0,0,8
2025,1022500113,1611661322,WAS,203828,Stefanie Dolson,0,3,3,11
2025,1022500114,1611661325,IND,1630462,Aari McDonald,0,6,8,9
2025,1022500114,1611661325,IND,1641648,Aliyah Boston,0,4,4,9
2025,1022500114,1611661325,IND,1628909,Kelsey Mitchell,0,0,0,9
2025,1022500114,1611661325,IND,1631086,Lexie Hull,0,1,1,8
2025,1022500114,1611661325,IND,1642815,Makayla Timpson,0,0,0,8
2025,1022500114,1611661325,IND,203827,Natasha Howard,0,3,3,9
2025,1022500114,1611661325,IND,1629482,Sophie Cunningham,0,0,1,9
2025,1022500114,1611661325,IND,202641,Sydney Colson,0,4,5,7
2025,1022500114,1611661320,LAS,1628922,Azura Stevens,0,2,2,8
2025,1022500114,1611661320,LAS,204324,Dearica Hamby,0,3,4,8
2025,1022500114,1611661320,LAS,1628242,Emma Cannon,0,0,0,8
2025,1022500114,1611661320,LAS,1627700,Julie Allemand,0,2,5,7
2025,1022500114,1611661320,LAS,1642210,Julie Vanloo,0,4,2,7
2025,1022500114,1611661320,LAS,1628276,Kelsey Plum,0,3,3,8
2025,1022500114,1611661320,LAS,1628920,Mercedes Russell,0,1,1,7
2025,1022500114,1611661320,LAS,1630996,Rae Burrell,0,0,0,7
2025,1022500114,1611661320,LAS,1642288,Rickea Jackson,0,7,5,8
2025,1022500115,1611661331,GSV,1628508,Cecilia Zandalasini,0,0,0,7
2025,1022500115,1611661331,GSV,1642767,Janelle Salaun,0,0,0,7
2025,1022500115,1611661331,GSV,1642822,Kaitlyn Chen,0,1,1,6
2025,1022500115,1611661331,GSV,1642324,Kate Martin,0,2,1,8
2025,1022500115,1611661331,GSV,203866,Kayla Thornton,0,3,3,8
2025,1022500115,1611661331,GSV,1628881,Monique Billings,0,0,0,8
2025,1022500115,1611661331,GSV,203855,Stephanie Talbot,0,4,4,8
2025,1022500115,1611661331,GSV,1627701,Temi Fagbenle,0,3,2,8
2025,1022500115,1611661331,GSV,203026,Tiffany Hayes,0,3,4,8
2025,1022500115,1611661331,GSV,1631007,Veronica Burton,0,5,4,8
2025,1022500115,1611661324,MIN,1629501,Alanna Smith,0,6,6,10
2025,1022500115,1611661324,MIN,1629524,Bridget Carleton,0,4,4,9
2025,1022500115,1611661324,MIN,1627675,Courtney Williams,0,2,2,9
2025,1022500115,1611661324,MIN,1641649,Diamond Miller,0,2,1,9
2025,1022500115,1611661324,MIN,1629491,Jessica Shepard,0,6,5,8
2025,1022500115,1611661324,MIN,203825,Kayla McBride,0,3,3,10
2025,1022500115,1611661324,MIN,1629483,Napheesa Collier,0,1,1,10
2025,1022500115,1611661324,MIN,1629567,Natisha Hiedeman,0,3,3,10
2025,1022500116,1611661323,CON,1642800,Aneesah Morrow,0,0,0,9
2025,1022500116,1611661323,CON,203829,Bria Hartley,0,3,2,8
2025,1022500116,1611661323,CON,203863,Haley Peters,0,0,0,9
2025,1022500116,1611661323,CON,1642292,Jacy Sheldon,0,3,2,9
2025,1022500116,1611661323,CON,1642303,Leila Lacan,0,1,1,9
2025,1022500116,1611661323,CON,1628263,Lindsay Allen,0,4,5,8
2025,1022500116,1611661323,CON,1631135,Olivia Nelson-Ododa,0,1,1,9
2025,1022500116,1611661323,CON,1642796,Rayah Marshall,0,0,0,2
2025,1022500116,1611661323,CON,1642809,Saniya Rivers,0,1,1,9
2025,1022500116,1611661323,CON,202250,Tina Charles,0,2,2,9
2025,1022500116,1611661319,LVA,1628932,A'ja Wilson,0,0,0,9
2025,1022500116,1611661319,LVA,1642801,Aaliyah Nye,0,0,0,9
2025,1022500116,1611661319,LVA,203833,Chelsea Gray,0,9,8,8
2025,1022500116,1611661319,LVA,1630389,Dana Evans,0,3,3,10
2025,1022500116,1611661319,LVA,1629498,Jackie Young,0,6,6,9
2025,1022500116,1611661319,LVA,204319,Jewell Loyd,0,2,2,9
2025,1022500116,1611661319,LVA,204329,Kiah Stokes,0,1,1,8
2025,1022500116,1611661319,LVA,1631006,Kierstan Bell,0,0,0,10
2025,1022500116,1611661319,LVA,1631019,NaLyssa Smith,0,1,1,10
2025,1022500117,1611661313,NYL,1627668,Breanna Stewart,0,3,3,8
2025,1022500117,1611661313,NYL,204330,Isabelle Harrison,0,0,0,5
2025,1022500117,1611661313,NYL,1642320,Jaylyn Sherrod,0,1,1,3
2025,1022500117,1611661313,NYL,1629568,Kennedy Burke,0,2,2,10
2025,1022500117,1611661313,NYL,1630142,Leonie Fiebich,0,3,3,8
2025,1022500117,1611661313,NYL,1629546,Marine Johannes,0,2,1,8
2025,1022500117,1611661313,NYL,1642301,Marquesha Davis,0,0,0,5
2025,1022500117,1611661313,NYL,204333,Natasha Cloud,0,1,1,6
2025,1022500117,1611661313,NYL,1631055,Nyara Sabally,0,0,0,9
2025,1022500117,1611661313,NYL,203822,Rebekah Gardner,0,0,0,7
2025,1022500117,1611661313,NYL,1629477,Sabrina Ionescu,0,5,6,8
2025,1022500117,1611661328,SEA,202252,Alysha Clark,0,0,0,9
2025,1022500117,1611661328,SEA,1642798,Dominique Malonga,0,0,0,11
2025,1022500117,1611661328,SEA,204365,Erica Wheeler,0,3,3,11
2025,1022500117,1611661328,SEA,1629496,Ezi Magbegor,0,3,3,9
2025,1022500117,1611661328,SEA,1628931,Gabby Williams,0,5,5,9
2025,1022500117,1611661328,SEA,1628882,Lexie Brown,0,0,0,3
2025,1022500117,1611661328,SEA,1642307,Mackenzie Holmes,0,0,0,4
2025,1022500117,1611661328,SEA,203014,Nneka Ogwumike,0,4,4,9
2025,1022500117,1611661328,SEA,203400,Skylar Diggins,0,6,6,9
2025,1022500117,1611661328,SEA,1641660,Zia Cooke,0,0,0,7
2025,1022500118,1611661329,CHI,1642291,Angel Reese,0,7,6,9
2025,1022500118,1611661329,CHI,1628878,Ariel Atkins,0,6,6,9
2025,1022500118,1611661329,CHI,204322,Elizabeth Williams,0,1,2,9
2025,1022500118,1611661329,CHI,1642817,Hailey Van Lith,0,0,0,6
2025,1022500118,1611661329,CHI,1628915,Kia Nurse,0,0,1,8
2025,1022500118,1611661329,CHI,1642818,Maddy Westbeld,0,0,1,7
2025,1022500118,1611661329,CHI,1630446,Michaela Onyenwere,0,1,1,9
2025,1022500118,1611661329,CHI,1627671,Rachel Banham,0,2,2,8
2025,1022500118,1611661329,CHI,204296,Rebecca Allen,0,2,2,9
2025,1022500118,1611661324,MIN,1629501,Alanna Smith,0,1,1,8
2025,1022500118,1611661324,MIN,1629524,Bridget Carleton,0,2,2,7
2025,1022500118,1611661324,MIN,1627675,Courtney Williams,0,4,6,9
2025,1022500118,1611661324,MIN,1641649,Diamond Miller,0,3,3,9
2025,1022500118,1611661324,MIN,1629491,Jessica Shepard,0,1,2,9
2025,1022500118,1611661324,MIN,203825,Kayla McBride,0,4,5,9
2025,1022500118,1611661324,MIN,1628926,Maria Kliundikova,0,0,0,9
2025,1022500118,1611661324,MIN,1629483,Napheesa Collier,0,0,0,8
2025,1022500118,1611661324,MIN,1629567,Natisha Hiedeman,0,2,2,7
2025,1022500119,1611661330,ATL,1628277,Allisha Gray,0,3,4,9
2025,1022500119,1611661330,ATL,1628280,Brionna Jones,0,10,5,9
2025,1022500119,1611661330,ATL,203398,Brittney Griner,0,0,0,10
2025,1022500119,1611661330,ATL,1628886,Jordin Canada,0,9,9,10
2025,1022500119,1611661330,ATL,1630471,Maya Caldwell,0,0,0,6
2025,1022500119,1611661330,ATL,1631044,Naz Hillmon,0,1,1,10
2025,1022500119,1611661330,ATL,1628269,Nia Coffey,0,0,0,4
2025,1022500119,1611661330,ATL,1631009,Rhyne Howard,0,6,4,10
2025,1022500119,1611661330,ATL,1628278,Shatori Walker-Kimbrough,0,0,0,6
2025,1022500119,1611661330,ATL,1642814,Taylor Thierry,0,0,0,4
2025,1022500119,1611661330,ATL,1642804,Te-Hina Paopao,0,1,1,6
2025,1022500119,1611661331,GSV,1642767,Janelle Salaun,0,0,0,3
2025,1022500119,1611661331,GSV,1642822,Kaitlyn Chen,0,0,0,7
2025,1022500119,1611661331,GSV,1642324,Kate Martin,0,0,1,8
2025,1022500119,1611661331,GSV,203866,Kayla Thornton,0,2,3,11
2025,1022500119,1611661331,GSV,1641656,Laeticia Amihere,0,4,4,8
2025,1022500119,1611661331,GSV,1628881,Monique Billings,0,1,1,9
2025,1022500119,1611661331,GSV,203855,Stephanie Talbot,0,0,0,6
2025,1022500119,1611661331,GSV,1627701,Temi Fagbenle,0,2,2,9
2025,1022500119,1611661331,GSV,203026,Tiffany Hayes,0,2,1,11
2025,1022500119,1611661331,GSV,1631007,Veronica Burton,0,7,7,9
2025,1022500120,1611661321,DAL,1642793,Aziaha James,0,3,3,8
2025,1022500120,1611661321,DAL,1642808,JJ Quinerly,0,5,5,8
2025,1022500120,1611661321,DAL,1629574,Li Yueru,0,0,0,8
2025,1022500120,1611661321,DAL,1642820,Liatu King,0,0,0,8
2025,1022500120,1611661321,DAL,1630143,Luisa Geiselsoder,0,1,1,8
2025,1022500120,1611661321,DAL,1628899,Myisha Hines-Allen,0,3,4,8
2025,1022500120,1611661321,DAL,1642784,Paige Bueckers,0,3,3,8
2025,1022500120,1611661321,DAL,1629479,Teaira McCowan,0,0,0,8
2025,1022500120,1611661317,PHX,203826,Alyssa Thomas,0,12,15,8
2025,1022500120,1611661317,PHX,1629480,Kalani Brown,0,2,2,7
2025,1022500120,1611661317,PHX,1628957,Kathryn Westbeld,0,0,0,8
2025,1022500120,1611661317,PHX,1630461,Kiana Williams,0,5,4,8
2025,1022500120,1611661317,PHX,1629490,Kitija Laksa,0,0,0,8
2025,1022500120,1611661317,PHX,1642777,Monique Akoa Makani,0,3,3,8
2025,1022500120,1611661317,PHX,1630442,Natasha Mack,0,5,4,8
2025,1022500120,1611661317,PHX,1628244,Sami Whitcomb,0,1,1,8
2025,1022500121,1611661329,CHI,1642291,Angel Reese,0,4,4,10
2025,1022500121,1611661329,CHI,1628878,Ariel Atkins,0,5,5,9
2025,1022500121,1611661329,CHI,204322,Elizabeth Williams,0,1,1,9
2025,1022500121,1611661329,CHI,1642817,Hailey Van Lith,0,0,0,4
2025,1022500121,1611661329,CHI,1628915,Kia Nurse,0,1,1,10
2025,1022500121,1611661329,CHI,1642818,Maddy Westbeld,0,0,0,9
2025,1022500121,1611661329,CHI,1630446,Michaela Onyenwere,0,3,3,9
2025,1022500121,1611661329,CHI,1627669,Moriah Jefferson,0,1,1,7
2025,1022500121,1611661329,CHI,1627671,Rachel Banham,0,3,3,9
2025,1022500121,1611661329,CHI,204296,Rebecca Allen,0,1,1,10
2025,1022500121,1611661322,WAS,1642290,Aaliyah Edwards,0,0,0,8
2025,1022500121,1611661322,WAS,1628279,Brittney Sykes,0,4,4,10
2025,1022500121,1611661322,WAS,1631083,Emily Engstler,0,1,1,6
2025,1022500121,1611661322,WAS,1631141,Jade Melbourne,0,1,1,10
2025,1022500121,1611661322,WAS,1642792,Kiki Iriafen,0,2,2,10
2025,1022500121,1611661322,WAS,1642802,Lucy Olsen,0,0,0,4
2025,1022500121,1611661322,WAS,1631022,Shakira Austin,0,5,4,10
2025,1022500121,1611661322,WAS,1642785,Sonia Citron,0,2,3,9
2025,1022500121,1611661322,WAS,203828,Stefanie Dolson,0,1,1,9
2025,1022500121,1611661322,WAS,1630134,Sug Sutton,0,1,2,9
2025,1022500122,1611661319,LVA,1628932,A'ja Wilson,0,2,2,6
2025,1022500122,1611661319,LVA,1642801,Aaliyah Nye,0,1,1,8
2025,1022500122,1611661319,LVA,203833,Chelsea Gray,0,3,3,8
2025,1022500122,1611661319,LVA,1630389,Dana Evans,0,1,1,8
2025,1022500122,1611661319,LVA,1629498,Jackie Young,0,5,3,7
2025,1022500122,1611661319,LVA,204319,Jewell Loyd,0,1,2,7
2025,1022500122,1611661319,LVA,204329,Kiah Stokes,0,0,0,7
2025,1022500122,1611661319,LVA,1631006,Kierstan Bell,0,0,0,7
2025,1022500122,1611661319,LVA,1631019,NaLyssa Smith,0,1,1,8
2025,1022500122,1611661313,NYL,1627668,Breanna Stewart,0,5,5,9
2025,1022500122,1611661313,NYL,1642320,Jaylyn Sherrod,0,1,1,5
2025,1022500122,1611661313,NYL,1629568,Kennedy Burke,0,0,0,9
2025,1022500122,1611661313,NYL,1630142,Leonie Fiebich,0,2,2,9
2025,1022500122,1611661313,NYL,1629546,Marine Johannes,0,3,3,9
2025,1022500122,1611661313,NYL,1631055,Nyara Sabally,0,1,1,8
2025,1022500122,1611661313,NYL,203822,Rebekah Gardner,0,2,1,9
2025,1022500122,1611661313,NYL,1629477,Sabrina Ionescu,0,8,8,9
2025,1022500123,1611661323,CON,1642800,Aneesah Morrow,0,0,0,8
2025,1022500123,1611661323,CON,203829,Bria Hartley,0,6,5,7
2025,1022500123,1611661323,CON,203863,Haley Peters,0,1,1,4
2025,1022500123,1611661323,CON,1642292,Jacy Sheldon,0,3,4,8
2025,1022500123,1611661323,CON,1642303,Leila Lacan,0,4,3,8
2025,1022500123,1611661323,CON,1628263,Lindsay Allen,0,1,1,6
2025,1022500123,1611661323,CON,1631135,Olivia Nelson-Ododa,0,0,0,7
2025,1022500123,1611661323,CON,1642809,Saniya Rivers,0,6,7,8
2025,1022500123,1611661323,CON,202250,Tina Charles,0,0,0,7
2025,1022500123,1611661328,SEA,202252,Alysha Clark,0,0,0,9
2025,1022500123,1611661328,SEA,1642798,Dominique Malonga,0,1,1,7
2025,1022500123,1611661328,SEA,204365,Erica Wheeler,0,6,7,8
2025,1022500123,1611661328,SEA,1629496,Ezi Magbegor,0,3,3,9
2025,1022500123,1611661328,SEA,1628931,Gabby Williams,0,1,1,9
2025,1022500123,1611661328,SEA,203014,Nneka Ogwumike,0,3,3,9
2025,1022500123,1611661328,SEA,203400,Skylar Diggins,0,8,7,8
2025,1022500123,1611661328,SEA,1641660,Zia Cooke,0,0,0,8
2025,1022500124,1611661331,GSV,1642304,Carla Leite,0,0,0,8
2025,1022500124,1611661331,GSV,1642767,Janelle Salaun,0,1,1,10
2025,1022500124,1611661331,GSV,1642822,Kaitlyn Chen,0,2,3,9
2025,1022500124,1611661331,GSV,1642324,Kate Martin,0,0,0,8
2025,1022500124,1611661331,GSV,203866,Kayla Thornton,0,2,2,9
2025,1022500124,1611661331,GSV,1641656,Laeticia Amihere,0,2,2,8
2025,1022500124,1611661331,GSV,1628881,Monique Billings,0,0,0,9
2025,1022500124,1611661331,GSV,1627701,Temi Fagbenle,0,2,2,9
2025,1022500124,1611661331,GSV,203026,Tiffany Hayes,0,2,2,9
2025,1022500124,1611661331,GSV,1631007,Veronica Burton,0,5,6,10
2025,1022500124,1611661325,IND,1630462,Aari McDonald,0,2,4,10
2025,1022500124,1611661325,IND,1641648,Aliyah Boston,0,2,2,10
2025,1022500124,1611661325,IND,1642286,Caitlin Clark,0,6,6,10
2025,1022500124,1611661325,IND,203024,Damiris Dantas,0,0,0,10
2025,1022500124,1611661325,IND,1628909,Kelsey Mitchell,0,0,0,10
2025,1022500124,1611661325,IND,1631086,Lexie Hull,0,1,1,9
2025,1022500124,1611661325,IND,1642815,Makayla Timpson,0,0,0,10
2025,1022500124,1611661325,IND,203827,Natasha Howard,0,2,2,10
2025,1022500124,1611661325,IND,1629482,Sophie Cunningham,0,0,0,10
2025,1022500124,1611661325,IND,202641,Sydney Colson,0,0,0,1
2025,1022500125,1611661324,MIN,1629501,Alanna Smith,0,2,1,8
2025,1022500125,1611661324,MIN,1629524,Bridget Carleton,0,5,4,8
2025,1022500125,1611661324,MIN,1627675,Courtney Williams,0,6,5,8
2025,1022500125,1611661324,MIN,1641649,Diamond Miller,0,0,0,7
2025,1022500125,1611661324,MIN,1629491,Jessica Shepard,0,1,2,9
2025,1022500125,1611661324,MIN,203825,Kayla McBride,0,0,0,8
2025,1022500125,1611661324,MIN,1628926,Maria Kliundikova,0,0,0,3
2025,1022500125,1611661324,MIN,1629483,Napheesa Collier,0,2,2,9
2025,1022500125,1611661324,MIN,1629567,Natisha Hiedeman,0,3,3,7
2025,1022500125,1611661317,PHX,203826,Alyssa Thomas,0,5,5,9
2025,1022500125,1611661317,PHX,201886,DeWanna Bonner,0,2,2,9
2025,1022500125,1611661317,PHX,1629480,Kalani Brown,0,0,0,3
2025,1022500125,1611661317,PHX,1628957,Kathryn Westbeld,0,0,0,9
2025,1022500125,1611661317,PHX,1630461,Kiana Williams,0,0,0,8
2025,1022500125,1611661317,PHX,1629490,Kitija Laksa,0,0,0,9
2025,1022500125,1611661317,PHX,1642777,Monique Akoa Makani,0,4,4,9
2025,1022500125,1611661317,PHX,1630442,Natasha Mack,0,0,0,7
2025,1022500125,1611661317,PHX,1628244,Sami Whitcomb,0,5,6,8
2025,1022500126,1611661329,CHI,1642291,Angel Reese,0,1,1,7
2025,1022500126,1611661329,CHI,1628878,Ariel Atkins,0,4,4,8
2025,1022500126,1611661329,CHI,204322,Elizabeth Williams,0,6,6,7
2025,1022500126,1611661329,CHI,1642817,Hailey Van Lith,0,1,1,6
2025,1022500126,1611661329,CHI,1642289,Kamilla Cardoso,0,4,4,8
2025,1022500126,1611661329,CHI,1628915,Kia Nurse,0,2,2,8
2025,1022500126,1611661329,CHI,1642818,Maddy Westbeld,0,0,0,7
2025,1022500126,1611661329,CHI,1630446,Michaela Onyenwere,0,1,1,7
2025,1022500126,1611661329,CHI,1627671,Rachel Banham,0,2,2,8
2025,1022500126,1611661329,CHI,204296,Rebecca Allen,0,3,3,8
2025,1022500126,1611661321,DAL,1642793,Aziaha James,0,4,4,9
2025,1022500126,1611661321,DAL,1641650,Haley Jones,0,1,1,9
2025,1022500126,1611661321,DAL,1642808,JJ Quinerly,0,3,5,9
2025,1022500126,1611661321,DAL,1629574,Li Yueru,0,0,0,10
2025,1022500126,1611661321,DAL,1630143,Luisa Geiselsoder,0,1,1,8
2025,1022500126,1611661321,DAL,1628899,Myisha Hines-Allen,0,3,3,10
2025,1022500126,1611661321,DAL,1642784,Paige Bueckers,0,5,4,10
2025,1022500126,1611661321,DAL,1629479,Teaira McCowan,0,0,0,9
2025,1022500127,1611661320,LAS,1628922,Azura Stevens,0,1,1,8
2025,1022500127,1611661320,LAS,204324,Dearica Hamby,0,1,2,9
2025,1022500127,1611661320,LAS,1628242,Emma Cannon,0,0,0,10
2025,1022500127,1611661320,LAS,1627700,Julie Allemand,0,4,4,7
2025,1022500127,1611661320,LAS,1642210,Julie Vanloo,0,3,3,8
2025,1022500127,1611661320,LAS,1628276,Kelsey Plum,0,11,12,9
2025,1022500127,1611661320,LAS,1628920,Mercedes Russell,0,0,0,9
2025,1022500127,1611661320,LAS,1630996,Rae Burrell,0,0,0,6
2025,1022500127,1611661320,LAS,1642288,Rickea Jackson,0,0,1,9
2025,1022500127,1611661320,LAS,1642790,Sania Feagin,0,0,0,3
2025,1022500127,1611661320,LAS,1642782,Sarah Ashlee Barker,0,2,1,9
2025,1022500127,1611661324,MIN,1629501,Alanna Smith,0,0,0,8
2025,1022500127,1611661324,MIN,1642293,Alissa Pili,0,0,0,4
2025,1022500127,1611661324,MIN,1642797,Anastasiia Olairi Kosu,0,0,0,2
2025,1022500127,1611661324,MIN,1629524,Bridget Carleton,0,6,6,9
2025,1022500127,1611661324,MIN,1627675,Courtney Williams,0,7,7,10
2025,1022500127,1611661324,MIN,1641649,Diamond Miller,0,1,1,11
2025,1022500127,1611661324,MIN,1629491,Jessica Shepard,0,4,3,10
2025,1022500127,1611661324,MIN,203825,Kayla McBride,0,1,2,9
2025,1022500127,1611661324,MIN,1628926,Maria Kliundikova,0,2,2,10
2025,1022500127,1611661324,MIN,1629483,Napheesa Collier,0,6,5,10
2025,1022500127,1611661324,MIN,1629567,Natisha Hiedeman,0,2,2,11
2025,1022500128,1611661319,LVA,1642801,Aaliyah Nye,0,0,1,10
2025,1022500128,1611661319,LVA,203833,Chelsea Gray,0,3,3,8
2025,1022500128,1611661319,LVA,1630389,Dana Evans,0,3,2,10
2025,1022500128,1611661319,LVA,1629498,Jackie Young,0,3,3,8
2025,1022500128,1611661319,LVA,204319,Jewell Loyd,0,1,1,9
2025,1022500128,1611661319,LVA,204329,Kiah Stokes,0,0,0,8
2025,1022500128,1611661319,LVA,1631006,Kierstan Bell,0,0,0,8
2025,1022500128,1611661319,LVA,1629484,Megan DiLeo,0,0,0,9
2025,1022500128,1611661319,LVA,1631019,NaLyssa Smith,0,2,2,9
2025,1022500128,1611661322,WAS,1642290,Aaliyah Edwards,0,0,0,9
2025,1022500128,1611661322,WAS,1628279,Brittney Sykes,0,4,4,9
2025,1022500128,1611661322,WAS,1631083,Emily Engstler,0,0,0,2
2025,1022500128,1611661322,WAS,1631141,Jade Melbourne,0,4,5,9
2025,1022500128,1611661322,WAS,1642792,Kiki Iriafen,0,2,2,9
2025,1022500128,1611661322,WAS,1642802,Lucy Olsen,0,0,0,2
2025,1022500128,1611661322,WAS,1631022,Shakira Austin,0,2,2,9
2025,1022500128,1611661322,WAS,1642785,Sonia Citron,0,0,0,9
2025,1022500128,1611661322,WAS,203828,Stefanie Dolson,0,1,1,8
2025,1022500128,1611661322,WAS,1630134,Sug Sutton,0,4,6,9
2025,1022500129,1611661330,ATL,1628277,Allisha Gray,0,2,2,8
2025,1022500129,1611661330,ATL,1628280,Brionna Jones,0,2,1,8
2025,1022500129,1611661330,ATL,203398,Brittney Griner,0,1,1,8
2025,1022500129,1611661330,ATL,1628886,Jordin Canada,0,8,8,8
2025,1022500129,1611661330,ATL,1630471,Maya Caldwell,0,0,0,7
2025,1022500129,1611661330,ATL,1631044,Naz Hillmon,0,4,3,8
2025,1022500129,1611661330,ATL,1628269,Nia Coffey,0,0,0,6
2025,1022500129,1611661330,ATL,1631009,Rhyne Howard,0,2,2,8
2025,1022500129,1611661330,ATL,1628278,Shatori Walker-Kimbrough,0,0,0,3
2025,1022500129,1611661330,ATL,1642814,Taylor Thierry,0,0,0,2
2025,1022500129,1611661330,ATL,1642804,Te-Hina Paopao,0,3,2,7
2025,1022500129,1611661325,IND,1630462,Aari McDonald,0,4,3,11
2025,1022500129,1611661325,IND,1641648,Aliyah Boston,0,8,8,9
2025,1022500129,1611661325,IND,1642286,Caitlin Clark,0,9,9,9
2025,1022500129,1611661325,IND,203024,Damiris Dantas,0,0,0,10
2025,1022500129,1611661325,IND,1628909,Kelsey Mitchell,0,2,3,8
2025,1022500129,1611661325,IND,1631086,Lexie Hull,0,4,3,10
2025,1022500129,1611661325,IND,203827,Natasha Howard,0,0,0,6
2025,1022500129,1611661325,IND,1629482,Sophie Cunningham,0,1,1,11
2025,1022500129,1611661325,IND,202641,Sydney Colson,0,0,0,3
2025,1022500130,1611661323,CON,1642800,Aneesah Morrow,0,0,0,7
2025,1022500130,1611661323,CON,203829,Bria Hartley,0,0,2,8
2025,1022500130,1611661323,CON,203863,Haley Peters,0,0,0,2
2025,1022500130,1611661323,CON,1642292,Jacy Sheldon,0,0,1,6
2025,1022500130,1611661323,CON,1642303,Leila Lacan,0,2,1,7
2025,1022500130,1611661323,CON,1628263,Lindsay Allen,0,0,0,4
2025,1022500130,1611661323,CON,1631135,Olivia Nelson-Ododa,0,1,1,9
2025,1022500130,1611661323,CON,1642809,Saniya Rivers,0,3,3,8
2025,1022500130,1611661323,CON,202250,Tina Charles,0,4,3,9
2025,1022500130,1611661328,SEA,202252,Alysha Clark,0,0,0,6
2025,1022500130,1611661328,SEA,1642798,Dominique Malonga,0,1,1,7
2025,1022500130,1611661328,SEA,204365,Erica Wheeler,0,5,5,8
2025,1022500130,1611661328,SEA,1629496,Ezi Magbegor,0,1,1,9
2025,1022500130,1611661328,SEA,1628931,Gabby Williams,0,6,5,9
2025,1022500130,1611661328,SEA,203014,Nneka Ogwumike,0,5,5,9
2025,1022500130,1611661328,SEA,203400,Skylar Diggins,0,6,5,8
2025,1022500130,1611661328,SEA,1627676,Tiffany Mitchell,0,0,0,9
2025,1022500130,1611661328,SEA,1641660,Zia Cooke,0,0,0,5
2025,1022500131,1611661329,CHI,1642291,Angel Reese,0,4,4,9
2025,1022500131,1611661329,CHI,1628878,Ariel Atkins,0,1,1,9
2025,1022500131,1611661329,CHI,204322,Elizabeth Williams,0,2,2,8
2025,1022500131,1611661329,CHI,1642289,Kamilla Cardoso,0,2,2,8
2025,1022500131,1611661329,CHI,1628915,Kia Nurse,0,0,0,8
2025,1022500131,1611661329,CHI,1630446,Michaela Onyenwere,0,0,0,7
2025,1022500131,1611661329,CHI,1627671,Rachel Banham,0,3,5,9
2025,1022500131,1611661329,CHI,204296,Rebecca Allen,0,4,3,9
2025,1022500131,1611661324,MIN,1629501,Alanna Smith,0,4,4,8
2025,1022500131,1611661324,MIN,1629524,Bridget Carleton,0,1,1,8
2025,1022500131,1611661324,MIN,1627675,Courtney Williams,0,10,8,8
2025,1022500131,1611661324,MIN,1641649,Diamond Miller,0,0,0,7
2025,1022500131,1611661324,MIN,1629491,Jessica Shepard,0,3,2,8
2025,1022500131,1611661324,MIN,203825,Kayla McBride,0,1,1,8
2025,1022500131,1611661324,MIN,1628926,Maria Kliundikova,0,1,1,7
2025,1022500131,1611661324,MIN,1629483,Napheesa Collier,0,5,5,8
2025,1022500131,1611661324,MIN,1629567,Natisha Hiedeman,0,0,0,7
2025,1022500132,1611661331,GSV,1642304,Carla Leite,0,2,2,7
2025,1022500132,1611661331,GSV,1628508,Cecilia Zandalasini,0,1,1,8
2025,1022500132,1611661331,GSV,1642767,Janelle Salaun,0,3,2,8
2025,1022500132,1611661331,GSV,1642822,Kaitlyn Chen,0,2,2,6
2025,1022500132,1611661331,GSV,1642324,Kate Martin,0,0,0,8
2025,1022500132,1611661331,GSV,203866,Kayla Thornton,0,1,2,8
2025,1022500132,1611661331,GSV,1641656,Laeticia Amihere,0,0,0,4
2025,1022500132,1611661331,GSV,1628881,Monique Billings,0,0,0,8
2025,1022500132,1611661331,GSV,1627701,Temi Fagbenle,0,1,1,9
2025,1022500132,1611661331,GSV,203026,Tiffany Hayes,0,4,5,9
2025,1022500132,1611661331,GSV,1631007,Veronica Burton,0,7,8,9
2025,1022500132,1611661319,LVA,1628932,A'ja Wilson,0,4,4,11
2025,1022500132,1611661319,LVA,1642801,Aaliyah Nye,0,0,0,10
2025,1022500132,1611661319,LVA,203833,Chelsea Gray,0,7,6,10
2025,1022500132,1611661319,LVA,1630389,Dana Evans,0,1,2,9
2025,1022500132,1611661319,LVA,1629498,Jackie Young,0,8,6,10
2025,1022500132,1611661319,LVA,204319,Jewell Loyd,0,1,1,10
2025,1022500132,1611661319,LVA,204329,Kiah Stokes,0,0,0,5
2025,1022500132,1611661319,LVA,1629484,Megan DiLeo,0,1,1,11
2025,1022500132,1611661319,LVA,1631019,NaLyssa Smith,0,1,1,6
2025,1022500133,1611661321,DAL,1629481,Arike Ogunbowale,0,4,4,9
2025,1022500133,1611661321,DAL,1642793,Aziaha James,0,3,3,11
2025,1022500133,1611661321,DAL,1641650,Haley Jones,0,0,0,11
2025,1022500133,1611661321,DAL,1642808,JJ Quinerly,0,4,4,11
2025,1022500133,1611661321,DAL,1629574,Li Yueru,0,2,2,10
2025,1022500133,1611661321,DAL,1630143,Luisa Geiselsoder,0,2,2,9
2025,1022500133,1611661321,DAL,1628899,Myisha Hines-Allen,0,3,3,11
2025,1022500133,1611661321,DAL,1642784,Paige Bueckers,0,5,4,10
2025,1022500133,1611661321,DAL,1629479,Teaira McCowan,0,2,2,9
2025,1022500133,1611661325,IND,1630462,Aari McDonald,0,6,6,8
2025,1022500133,1611661325,IND,1641648,Aliyah Boston,0,3,3,9
2025,1022500133,1611661325,IND,1629488,Brianna Turner,0,0,0,5
2025,1022500133,1611661325,IND,1642286,Caitlin Clark,0,11,13,9
2025,1022500133,1611661325,IND,203024,Damiris Dantas,0,1,1,9
2025,1022500133,1611661325,IND,1628909,Kelsey Mitchell,0,4,3,9
2025,1022500133,1611661325,IND,1631086,Lexie Hull,0,1,1,9
2025,1022500133,1611661325,IND,1642815,Makayla Timpson,0,0,0,8
2025,1022500133,1611661325,IND,203827,Natasha Howard,0,0,0,9
2025,1022500133,1611661325,IND,1629482,Sophie Cunningham,0,2,3,9
2025,1022500133,1611661325,IND,202641,Sydney Colson,0,0,0,4
2025,1022500134,1611661330,ATL,1628277,Allisha Gray,0,3,3,8
2025,1022500134,1611661330,ATL,1628280,Brionna Jones,0,4,4,9
2025,1022500134,1611661330,ATL,203398,Brittney Griner,0,1,1,8
2025,1022500134,1611661330,ATL,1628886,Jordin Canada,0,5,6,9
2025,1022500134,1611661330,ATL,1630471,Maya Caldwell,0,3,3,9
2025,1022500134,1611661330,ATL,1631044,Naz Hillmon,0,1,1,9
2025,1022500134,1611661330,ATL,1628269,Nia Coffey,0,0,0,5
2025,1022500134,1611661330,ATL,1628278,Shatori Walker-Kimbrough,0,0,0,3
2025,1022500134,1611661330,ATL,1642804,Te-Hina Paopao,0,0,0,7
2025,1022500134,1611661313,NYL,1627668,Breanna Stewart,0,4,4,7
2025,1022500134,1611661313,NYL,204330,Isabelle Harrison,0,1,1,9
2025,1022500134,1611661313,NYL,1629568,Kennedy Burke,0,4,4,7
2025,1022500134,1611661313,NYL,1630142,Leonie Fiebich,0,3,4,9
2025,1022500134,1611661313,NYL,1629546,Marine Johannes,0,0,0,8
2025,1022500134,1611661313,NYL,204333,Natasha Cloud,0,3,4,8
2025,1022500134,1611661313,NYL,1631055,Nyara Sabally,0,2,2,8
2025,1022500134,1611661313,NYL,203822,Rebekah Gardner,0,0,0,6
2025,1022500134,1611661313,NYL,1629477,Sabrina Ionescu,0,5,5,9
2025,1022500135,1611661323,CON,1642800,Aneesah Morrow,0,0,0,9
2025,1022500135,1611661323,CON,203829,Bria Hartley,0,5,6,9
2025,1022500135,1611661323,CON,1642292,Jacy Sheldon,0,2,1,6
2025,1022500135,1611661323,CON,1642303,Leila Lacan,0,4,4,9
2025,1022500135,1611661323,CON,1628263,Lindsay Allen,0,0,0,6
2025,1022500135,1611661323,CON,1631135,Olivia Nelson-Ododa,0,0,0,9
2025,1022500135,1611661323,CON,1642809,Saniya Rivers,0,0,1,9
2025,1022500135,1611661323,CON,202250,Tina Charles,0,3,3,9
2025,1022500135,1611661320,LAS,1628922,Azura Stevens,0,1,1,8
2025,1022500135,1611661320,LAS,204324,Dearica Hamby,0,4,4,8
2025,1022500135,1611661320,LAS,1627700,Julie Allemand,0,6,6,8
2025,1022500135,1611661320,LAS,1642210,Julie Vanloo,0,2,2,8
2025,1022500135,1611661320,LAS,1628276,Kelsey Plum,0,4,3,8
2025,1022500135,1611661320,LAS,1630996,Rae Burrell,0,1,1,8
2025,1022500135,1611661320,LAS,1642288,Rickea Jackson,0,4,4,8
2025,1022500135,1611661320,LAS,1642790,Sania Feagin,0,0,0,6
2025,1022500135,1611661320,LAS,1642782,Sarah Ashlee Barker,0,1,1,5
2025,1022500136,1611661328,SEA,202252,Alysha Clark,0,1,1,9
2025,1022500136,1611661328,SEA,1642798,Dominique Malonga,0,0,0,6
2025,1022500136,1611661328,SEA,204365,Erica Wheeler,0,2,2,7
2025,1022500136,1611661328,SEA,1629496,Ezi Magbegor,0,2,1,9
2025,1022500136,1611661328,SEA,1628931,Gabby Williams,0,4,4,9
2025,1022500136,1611661328,SEA,203014,Nneka Ogwumike,0,0,0,8
2025,1022500136,1611661328,SEA,203400,Skylar Diggins,0,5,4,9
2025,1022500136,1611661328,SEA,1627676,Tiffany Mitchell,0,0,1,8
2025,1022500136,1611661328,SEA,1641660,Zia Cooke,0,0,0,2
2025,1022500136,1611661322,WAS,1642290,Aaliyah Edwards,0,0,0,9
2025,1022500136,1611661322,WAS,1628279,Brittney Sykes,0,3,4,9
2025,1022500136,1611661322,WAS,1631083,Emily Engstler,0,0,0,3
2025,1022500136,1611661322,WAS,1631141,Jade Melbourne,0,4,4,8
2025,1022500136,1611661322,WAS,1642792,Kiki Iriafen,0,2,1,9
2025,1022500136,1611661322,WAS,1631022,Shakira Austin,0,5,5,8
2025,1022500136,1611661322,WAS,1642785,Sonia Citron,0,0,0,8
2025,1022500136,1611661322,WAS,203828,Stefanie Dolson,0,1,1,9
2025,1022500136,1611661322,WAS,1630134,Sug Sutton,0,3,4,9
2025,1022500137,1611661329,CHI,1642291,Angel Reese,0,2,3,9
2025,1022500137,1611661329,CHI,1628878,Ariel Atkins,0,4,3,7
2025,1022500137,1611661329,CHI,204322,Elizabeth Williams,0,3,3,9
2025,1022500137,1611661329,CHI,1642817,Hailey Van Lith,0,2,1,8
2025,1022500137,1611661329,CHI,1642289,Kamilla Cardoso,0,1,1,9
2025,1022500137,1611661329,CHI,1628915,Kia Nurse,0,1,1,10
2025,1022500137,1611661329,CHI,1630446,Michaela Onyenwere,0,2,2,6
2025,1022500137,1611661329,CHI,1627671,Rachel Banham,0,1,2,10
2025,1022500137,1611661329,CHI,204296,Rebecca Allen,0,3,3,9
2025,1022500137,1611661324,MIN,1629501,Alanna Smith,0,5,5,9
2025,1022500137,1611661324,MIN,1642797,Anastasiia Olairi Kosu,0,0,0,1
2025,1022500137,1611661324,MIN,1629524,Bridget Carleton,0,2,2,9
2025,1022500137,1611661324,MIN,1627675,Courtney Williams,0,7,7,9
2025,1022500137,1611661324,MIN,1641649,Diamond Miller,0,0,0,5
2025,1022500137,1611661324,MIN,1629491,Jessica Shepard,0,0,0,7
2025,1022500137,1611661324,MIN,203825,Kayla McBride,0,4,4,8
2025,1022500137,1611661324,MIN,1628926,Maria Kliundikova,0,1,1,8
2025,1022500137,1611661324,MIN,1629483,Napheesa Collier,0,5,5,9
2025,1022500137,1611661324,MIN,1629567,Natisha Hiedeman,0,1,2,8
2025,1022500138,1611661331,GSV,1642304,Carla Leite,0,0,1,8
2025,1022500138,1611661331,GSV,1628508,Cecilia Zandalasini,0,3,3,7
2025,1022500138,1611661331,GSV,1642767,Janelle Salaun,0,1,1,8
2025,1022500138,1611661331,GSV,1642324,Kate Martin,0,1,1,6
2025,1022500138,1611661331,GSV,203866,Kayla Thornton,0,3,4,8
2025,1022500138,1611661331,GSV,1641656,Laeticia Amihere,0,1,1,8
2025,1022500138,1611661331,GSV,1628881,Monique Billings,0,1,1,8
2025,1022500138,1611661331,GSV,1627701,Temi Fagbenle,0,1,1,7
2025,1022500138,1611661331,GSV,203026,Tiffany Hayes,0,4,4,8
2025,1022500138,1611661331,GSV,1631007,Veronica Burton,0,4,6,8
2025,1022500138,1611661317,PHX,203826,Alyssa Thomas,0,11,11,10
2025,1022500138,1611661317,PHX,201886,DeWanna Bonner,0,2,2,9
2025,1022500138,1611661317,PHX,1629480,Kalani Brown,0,0,0,10
2025,1022500138,1611661317,PHX,1628957,Kathryn Westbeld,0,2,2,8
2025,1022500138,1611661317,PHX,1629490,Kitija Laksa,0,0,0,9
2025,1022500138,1611661317,PHX,1642777,Monique Akoa Makani,0,2,2,8
2025,1022500138,1611661317,PHX,1630442,Natasha Mack,0,1,1,9
2025,1022500138,1611661317,PHX,1628244,Sami Whitcomb,0,5,5,10
2025,1022500139,1611661323,CON,1642800,Aneesah Morrow,0,1,1,8
2025,1022500139,1611661323,CON,203829,Bria Hartley,0,1,2,9
2025,1022500139,1611661323,CON,203863,Haley Peters,0,0,0,6
2025,1022500139,1611661323,CON,1642292,Jacy Sheldon,0,4,3,8
2025,1022500139,1611661323,CON,1642303,Leila Lacan,0,1,1,10
2025,1022500139,1611661323,CON,1628263,Lindsay Allen,0,2,2,8
2025,1022500139,1611661323,CON,1631135,Olivia Nelson-Ododa,0,1,1,10
2025,1022500139,1611661323,CON,1642809,Saniya Rivers,0,2,3,8
2025,1022500139,1611661323,CON,202250,Tina Charles,0,3,3,9
2025,1022500139,1611661325,IND,1630462,Aari McDonald,0,4,3,7
2025,1022500139,1611661325,IND,1641648,Aliyah Boston,0,5,4,9
2025,1022500139,1611661325,IND,1642286,Caitlin Clark,0,7,7,9
2025,1022500139,1611661325,IND,203024,Damiris Dantas,0,2,2,9
2025,1022500139,1611661325,IND,1628909,Kelsey Mitchell,0,3,3,9
2025,1022500139,1611661325,IND,1631086,Lexie Hull,0,3,2,6
2025,1022500139,1611661325,IND,1642815,Makayla Timpson,0,0,0,6
2025,1022500139,1611661325,IND,203827,Natasha Howard,0,0,0,9
2025,1022500139,1611661325,IND,1629482,Sophie Cunningham,0,0,1,9
2025,1022500139,1611661325,IND,202641,Sydney Colson,0,0,0,7
2025,1022500140,1611661320,LAS,1628922,Azura Stevens,0,3,2,11
2025,1022500140,1611661320,LAS,204324,Dearica Hamby,0,4,4,9
2025,1022500140,1611661320,LAS,1628242,Emma Cannon,0,0,0,4
2025,1022500140,1611661320,LAS,1627700,Julie Allemand,0,6,10,11
2025,1022500140,1611661320,LAS,1642210,Julie Vanloo,0,3,3,8
2025,1022500140,1611661320,LAS,1628276,Kelsey Plum,0,7,6,10
2025,1022500140,1611661320,LAS,1630996,Rae Burrell,0,1,1,11
2025,1022500140,1611661320,LAS,1642288,Rickea Jackson,0,2,2,11
2025,1022500140,1611661320,LAS,1642790,Sania Feagin,0,0,0,9
2025,1022500140,1611661320,LAS,1642782,Sarah Ashlee Barker,0,0,0,4
2025,1022500140,1611661322,WAS,1642290,Aaliyah Edwards,0,0,0,9
2025,1022500140,1611661322,WAS,1628279,Brittney Sykes,0,4,3,8
2025,1022500140,1611661322,WAS,1631083,Emily Engstler,0,1,1,10
2025,1022500140,1611661322,WAS,1631141,Jade Melbourne,0,1,1,10
2025,1022500140,1611661322,WAS,1642792,Kiki Iriafen,0,1,1,8
2025,1022500140,1611661322,WAS,1642802,Lucy Olsen,0,2,2,9
2025,1022500140,1611661322,WAS,1631022,Shakira Austin,0,2,2,8
2025,1022500140,1611661322,WAS,1631021,Sika Kone,0,0,0,6
2025,1022500140,1611661322,WAS,1642785,Sonia Citron,0,6,6,8
2025,1022500140,1611661322,WAS,203828,Stefanie Dolson,0,2,2,8
2025,1022500140,1611661322,WAS,1630134,Sug Sutton,0,2,4,8
2025,1022500141,1611661330,ATL,1628277,Allisha Gray,0,6,5,9
2025,1022500141,1611661330,ATL,1628280,Brionna Jones,0,4,4,9
2025,1022500141,1611661330,ATL,203398,Brittney Griner,0,0,0,9
2025,1022500141,1611661330,ATL,1628886,Jordin Canada,0,8,8,9
2025,1022500141,1611661330,ATL,1630471,Maya Caldwell,0,3,3,9
2025,1022500141,1611661330,ATL,1631044,Naz Hillmon,0,2,1,9
2025,1022500141,1611661330,ATL,1628269,Nia Coffey,0,1,1,8
2025,1022500141,1611661330,ATL,1628278,Shatori Walker-Kimbrough,0,0,0,8
2025,1022500141,1611661330,ATL,1642814,Taylor Thierry,0,1,1,7
2025,1022500141,1611661330,ATL,1642804,Te-Hina Paopao,0,4,3,9
2025,1022500141,1611661329,CHI,204322,Elizabeth Williams,0,2,2,10
2025,1022500141,1611661329,CHI,1642817,Hailey Van Lith,0,2,2,10
2025,1022500141,1611661329,CHI,1642289,Kamilla Cardoso,0,0,0,10
2025,1022500141,1611661329,CHI,1628915,Kia Nurse,0,0,0,10
2025,1022500141,1611661329,CHI,1642818,Maddy Westbeld,0,1,1,10
2025,1022500141,1611661329,CHI,1630446,Michaela Onyenwere,0,0,0,7
2025,1022500141,1611661329,CHI,1627669,Moriah Jefferson,0,5,5,10
2025,1022500141,1611661329,CHI,1627671,Rachel Banham,0,2,2,10
2025,1022500141,1611661329,CHI,204296,Rebecca Allen,0,0,0,9
2025,1022500142,1611661324,MIN,1629501,Alanna Smith,0,3,3,8
2025,1022500142,1611661324,MIN,1642797,Anastasiia Olairi Kosu,0,0,0,4
2025,1022500142,1611661324,MIN,1629524,Bridget Carleton,0,4,5,8
2025,1022500142,1611661324,MIN,1627675,Courtney Williams,0,8,5,8
2025,1022500142,1611661324,MIN,1641649,Diamond Miller,0,0,0,5
2025,1022500142,1611661324,MIN,1629491,Jessica Shepard,0,3,2,8
2025,1022500142,1611661324,MIN,203825,Kayla McBride,0,6,5,8
2025,1022500142,1611661324,MIN,1628926,Maria Kliundikova,0,0,0,8
2025,1022500142,1611661324,MIN,1629483,Napheesa Collier,0,0,0,8
2025,1022500142,1611661324,MIN,1629567,Natisha Hiedeman,0,2,2,7
2025,1022500142,1611661317,PHX,203826,Alyssa Thomas,0,9,9,8
2025,1022500142,1611661317,PHX,201886,DeWanna Bonner,0,2,2,9
2025,1022500142,1611661317,PHX,1629480,Kalani Brown,0,2,1,8
2025,1022500142,1611661317,PHX,1628957,Kathryn Westbeld,0,0,0,10
2025,1022500142,1611661317,PHX,1630461,Kiana Williams,0,4,3,9
2025,1022500142,1611661317,PHX,1629490,Kitija Laksa,0,2,1,9
2025,1022500142,1611661317,PHX,1630442,Natasha Mack,0,0,0,10
2025,1022500142,1611661317,PHX,1628244,Sami Whitcomb,0,4,5,9
2025,1022500143,1611661331,GSV,1642304,Carla Leite,0,2,2,8
2025,1022500143,1611661331,GSV,1628508,Cecilia Zandalasini,0,0,0,8
2025,1022500143,1611661331,GSV,1642767,Janelle Salaun,0,0,0,7
2025,1022500143,1611661331,GSV,1642822,Kaitlyn Chen,0,0,0,7
2025,1022500143,1611661331,GSV,1642324,Kate Martin,0,2,2,8
2025,1022500143,1611661331,GSV,203866,Kayla Thornton,0,2,2,7
2025,1022500143,1611661331,GSV,1641656,Laeticia Amihere,0,1,1,7
2025,1022500143,1611661331,GSV,1628881,Monique Billings,0,0,0,5
2025,1022500143,1611661331,GSV,1627701,Temi Fagbenle,0,1,1,7
2025,1022500143,1611661331,GSV,203026,Tiffany Hayes,0,1,1,7
2025,1022500143,1611661331,GSV,1631007,Veronica Burton,0,4,4,8
2025,1022500143,1611661328,SEA,202252,Alysha Clark,0,1,1,8
2025,1022500143,1611661328,SEA,204365,Erica Wheeler,0,2,2,11
2025,1022500143,1611661328,SEA,1629496,Ezi Magbegor,0,0,0,10
2025,1022500143,1611661328,SEA,1628931,Gabby Williams,0,3,2,10
2025,1022500143,1611661328,SEA,1628882,Lexie Brown,0,1,1,9
2025,1022500143,1611661328,SEA,203014,Nneka Ogwumike,0,0,1,11
2025,1022500143,1611661328,SEA,203400,Skylar Diggins,0,8,6,8
2025,1022500143,1611661328,SEA,1627676,Tiffany Mitchell,0,0,0,10
2025,1022500144,1611661325,IND,1630462,Aari McDonald,0,4,5,10
2025,1022500144,1611661325,IND,1641648,Aliyah Boston,0,6,6,10
2025,1022500144,1611661325,IND,203024,Damiris Dantas,0,0,0,10
2025,1022500144,1611661325,IND,1628909,Kelsey Mitchell,0,0,0,9
2025,1022500144,1611661325,IND,1631086,Lexie Hull,0,2,2,10
2025,1022500144,1611661325,IND,1642815,Makayla Timpson,0,0,0,10
2025,1022500144,1611661325,IND,203827,Natasha Howard,0,1,1,8
2025,1022500144,1611661325,IND,1629482,Sophie Cunningham,0,0,0,9
2025,1022500144,1611661325,IND,202641,Sydney Colson,0,1,2,9
2025,1022500144,1611661313,NYL,1627668,Breanna Stewart,0,5,7,9
2025,1022500144,1611661313,NYL,204330,Isabelle Harrison,0,2,1,9
2025,1022500144,1611661313,NYL,1642320,Jaylyn Sherrod,0,0,0,5
2025,1022500144,1611661313,NYL,1629568,Kennedy Burke,0,1,2,9
2025,1022500144,1611661313,NYL,1630142,Leonie Fiebich,0,0,1,8
2025,1022500144,1611661313,NYL,1629546,Marine Johannes,0,3,3,9
2025,1022500144,1611661313,NYL,204333,Natasha Cloud,0,3,3,9
2025,1022500144,1611661313,NYL,1631055,Nyara Sabally,0,3,3,9
2025,1022500144,1611661313,NYL,203822,Rebekah Gardner,0,0,1,6
2025,1022500144,1611661313,NYL,1629477,Sabrina Ionescu,0,9,9,8
2025,1022500145,1611661321,DAL,1629481,Arike Ogunbowale,0,9,6,9
2025,1022500145,1611661321,DAL,1642793,Aziaha James,0,3,3,8
2025,1022500145,1611661321,DAL,1641650,Haley Jones,0,3,4,9
2025,1022500145,1611661321,DAL,1642808,JJ Quinerly,0,4,4,9
2025,1022500145,1611661321,DAL,1629574,Li Yueru,0,2,3,9
2025,1022500145,1611661321,DAL,1630143,Luisa Geiselsoder,0,1,1,8
2025,1022500145,1611661321,DAL,1628899,Myisha Hines-Allen,0,3,3,8
2025,1022500145,1611661321,DAL,1642784,Paige Bueckers,0,11,8,9
2025,1022500145,1611661321,DAL,1629479,Teaira McCowan,0,0,0,5
2025,1022500145,1611661319,LVA,1628932,A'ja Wilson,0,2,2,8
2025,1022500145,1611661319,LVA,1642801,Aaliyah Nye,0,1,1,9
2025,1022500145,1611661319,LVA,203833,Chelsea Gray,0,5,7,7
2025,1022500145,1611661319,LVA,1630389,Dana Evans,0,2,3,8
2025,1022500145,1611661319,LVA,1629498,Jackie Young,0,7,6,8
2025,1022500145,1611661319,LVA,204319,Jewell Loyd,0,2,2,8
2025,1022500145,1611661319,LVA,204329,Kiah Stokes,0,0,0,8
2025,1022500145,1611661319,LVA,1629484,Megan DiLeo,0,1,1,9
2025,1022500145,1611661319,LVA,1631019,NaLyssa Smith,0,1,1,8
2025,1022500146,1611661320,LAS,1628922,Azura Stevens,0,1,1,8
2025,1022500146,1611661320,LAS,204324,Dearica Hamby,0,3,3,9
2025,1022500146,1611661320,LAS,1627700,Julie Allemand,0,3,4,8
2025,1022500146,1611661320,LAS,1642210,Julie Vanloo,0,2,2,9
2025,1022500146,1611661320,LAS,1628276,Kelsey Plum,0,7,7,9
2025,1022500146,1611661320,LAS,1630996,Rae Burrell,0,3,2,8
2025,1022500146,1611661320,LAS,1642288,Rickea Jackson,0,4,4,9
2025,1022500146,1611661320,LAS,1642790,Sania Feagin,0,0,0,9
2025,1022500146,1611661320,LAS,1642782,Sarah Ashlee Barker,0,1,1,5
2025,1022500146,1611661322,WAS,1642290,Aaliyah Edwards,0,0,0,9
2025,1022500146,1611661322,WAS,1628279,Brittney Sykes,0,5,5,8
2025,1022500146,1611661322,WAS,1631141,Jade Melbourne,0,2,3,9
2025,1022500146,1611661322,WAS,1642792,Kiki Iriafen,0,1,1,9
2025,1022500146,1611661322,WAS,1642802,Lucy Olsen,0,0,0,6
2025,1022500146,1611661322,WAS,1631022,Shakira Austin,0,1,2,9
2025,1022500146,1611661322,WAS,1642785,Sonia Citron,0,6,6,8
2025,1022500146,1611661322,WAS,203828,Stefanie Dolson,0,1,1,9
2025,1022500146,1611661322,WAS,1630134,Sug Sutton,0,4,4,8
2025,1022500147,1611661325,IND,1630462,Aari McDonald,0,6,6,8
2025,1022500147,1611661325,IND,1641648,Aliyah Boston,0,7,6,8
2025,1022500147,1611661325,IND,203024,Damiris Dantas,0,0,0,7
2025,1022500147,1611661325,IND,1628909,Kelsey Mitchell,0,4,2,9
2025,1022500147,1611661325,IND,1631086,Lexie Hull,0,2,2,9
2025,1022500147,1611661325,IND,203827,Natasha Howard,0,0,0,8
2025,1022500147,1611661325,IND,1629482,Sophie Cunningham,0,0,0,9
2025,1022500147,1611661325,IND,202641,Sydney Colson,0,3,2,9
2025,1022500147,1611661313,NYL,1627668,Breanna Stewart,0,7,6,8
2025,1022500147,1611661313,NYL,204330,Isabelle Harrison,0,0,0,8
2025,1022500147,1611661313,NYL,1627673,Jonquel Jones,0,2,2,8
2025,1022500147,1611661313,NYL,1629568,Kennedy Burke,0,0,0,8
2025,1022500147,1611661313,NYL,1630142,Leonie Fiebich,0,3,2,7
2025,1022500147,1611661313,NYL,1629546,Marine Johannes,0,0,1,8
2025,1022500147,1611661313,NYL,204333,Natasha Cloud,0,4,4,8
2025,1022500147,1611661313,NYL,1629477,Sabrina Ionescu,0,9,9,8
2025,1022500147,1611661313,NYL,203855,Stephanie Talbot,0,0,1,4
2025,1022500148,1611661329,CHI,1642291,Angel Reese,0,2,2,9
2025,1022500148,1611661329,CHI,204322,Elizabeth Williams,0,1,1,10
2025,1022500148,1611661329,CHI,1642817,Hailey Van Lith,0,4,4,10
2025,1022500148,1611661329,CHI,1642289,Kamilla Cardoso,0,3,2,9
2025,1022500148,1611661329,CHI,1628915,Kia Nurse,0,0,1,10
2025,1022500148,1611661329,CHI,1642818,Maddy Westbeld,0,0,0,9
2025,1022500148,1611661329,CHI,1627671,Rachel Banham,0,0,0,8
2025,1022500148,1611661329,CHI,204296,Rebecca Allen,0,1,1,9
2025,1022500148,1611661324,MIN,1629501,Alanna Smith,0,2,2,8
2025,1022500148,1611661324,MIN,1642797,Anastasiia Olairi Kosu,0,0,0,4
2025,1022500148,1611661324,MIN,1629524,Bridget Carleton,0,0,0,8
2025,1022500148,1611661324,MIN,1627675,Courtney Williams,0,9,7,8
2025,1022500148,1611661324,MIN,1641649,Diamond Miller,0,0,0,8
2025,1022500148,1611661324,MIN,1629491,Jessica Shepard,0,1,1,7
2025,1022500148,1611661324,MIN,203825,Kayla McBride,0,2,3,8
2025,1022500148,1611661324,MIN,1628926,Maria Kliundikova,0,0,0,8
2025,1022500148,1611661324,MIN,1629483,Napheesa Collier,0,4,4,8
2025,1022500148,1611661324,MIN,1629567,Natisha Hiedeman,0,3,3,8
2025,1022500149,1611661330,ATL,1628277,Allisha Gray,0,2,2,9
2025,1022500149,1611661330,ATL,1628280,Brionna Jones,0,5,4,9
2025,1022500149,1611661330,ATL,203398,Brittney Griner,0,0,0,8
2025,1022500149,1611661330,ATL,1628886,Jordin Canada,0,6,6,9
2025,1022500149,1611661330,ATL,1630471,Maya Caldwell,0,1,1,8
2025,1022500149,1611661330,ATL,1631044,Naz Hillmon,0,1,1,8
2025,1022500149,1611661330,ATL,1628269,Nia Coffey,0,0,0,5
2025,1022500149,1611661330,ATL,1628278,Shatori Walker-Kimbrough,0,0,0,9
2025,1022500149,1611661330,ATL,1642814,Taylor Thierry,0,0,0,3
2025,1022500149,1611661330,ATL,1642804,Te-Hina Paopao,0,1,1,9
2025,1022500149,1611661319,LVA,1628932,A'ja Wilson,0,4,5,9
2025,1022500149,1611661319,LVA,1642801,Aaliyah Nye,0,1,1,10
2025,1022500149,1611661319,LVA,203833,Chelsea Gray,0,5,5,8
2025,1022500149,1611661319,LVA,1630389,Dana Evans,0,2,2,9
2025,1022500149,1611661319,LVA,1629498,Jackie Young,0,8,7,8
2025,1022500149,1611661319,LVA,204319,Jewell Loyd,0,0,0,8
2025,1022500149,1611661319,LVA,204329,Kiah Stokes,0,0,0,9
2025,1022500149,1611661319,LVA,1631006,Kierstan Bell,0,0,0,2
2025,1022500149,1611661319,LVA,1629484,Megan DiLeo,0,0,0,8
2025,1022500149,1611661319,LVA,1631019,NaLyssa Smith,0,0,0,8
2025,1022500150,1611661321,DAL,1629481,Arike Ogunbowale,0,3,3,9
2025,1022500150,1611661321,DAL,1642793,Aziaha James,0,0,1,9
2025,1022500150,1611661321,DAL,1630096,DiJonai Carrington,0,1,1,9
2025,1022500150,1611661321,DAL,1641658,Grace Berger,0,3,2,10
2025,1022500150,1611661321,DAL,1641650,Haley Jones,0,6,6,10
2025,1022500150,1611661321,DAL,1642808,JJ Quinerly,0,4,4,8
2025,1022500150,1611661321,DAL,1629574,Li Yueru,0,0,0,8
2025,1022500150,1611661321,DAL,1630143,Luisa Geiselsoder,0,1,2,10
2025,1022500150,1611661321,DAL,1642784,Paige Bueckers,0,4,6,9
2025,1022500150,1611661321,DAL,1629479,Teaira McCowan,0,0,0,6
2025,1022500150,1611661328,SEA,202252,Alysha Clark,0,2,1,9
2025,1022500150,1611661328,SEA,1642798,Dominique Malonga,0,2,1,9
2025,1022500150,1611661328,SEA,204365,Erica Wheeler,0,2,2,9
2025,1022500150,1611661328,SEA,1629496,Ezi Magbegor,0,3,3,10
2025,1022500150,1611661328,SEA,1628931,Gabby Williams,0,7,8,9
2025,1022500150,1611661328,SEA,1628882,Lexie Brown,0,2,2,9
2025,1022500150,1611661328,SEA,1642307,Mackenzie Holmes,0,0,0,6
2025,1022500150,1611661328,SEA,203014,Nneka Ogwumike,0,0,0,9
2025,1022500150,1611661328,SEA,1627676,Tiffany Mitchell,0,2,1,10
2025,1022500150,1611661328,SEA,1641660,Zia Cooke,0,0,0,8
2025,1022500151,1611661330,ATL,1628277,Allisha Gray,0,8,6,10
2025,1022500151,1611661330,ATL,1628280,Brionna Jones,0,4,4,10
2025,1022500151,1611661330,ATL,203398,Brittney Griner,0,1,1,8
2025,1022500151,1611661330,ATL,1628886,Jordin Canada,0,5,6,10
2025,1022500151,1611661330,ATL,1630471,Maya Caldwell,0,4,4,9
2025,1022500151,1611661330,ATL,1631044,Naz Hillmon,0,3,3,10
2025,1022500151,1611661330,ATL,1628269,Nia Coffey,0,0,0,8
2025,1022500151,1611661330,ATL,1628278,Shatori Walker-Kimbrough,0,1,1,9
2025,1022500151,1611661330,ATL,1642804,Te-Hina Paopao,0,0,0,5
2025,1022500151,1611661317,PHX,203826,Alyssa Thomas,0,9,9,9
2025,1022500151,1611661317,PHX,201886,DeWanna Bonner,0,1,1,7
2025,1022500151,1611661317,PHX,1627674,Kahleah Copper,0,0,0,8
2025,1022500151,1611661317,PHX,1629480,Kalani Brown,0,0,0,8
2025,1022500151,1611661317,PHX,1628957,Kathryn Westbeld,0,2,2,8
2025,1022500151,1611661317,PHX,1629490,Kitija Laksa,0,0,0,6
2025,1022500151,1611661317,PHX,1631118,Lexi Held,0,0,0,9
2025,1022500151,1611661317,PHX,1630442,Natasha Mack,0,3,3,9
2025,1022500151,1611661317,PHX,1628244,Sami Whitcomb,0,1,2,8
2025,1022500151,1611661317,PHX,1630149,Satou Sabally,0,1,1,8
2025,1022500152,1611661323,CON,1642800,Aneesah Morrow,0,0,0,10
2025,1022500152,1611661323,CON,203829,Bria Hartley,0,2,2,7
2025,1022500152,1611661323,CON,203863,Haley Peters,0,0,0,7
2025,1022500152,1611661323,CON,1642292,Jacy Sheldon,0,0,1,8
2025,1022500152,1611661323,CON,1642303,Leila Lacan,0,7,6,10
2025,1022500152,1611661323,CON,1628263,Lindsay Allen,0,3,3,9
2025,1022500152,1611661323,CON,1642841,Mamignan Toure,0,0,0,6
2025,1022500152,1611661323,CON,1629497,Marina Mabrey,0,2,3,9
2025,1022500152,1611661323,CON,1631135,Olivia Nelson-Ododa,0,0,0,9
2025,1022500152,1611661323,CON,1642809,Saniya Rivers,0,1,1,9
2025,1022500152,1611661323,CON,202250,Tina Charles,0,1,2,9
2025,1022500152,1611661320,LAS,1628922,Azura Stevens,0,3,4,10
2025,1022500152,1611661320,LAS,204324,Dearica Hamby,0,2,2,10
2025,1022500152,1611661320,LAS,1628242,Emma Cannon,0,0,0,9
2025,1022500152,1611661320,LAS,1627700,Julie Allemand,0,5,4,11
2025,1022500152,1611661320,LAS,1642210,Julie Vanloo,0,1,1,11
2025,1022500152,1611661320,LAS,1628276,Kelsey Plum,0,5,6,10
2025,1022500152,1611661320,LAS,1630996,Rae Burrell,0,3,2,11
2025,1022500152,1611661320,LAS,1642288,Rickea Jackson,0,2,2,9
2025,1022500152,1611661320,LAS,1642790,Sania Feagin,0,0,0,3
2025,1022500152,1611661320,LAS,1642782,Sarah Ashlee Barker,0,0,0,3
2025,1022500153,1611661325,IND,1630462,Aari McDonald,0,4,4,8
2025,1022500153,1611661325,IND,1641648,Aliyah Boston,0,3,3,10
2025,1022500153,1611661325,IND,203024,Damiris Dantas,0,0,0,4
2025,1022500153,1611661325,IND,1628909,Kelsey Mitchell,0,3,4,10
2025,1022500153,1611661325,IND,1631086,Lexie Hull,0,1,1,9
2025,1022500153,1611661325,IND,1642815,Makayla Timpson,0,0,0,8
2025,1022500153,1611661325,IND,203827,Natasha Howard,0,2,1,10
2025,1022500153,1611661325,IND,1629482,Sophie Cunningham,0,0,0,10
2025,1022500153,1611661325,IND,202641,Sydney Colson,0,5,4,8
2025,1022500153,1611661319,LVA,1628932,A'ja Wilson,0,2,2,9
2025,1022500153,1611661319,LVA,1642801,Aaliyah Nye,0,0,0,8
2025,1022500153,1611661319,LVA,203833,Chelsea Gray,0,4,4,9
2025,1022500153,1611661319,LVA,1630389,Dana Evans,0,1,1,8
2025,1022500153,1611661319,LVA,1629498,Jackie Young,0,3,3,8
2025,1022500153,1611661319,LVA,204319,Jewell Loyd,0,0,0,7
2025,1022500153,1611661319,LVA,204329,Kiah Stokes,0,0,0,6
2025,1022500153,1611661319,LVA,1631006,Kierstan Bell,0,0,0,6
2025,1022500153,1611661319,LVA,1629484,Megan DiLeo,0,0,0,8
2025,1022500153,1611661319,LVA,1631019,NaLyssa Smith,0,2,2,9
2025,1022500154,1611661329,CHI,204322,Elizabeth Williams,0,4,3,10
2025,1022500154,1611661329,CHI,1642817,Hailey Van Lith,0,7,5,11
2025,1022500154,1611661329,CHI,1642289,Kamilla Cardoso,0,0,0,11
2025,1022500154,1611661329,CHI,1628915,Kia Nurse,0,0,0,10
2025,1022500154,1611661329,CHI,1642818,Maddy Westbeld,0,1,2,11
2025,1022500154,1611661329,CHI,1642301,Marquesha Davis,0,0,0,8
2025,1022500154,1611661329,CHI,1627669,Moriah Jefferson,0,0,0,2
2025,1022500154,1611661329,CHI,1627671,Rachel Banham,0,1,1,11
2025,1022500154,1611661329,CHI,204296,Rebecca Allen,0,4,3,9
2025,1022500154,1611661328,SEA,202252,Alysha Clark,0,4,3,8
2025,1022500154,1611661328,SEA,1642798,Dominique Malonga,0,3,3,8
2025,1022500154,1611661328,SEA,204365,Erica Wheeler,0,4,4,8
2025,1022500154,1611661328,SEA,1629496,Ezi Magbegor,0,1,1,8
2025,1022500154,1611661328,SEA,1628931,Gabby Williams,0,7,7,8
2025,1022500154,1611661328,SEA,1628882,Lexie Brown,0,2,2,8
2025,1022500154,1611661328,SEA,1642307,Mackenzie Holmes,0,0,0,6
2025,1022500154,1611661328,SEA,203014,Nneka Ogwumike,0,1,1,8
2025,1022500154,1611661328,SEA,203400,Skylar Diggins,0,3,3,8
2025,1022500154,1611661328,SEA,1627676,Tiffany Mitchell,0,0,0,8
2025,1022500154,1611661328,SEA,1641660,Zia Cooke,0,1,1,6
2025,1022500155,1611661313,NYL,1627668,Breanna Stewart,0,6,5,8
2025,1022500155,1611661313,NYL,1642320,Jaylyn Sherrod,0,0,0,1
2025,1022500155,1611661313,NYL,1627673,Jonquel Jones,0,1,1,9
2025,1022500155,1611661313,NYL,1629568,Kennedy Burke,0,1,2,9
2025,1022500155,1611661313,NYL,1630142,Leonie Fiebich,0,2,2,9
2025,1022500155,1611661313,NYL,1629546,Marine Johannes,0,0,0,9
2025,1022500155,1611661313,NYL,204333,Natasha Cloud,0,3,3,9
2025,1022500155,1611661313,NYL,203822,Rebekah Gardner,0,1,1,6
2025,1022500155,1611661313,NYL,1629477,Sabrina Ionescu,0,6,8,9
2025,1022500155,1611661313,NYL,203855,Stephanie Talbot,0,0,0,5
2025,1022500155,1611661317,PHX,203826,Alyssa Thomas,0,7,8,9
2025,1022500155,1611661317,PHX,201886,DeWanna Bonner,0,2,2,8
2025,1022500155,1611661317,PHX,1627674,Kahleah Copper,0,0,0,8
2025,1022500155,1611661317,PHX,1629490,Kitija Laksa,0,0,0,8
2025,1022500155,1611661317,PHX,1631118,Lexi Held,0,2,2,7
2025,1022500155,1611661317,PHX,1642777,Monique Akoa Makani,0,3,4,8
2025,1022500155,1611661317,PHX,1630442,Natasha Mack,0,0,0,8
2025,1022500155,1611661317,PHX,1628244,Sami Whitcomb,0,3,3,10
2025,1022500155,1611661317,PHX,1630149,Satou Sabally,0,3,3,8
2025,1022500156,1611661319,LVA,1628932,A'ja Wilson,0,3,3,9
2025,1022500156,1611661319,LVA,1642801,Aaliyah Nye,0,0,0,9
2025,1022500156,1611661319,LVA,203833,Chelsea Gray,0,0,0,8
2025,1022500156,1611661319,LVA,1630389,Dana Evans,0,7,5,10
2025,1022500156,1611661319,LVA,1629498,Jackie Young,0,7,5,9
2025,1022500156,1611661319,LVA,204319,Jewell Loyd,0,1,1,10
2025,1022500156,1611661319,LVA,204329,Kiah Stokes,0,0,0,10
2025,1022500156,1611661319,LVA,1631006,Kierstan Bell,0,0,0,10
2025,1022500156,1611661319,LVA,1629484,Megan DiLeo,0,2,1,10
2025,1022500156,1611661319,LVA,1631019,NaLyssa Smith,0,0,0,10
2025,1022500156,1611661324,MIN,1629501,Alanna Smith,0,5,4,10
2025,1022500156,1611661324,MIN,1642797,Anastasiia Olairi Kosu,0,0,0,6
2025,1022500156,1611661324,MIN,1629524,Bridget Carleton,0,0,0,10
2025,1022500156,1611661324,MIN,1627675,Courtney Williams,0,5,5,10
2025,1022500156,1611661324,MIN,1641649,Diamond Miller,0,0,0,10
2025,1022500156,1611661324,MIN,1629491,Jessica Shepard,0,4,4,10
2025,1022500156,1611661324,MIN,203825,Kayla McBride,0,3,3,10
2025,1022500156,1611661324,MIN,1628926,Maria Kliundikova,0,0,1,9
2025,1022500156,1611661324,MIN,1629483,Napheesa Collier,0,1,2,10
2025,1022500156,1611661324,MIN,1629567,Natisha Hiedeman,0,3,3,10
2025,1022500157,1611661321,DAL,1629481,Arike Ogunbowale,0,3,3,8
2025,1022500157,1611661321,DAL,1642793,Aziaha James,0,1,1,8
2025,1022500157,1611661321,DAL,1630096,DiJonai Carrington,0,1,1,8
2025,1022500157,1611661321,DAL,1641650,Haley Jones,0,3,3,8
2025,1022500157,1611661321,DAL,1642808,JJ Quinerly,0,3,3,9
2025,1022500157,1611661321,DAL,1629574,Li Yueru,0,0,0,7
2025,1022500157,1611661321,DAL,1630143,Luisa Geiselsoder,0,2,2,9
2025,1022500157,1611661321,DAL,1642784,Paige Bueckers,0,6,6,9
2025,1022500157,1611661331,GSV,1642304,Carla Leite,0,3,3,7
2025,1022500157,1611661331,GSV,1628508,Cecilia Zandalasini,0,4,4,8
2025,1022500157,1611661331,GSV,1630387,Iliana Rupert,0,3,2,8
2025,1022500157,1611661331,GSV,1642767,Janelle Salaun,0,3,3,8
2025,1022500157,1611661331,GSV,1642822,Kaitlyn Chen,0,0,0,5
2025,1022500157,1611661331,GSV,1641656,Laeticia Amihere,0,0,0,7
2025,1022500157,1611661331,GSV,1627701,Temi Fagbenle,0,1,1,8
2025,1022500157,1611661331,GSV,203026,Tiffany Hayes,0,5,5,8
2025,1022500157,1611661331,GSV,1631007,Veronica Burton,0,3,3,8
2025,1022500158,1611661329,CHI,204322,Elizabeth Williams,0,0,0,9
2025,1022500158,1611661329,CHI,1642289,Kamilla Cardoso,0,3,3,9
2025,1022500158,1611661329,CHI,1628915,Kia Nurse,0,1,1,9
2025,1022500158,1611661329,CHI,1642818,Maddy Westbeld,0,2,2,9
2025,1022500158,1611661329,CHI,1642301,Marquesha Davis,0,0,0,6
2025,1022500158,1611661329,CHI,1630446,Michaela Onyenwere,0,2,2,8
2025,1022500158,1611661329,CHI,1627671,Rachel Banham,0,2,5,9
2025,1022500158,1611661329,CHI,204296,Rebecca Allen,0,4,4,9
2025,1022500158,1611661325,IND,1630462,Aari McDonald,0,4,4,8
2025,1022500158,1611661325,IND,1641648,Aliyah Boston,0,7,6,8
2025,1022500158,1611661325,IND,1631064,Chloe Bibby,0,0,0,7
2025,1022500158,1611661325,IND,1628909,Kelsey Mitchell,0,7,6,8
2025,1022500158,1611661325,IND,1631086,Lexie Hull,0,3,3,7
2025,1022500158,1611661325,IND,1642815,Makayla Timpson,0,1,1,8
2025,1022500158,1611661325,IND,203827,Natasha Howard,0,2,3,7
2025,1022500158,1611661325,IND,1629482,Sophie Cunningham,0,0,0,8
2025,1022500158,1611661325,IND,202641,Sydney Colson,0,2,3,8
2025,1022500159,1611661320,LAS,1628922,Azura Stevens,0,2,2,10
2025,1022500159,1611661320,LAS,204324,Dearica Hamby,0,1,1,10
2025,1022500159,1611661320,LAS,1627700,Julie Allemand,0,9,10,10
2025,1022500159,1611661320,LAS,1642210,Julie Vanloo,0,0,0,6
2025,1022500159,1611661320,LAS,1628276,Kelsey Plum,0,8,8,10
2025,1022500159,1611661320,LAS,1630996,Rae Burrell,0,1,1,7
2025,1022500159,1611661320,LAS,1642288,Rickea Jackson,0,2,2,10
2025,1022500159,1611661320,LAS,1642790,Sania Feagin,0,0,0,6
2025,1022500159,1611661313,NYL,1627668,Breanna Stewart,0,0,0,5
2025,1022500159,1611661313,NYL,204330,Isabelle Harrison,0,0,0,7
2025,1022500159,1611661313,NYL,1627673,Jonquel Jones,0,5,4,8
2025,1022500159,1611661313,NYL,1629568,Kennedy Burke,0,0,0,6
2025,1022500159,1611661313,NYL,1630142,Leonie Fiebich,0,1,1,8
2025,1022500159,1611661313,NYL,1629546,Marine Johannes,0,1,1,8
2025,1022500159,1611661313,NYL,204333,Natasha Cloud,0,9,9,7
2025,1022500159,1611661313,NYL,203822,Rebekah Gardner,0,0,0,6
2025,1022500159,1611661313,NYL,1629477,Sabrina Ionescu,0,4,6,7
2025,1022500159,1611661313,NYL,203855,Stephanie Talbot,0,0,0,7
2025,1022500160,1611661328,SEA,202252,Alysha Clark,0,1,1,9
2025,1022500160,1611661328,SEA,1642798,Dominique Malonga,0,0,0,8
2025,1022500160,1611661328,SEA,204365,Erica Wheeler,0,6,6,9
2025,1022500160,1611661328,SEA,1629496,Ezi Magbegor,0,2,0,8
2025,1022500160,1611661328,SEA,1628931,Gabby Williams,0,1,1,9
2025,1022500160,1611661328,SEA,1628882,Lexie Brown,0,1,1,8
2025,1022500160,1611661328,SEA,203014,Nneka Ogwumike,0,2,3,8
2025,1022500160,1611661328,SEA,203400,Skylar Diggins,0,4,4,9
2025,1022500160,1611661328,SEA,1627676,Tiffany Mitchell,0,0,0,8
2025,1022500160,1611661322,WAS,1628279,Brittney Sykes,0,7,5,9
2025,1022500160,1611661322,WAS,1631083,Emily Engstler,0,0,0,8
2025,1022500160,1611661322,WAS,1631141,Jade Melbourne,0,4,4,8
2025,1022500160,1611661322,WAS,1642792,Kiki Iriafen,0,1,1,9
2025,1022500160,1611661322,WAS,1642802,Lucy Olsen,0,0,1,7
2025,1022500160,1611661322,WAS,1631022,Shakira Austin,0,0,1,8
2025,1022500160,1611661322,WAS,1642785,Sonia Citron,0,3,3,9
2025,1022500160,1611661322,WAS,203828,Stefanie Dolson,0,3,3,8
2025,1022500160,1611661322,WAS,1630134,Sug Sutton,0,3,2,8
2025,1022500161,1611661323,CON,1642800,Aneesah Morrow,0,0,0,10
2025,1022500161,1611661323,CON,203829,Bria Hartley,0,2,3,10
2025,1022500161,1611661323,CON,203863,Haley Peters,0,1,1,10
2025,1022500161,1611661323,CON,1642292,Jacy Sheldon,0,1,2,9
2025,1022500161,1611661323,CON,1642303,Leila Lacan,0,2,2,10
2025,1022500161,1611661323,CON,1628263,Lindsay Allen,0,4,4,10
2025,1022500161,1611661323,CON,1642841,Mamignan Toure,0,0,0,5
2025,1022500161,1611661323,CON,1629497,Marina Mabrey,0,4,4,10
2025,1022500161,1611661323,CON,1631135,Olivia Nelson-Ododa,0,0,0,10
2025,1022500161,1611661323,CON,1642796,Rayah Marshall,0,0,0,8
2025,1022500161,1611661323,CON,1642809,Saniya Rivers,0,3,3,9
2025,1022500161,1611661323,CON,202250,Tina Charles,0,3,2,10
2025,1022500161,1611661331,GSV,1642304,Carla Leite,0,1,1,12
2025,1022500161,1611661331,GSV,1628508,Cecilia Zandalasini,0,1,1,10
2025,1022500161,1611661331,GSV,1630387,Iliana Rupert,0,1,1,12
2025,1022500161,1611661331,GSV,1642767,Janelle Salaun,0,0,0,11
2025,1022500161,1611661331,GSV,1642822,Kaitlyn Chen,0,1,1,8
2025,1022500161,1611661331,GSV,1642324,Kate Martin,0,1,1,11
2025,1022500161,1611661331,GSV,1641656,Laeticia Amihere,0,3,2,11
2025,1022500161,1611661331,GSV,1627701,Temi Fagbenle,0,5,3,11
2025,1022500161,1611661331,GSV,203026,Tiffany Hayes,0,3,2,10
2025,1022500161,1611661331,GSV,1631007,Veronica Burton,0,2,3,11
2025,1022500162,1611661321,DAL,1629481,Arike Ogunbowale,0,4,4,9
2025,1022500162,1611661321,DAL,1642793,Aziaha James,0,0,0,9
2025,1022500162,1611661321,DAL,1630096,DiJonai Carrington,0,0,0,9
2025,1022500162,1611661321,DAL,1641658,Grace Berger,0,1,1,8
2025,1022500162,1611661321,DAL,1641650,Haley Jones,0,3,3,9
2025,1022500162,1611661321,DAL,1642808,JJ Quinerly,0,6,5,9
2025,1022500162,1611661321,DAL,1629574,Li Yueru,0,0,0,8
2025,1022500162,1611661321,DAL,1630143,Luisa Geiselsoder,0,0,0,7
2025,1022500162,1611661321,DAL,1629479,Teaira McCowan,0,2,2,9
2025,1022500162,1611661319,LVA,1628932,A'ja Wilson,0,8,7,9
2025,1022500162,1611661319,LVA,1642801,Aaliyah Nye,0,0,0,8
2025,1022500162,1611661319,LVA,203833,Chelsea Gray,0,8,8,9
2025,1022500162,1611661319,LVA,1630389,Dana Evans,0,3,3,8
2025,1022500162,1611661319,LVA,1629498,Jackie Young,0,10,8,9
2025,1022500162,1611661319,LVA,204319,Jewell Loyd,0,2,2,8
2025,1022500162,1611661319,LVA,1631006,Kierstan Bell,0,1,1,9
2025,1022500162,1611661319,LVA,1629484,Megan DiLeo,0,1,1,8
2025,1022500162,1611661319,LVA,1631019,NaLyssa Smith,0,0,0,9
2025,1022500163,1611661317,PHX,203826,Alyssa Thomas,0,7,8,9
2025,1022500163,1611661317,PHX,201886,DeWanna Bonner,0,0,0,9
2025,1022500163,1611661317,PHX,1627674,Kahleah Copper,0,3,3,9
2025,1022500163,1611661317,PHX,1628957,Kathryn Westbeld,0,0,0,9
2025,1022500163,1611661317,PHX,1630461,Kiana Williams,0,0,0,4
2025,1022500163,1611661317,PHX,1629490,Kitija Laksa,0,0,0,8
2025,1022500163,1611661317,PHX,1631118,Lexi Held,0,2,1,6
2025,1022500163,1611661317,PHX,1642777,Monique Akoa Makani,0,1,1,8
2025,1022500163,1611661317,PHX,1630442,Natasha Mack,0,0,0,8
2025,1022500163,1611661317,PHX,1628244,Sami Whitcomb,0,7,6,8
2025,1022500163,1611661317,PHX,1630149,Satou Sabally,0,4,3,9
2025,1022500163,1611661322,WAS,1628279,Brittney Sykes,0,4,4,9
2025,1022500163,1611661322,WAS,1631083,Emily Engstler,0,1,1,10
2025,1022500163,1611661322,WAS,1631141,Jade Melbourne,0,5,4,11
2025,1022500163,1611661322,WAS,1642792,Kiki Iriafen,0,0,0,9
2025,1022500163,1611661322,WAS,1642802,Lucy Olsen,0,3,2,9
2025,1022500163,1611661322,WAS,1631022,Shakira Austin,0,1,1,10
2025,1022500163,1611661322,WAS,1642785,Sonia Citron,0,1,2,10
2025,1022500163,1611661322,WAS,203828,Stefanie Dolson,0,2,2,9
2025,1022500163,1611661322,WAS,1630134,Sug Sutton,0,3,3,7
2025,1022500164,1611661330,ATL,1628277,Allisha Gray,0,2,2,9
2025,1022500164,1611661330,ATL,1628280,Brionna Jones,0,1,2,8
2025,1022500164,1611661330,ATL,203398,Brittney Griner,0,4,3,9
2025,1022500164,1611661330,ATL,1628886,Jordin Canada,0,3,3,9
2025,1022500164,1611661330,ATL,1630471,Maya Caldwell,0,3,3,9
2025,1022500164,1611661330,ATL,1631044,Naz Hillmon,0,2,2,9
2025,1022500164,1611661330,ATL,1628269,Nia Coffey,0,2,2,8
2025,1022500164,1611661330,ATL,1628278,Shatori Walker-Kimbrough,0,1,1,8
2025,1022500164,1611661330,ATL,1642804,Te-Hina Paopao,0,4,4,7
2025,1022500164,1611661324,MIN,1629501,Alanna Smith,0,2,2,9
2025,1022500164,1611661324,MIN,1629524,Bridget Carleton,0,1,1,6
2025,1022500164,1611661324,MIN,1627675,Courtney Williams,0,9,9,9
2025,1022500164,1611661324,MIN,1641649,Diamond Miller,0,0,0,8
2025,1022500164,1611661324,MIN,1629491,Jessica Shepard,0,3,3,9
2025,1022500164,1611661324,MIN,203825,Kayla McBride,0,3,3,8
2025,1022500164,1611661324,MIN,1628926,Maria Kliundikova,0,0,0,6
2025,1022500164,1611661324,MIN,1629483,Napheesa Collier,0,6,7,9
2025,1022500164,1611661324,MIN,1629567,Natisha Hiedeman,0,3,3,9
2025,1022500165,1611661323,CON,1642800,Aneesah Morrow,0,1,1,8
2025,1022500165,1611661323,CON,203829,Bria Hartley,0,4,4,11
2025,1022500165,1611661323,CON,203863,Haley Peters,0,1,1,10
2025,1022500165,1611661323,CON,1642292,Jacy Sheldon,0,2,2,10
2025,1022500165,1611661323,CON,1642303,Leila Lacan,0,4,4,11
2025,1022500165,1611661323,CON,1628263,Lindsay Allen,0,1,1,7
2025,1022500165,1611661323,CON,1642841,Mamignan Toure,0,0,0,4
2025,1022500165,1611661323,CON,1629497,Marina Mabrey,0,1,2,9
2025,1022500165,1611661323,CON,1631135,Olivia Nelson-Ododa,0,2,2,11
2025,1022500165,1611661323,CON,1642796,Rayah Marshall,0,0,0,5
2025,1022500165,1611661323,CON,1642809,Saniya Rivers,0,1,1,6
2025,1022500165,1611661323,CON,202250,Tina Charles,0,2,2,9
2025,1022500165,1611661328,SEA,202252,Alysha Clark,0,3,3,11
2025,1022500165,1611661328,SEA,1642798,Dominique Malonga,0,0,0,12
2025,1022500165,1611661328,SEA,204365,Erica Wheeler,0,5,5,9
2025,1022500165,1611661328,SEA,1629496,Ezi Magbegor,0,3,3,10
2025,1022500165,1611661328,SEA,1628931,Gabby Williams,0,2,2,11
2025,1022500165,1611661328,SEA,1628882,Lexie Brown,0,2,2,9
2025,1022500165,1611661328,SEA,1642307,Mackenzie Holmes,0,0,0,6
2025,1022500165,1611661328,SEA,203014,Nneka Ogwumike,0,4,3,9
2025,1022500165,1611661328,SEA,203400,Skylar Diggins,0,11,11,11
2025,1022500165,1611661328,SEA,1627676,Tiffany Mitchell,0,1,1,8
2025,1022500165,1611661328,SEA,1641660,Zia Cooke,0,0,0,8
2025,1022500166,1611661321,DAL,1629481,Arike Ogunbowale,0,13,14,8
2025,1022500166,1611661321,DAL,1642793,Aziaha James,0,0,0,8
2025,1022500166,1611661321,DAL,1630096,DiJonai Carrington,0,1,1,7
2025,1022500166,1611661321,DAL,1641658,Grace Berger,0,1,1,9
2025,1022500166,1611661321,DAL,1641650,Haley Jones,0,2,2,8
2025,1022500166,1611661321,DAL,1642808,JJ Quinerly,0,1,1,7
2025,1022500166,1611661321,DAL,1629574,Li Yueru,0,0,1,9
2025,1022500166,1611661321,DAL,1630143,Luisa Geiselsoder,0,1,1,8
2025,1022500166,1611661321,DAL,1628899,Myisha Hines-Allen,0,1,2,8
2025,1022500166,1611661321,DAL,1642784,Paige Bueckers,0,3,4,9
2025,1022500166,1611661313,NYL,204330,Isabelle Harrison,0,0,0,9
2025,1022500166,1611661313,NYL,1642320,Jaylyn Sherrod,0,0,0,2
2025,1022500166,1611661313,NYL,1627673,Jonquel Jones,0,2,2,10
2025,1022500166,1611661313,NYL,1630142,Leonie Fiebich,0,0,0,10
2025,1022500166,1611661313,NYL,1629546,Marine Johannes,0,5,5,10
2025,1022500166,1611661313,NYL,204333,Natasha Cloud,0,5,8,10
2025,1022500166,1611661313,NYL,203822,Rebekah Gardner,0,1,1,9
2025,1022500166,1611661313,NYL,1629477,Sabrina Ionescu,0,5,5,10
2025,1022500166,1611661313,NYL,203855,Stephanie Talbot,0,4,3,10
2025,1022500167,1611661330,ATL,1628277,Allisha Gray,0,2,2,10
2025,1022500167,1611661330,ATL,1628280,Brionna Jones,0,0,0,10
2025,1022500167,1611661330,ATL,203398,Brittney Griner,0,0,0,10
2025,1022500167,1611661330,ATL,1628886,Jordin Canada,0,8,8,10
2025,1022500167,1611661330,ATL,1630471,Maya Caldwell,0,4,4,10
2025,1022500167,1611661330,ATL,1631044,Naz Hillmon,0,2,3,10
2025,1022500167,1611661330,ATL,1628269,Nia Coffey,0,0,0,3
2025,1022500167,1611661330,ATL,1628278,Shatori Walker-Kimbrough,0,1,1,9
2025,1022500167,1611661330,ATL,1642804,Te-Hina Paopao,0,0,0,5
2025,1022500167,1611661331,GSV,1642304,Carla Leite,0,2,2,9
2025,1022500167,1611661331,GSV,1628508,Cecilia Zandalasini,0,2,2,8
2025,1022500167,1611661331,GSV,1630387,Iliana Rupert,0,2,2,8
2025,1022500167,1611661331,GSV,1642767,Janelle Salaun,0,1,1,8
2025,1022500167,1611661331,GSV,1642324,Kate Martin,0,1,1,5
2025,1022500167,1611661331,GSV,1641656,Laeticia Amihere,0,1,1,9
2025,1022500167,1611661331,GSV,1628881,Monique Billings,0,0,0,7
2025,1022500167,1611661331,GSV,1627701,Temi Fagbenle,0,2,2,7
2025,1022500167,1611661331,GSV,203026,Tiffany Hayes,0,4,5,8
2025,1022500167,1611661331,GSV,1631007,Veronica Burton,0,1,1,7
2025,1022500168,1611661329,CHI,1642291,Angel Reese,0,3,3,9
2025,1022500168,1611661329,CHI,204322,Elizabeth Williams,0,3,3,9
2025,1022500168,1611661329,CHI,1642289,Kamilla Cardoso,0,0,0,9
2025,1022500168,1611661329,CHI,1628915,Kia Nurse,0,3,3,9
2025,1022500168,1611661329,CHI,1642818,Maddy Westbeld,0,0,0,7
2025,1022500168,1611661329,CHI,1630446,Michaela Onyenwere,0,2,2,9
2025,1022500168,1611661329,CHI,1627671,Rachel Banham,0,3,3,9
2025,1022500168,1611661329,CHI,204296,Rebecca Allen,0,2,2,9
2025,1022500168,1611661322,WAS,1628279,Brittney Sykes,0,5,6,8
2025,1022500168,1611661322,WAS,1631083,Emily Engstler,0,4,4,8
2025,1022500168,1611661322,WAS,1631141,Jade Melbourne,0,0,0,8
2025,1022500168,1611661322,WAS,1642792,Kiki Iriafen,0,4,4,8
2025,1022500168,1611661322,WAS,1642802,Lucy Olsen,0,3,2,8
2025,1022500168,1611661322,WAS,1631022,Shakira Austin,0,3,3,8
2025,1022500168,1611661322,WAS,1642785,Sonia Citron,0,2,2,8
2025,1022500168,1611661322,WAS,203828,Stefanie Dolson,0,1,1,7
2025,1022500168,1611661322,WAS,1630134,Sug Sutton,0,3,3,8
2025,1022500169,1611661320,LAS,1628922,Azura Stevens,0,0,0,10
2025,1022500169,1611661320,LAS,1642287,Cameron Brink,0,2,1,10
2025,1022500169,1611661320,LAS,204324,Dearica Hamby,0,1,1,9
2025,1022500169,1611661320,LAS,1627700,Julie Allemand,0,3,3,10
2025,1022500169,1611661320,LAS,1642210,Julie Vanloo,0,1,1,8
2025,1022500169,1611661320,LAS,1628276,Kelsey Plum,0,10,8,10
2025,1022500169,1611661320,LAS,1630996,Rae Burrell,0,2,2,10
2025,1022500169,1611661320,LAS,1642288,Rickea Jackson,0,0,0,9
2025,1022500169,1611661319,LVA,1628932,A'ja Wilson,0,6,4,7
2025,1022500169,1611661319,LVA,1642801,Aaliyah Nye,0,0,0,8
2025,1022500169,1611661319,LVA,203833,Chelsea Gray,0,7,8,8
2025,1022500169,1611661319,LVA,1630389,Dana Evans,0,1,1,8
2025,1022500169,1611661319,LVA,1629498,Jackie Young,0,12,11,8
2025,1022500169,1611661319,LVA,204319,Jewell Loyd,0,0,0,8
2025,1022500169,1611661319,LVA,204329,Kiah Stokes,0,0,0,6
2025,1022500169,1611661319,LVA,1631006,Kierstan Bell,0,1,1,8
2025,1022500169,1611661319,LVA,1629484,Megan DiLeo,0,0,0,8
2025,1022500169,1611661319,LVA,1631019,NaLyssa Smith,0,0,0,8
2025,1022500170,1611661325,IND,1630462,Aari McDonald,0,2,4,10
2025,1022500170,1611661325,IND,1641648,Aliyah Boston,0,1,1,10
2025,1022500170,1611661325,IND,1631064,Chloe Bibby,0,0,1,10
2025,1022500170,1611661325,IND,203024,Damiris Dantas,0,1,1,8
2025,1022500170,1611661325,IND,1628909,Kelsey Mitchell,0,3,3,10
2025,1022500170,1611661325,IND,1631086,Lexie Hull,0,0,1,10
2025,1022500170,1611661325,IND,1642815,Makayla Timpson,0,0,0,9
2025,1022500170,1611661325,IND,203827,Natasha Howard,0,3,3,9
2025,1022500170,1611661325,IND,1629482,Sophie Cunningham,0,1,1,10
2025,1022500170,1611661325,IND,202641,Sydney Colson,0,5,4,9
2025,1022500170,1611661317,PHX,203826,Alyssa Thomas,0,6,7,10
2025,1022500170,1611661317,PHX,201886,DeWanna Bonner,0,0,0,10
2025,1022500170,1611661317,PHX,1627674,Kahleah Copper,0,1,1,10
2025,1022500170,1611661317,PHX,1628957,Kathryn Westbeld,0,2,2,9
2025,1022500170,1611661317,PHX,1629490,Kitija Laksa,0,0,0,8
2025,1022500170,1611661317,PHX,1631118,Lexi Held,0,2,2,9
2025,1022500170,1611661317,PHX,1642777,Monique Akoa Makani,0,2,1,7
2025,1022500170,1611661317,PHX,1630442,Natasha Mack,0,1,1,9
2025,1022500170,1611661317,PHX,1628244,Sami Whitcomb,0,3,3,9
2025,1022500170,1611661317,PHX,1630149,Satou Sabally,0,1,1,10
2025,1022500171,1611661330,ATL,1628277,Allisha Gray,0,7,7,9
2025,1022500171,1611661330,ATL,1628280,Brionna Jones,0,3,3,9
2025,1022500171,1611661330,ATL,203398,Brittney Griner,0,1,1,7
2025,1022500171,1611661330,ATL,1630471,Maya Caldwell,0,1,2,9
2025,1022500171,1611661330,ATL,1631044,Naz Hillmon,0,3,3,9
2025,1022500171,1611661330,ATL,1628269,Nia Coffey,0,3,3,6
2025,1022500171,1611661330,ATL,1628278,Shatori Walker-Kimbrough,0,0,0,8
2025,1022500171,1611661330,ATL,1642814,Taylor Thierry,0,1,1,4
2025,1022500171,1611661330,ATL,1642804,Te-Hina Paopao,0,8,6,9
2025,1022500171,1611661321,DAL,1629481,Arike Ogunbowale,0,2,2,8
2025,1022500171,1611661321,DAL,1642793,Aziaha James,0,0,0,7
2025,1022500171,1611661321,DAL,1630096,DiJonai Carrington,0,2,3,9
2025,1022500171,1611661321,DAL,1641650,Haley Jones,0,3,3,9
2025,1022500171,1611661321,DAL,1642808,JJ Quinerly,0,2,2,9
2025,1022500171,1611661321,DAL,1629574,Li Yueru,0,1,1,8
2025,1022500171,1611661321,DAL,1630143,Luisa Geiselsoder,0,2,2,8
2025,1022500171,1611661321,DAL,1628899,Myisha Hines-Allen,0,1,1,7
2025,1022500171,1611661321,DAL,1642784,Paige Bueckers,0,6,7,8
2025,1022500172,1611661324,MIN,1629501,Alanna Smith,0,4,3,8
2025,1022500172,1611661324,MIN,1629524,Bridget Carleton,0,1,1,8
2025,1022500172,1611661324,MIN,1627675,Courtney Williams,0,14,13,8
2025,1022500172,1611661324,MIN,1641649,Diamond Miller,0,0,0,7
2025,1022500172,1611661324,MIN,1629491,Jessica Shepard,0,4,3,8
2025,1022500172,1611661324,MIN,203825,Kayla McBride,0,5,5,8
2025,1022500172,1611661324,MIN,1628926,Maria Kliundikova,0,0,0,2
2025,1022500172,1611661324,MIN,1629483,Napheesa Collier,0,2,2,8
2025,1022500172,1611661324,MIN,1629567,Natisha Hiedeman,0,1,1,8
2025,1022500172,1611661313,NYL,204330,Isabelle Harrison,0,2,2,8
2025,1022500172,1611661313,NYL,1627673,Jonquel Jones,0,2,2,7
2025,1022500172,1611661313,NYL,1630142,Leonie Fiebich,0,7,6,8
2025,1022500172,1611661313,NYL,1629546,Marine Johannes,0,0,0,6
2025,1022500172,1611661313,NYL,204333,Natasha Cloud,0,8,7,9
2025,1022500172,1611661313,NYL,203822,Rebekah Gardner,0,0,0,7
2025,1022500172,1611661313,NYL,1629477,Sabrina Ionescu,0,3,4,7
2025,1022500172,1611661313,NYL,203855,Stephanie Talbot,0,2,2,7
2025,1022500173,1611661331,GSV,1642304,Carla Leite,0,2,1,9
2025,1022500173,1611661331,GSV,1630387,Iliana Rupert,0,0,0,9
2025,1022500173,1611661331,GSV,1642767,Janelle Salaun,0,0,0,9
2025,1022500173,1611661331,GSV,1642822,Kaitlyn Chen,0,0,0,5
2025,1022500173,1611661331,GSV,1642324,Kate Martin,0,2,2,9
2025,1022500173,1611661331,GSV,1641656,Laeticia Amihere,0,1,1,9
2025,1022500173,1611661331,GSV,1627701,Temi Fagbenle,0,3,3,9
2025,1022500173,1611661331,GSV,203026,Tiffany Hayes,0,4,4,9
2025,1022500173,1611661331,GSV,1631007,Veronica Burton,0,11,10,9
2025,1022500173,1611661322,WAS,1628279,Brittney Sykes,0,2,2,8
2025,1022500173,1611661322,WAS,1631083,Emily Engstler,0,2,2,8
2025,1022500173,1611661322,WAS,1631141,Jade Melbourne,0,1,2,9
2025,1022500173,1611661322,WAS,1642792,Kiki Iriafen,0,1,1,8
2025,1022500173,1611661322,WAS,1642802,Lucy Olsen,0,1,1,8
2025,1022500173,1611661322,WAS,1631022,Shakira Austin,0,3,3,9
2025,1022500173,1611661322,WAS,1642785,Sonia Citron,0,1,2,8
2025,1022500173,1611661322,WAS,203828,Stefanie Dolson,0,0,0,8
2025,1022500173,1611661322,WAS,1630134,Sug Sutton,0,6,6,9
2025,1022500174,1611661330,ATL,1628277,Allisha Gray,0,4,2,11
2025,1022500174,1611661330,ATL,1628280,Brionna Jones,0,1,1,10
2025,1022500174,1611661330,ATL,1628886,Jordin Canada,0,12,11,10
2025,1022500174,1611661330,ATL,1630154,Kamiah Smalls,0,0,0,4
2025,1022500174,1611661330,ATL,1630471,Maya Caldwell,0,5,4,11
2025,1022500174,1611661330,ATL,1631044,Naz Hillmon,0,3,3,11
2025,1022500174,1611661330,ATL,1628269,Nia Coffey,0,1,1,11
2025,1022500174,1611661330,ATL,1628278,Shatori Walker-Kimbrough,0,1,2,11
2025,1022500174,1611661330,ATL,1642814,Taylor Thierry,0,0,0,5
2025,1022500174,1611661330,ATL,1642804,Te-Hina Paopao,0,2,3,9
2025,1022500174,1611661317,PHX,203826,Alyssa Thomas,0,3,3,8
2025,1022500174,1611661317,PHX,201886,DeWanna Bonner,0,0,0,8
2025,1022500174,1611661317,PHX,1627674,Kahleah Copper,0,1,1,8
2025,1022500174,1611661317,PHX,1629480,Kalani Brown,0,0,0,7
2025,1022500174,1611661317,PHX,1628957,Kathryn Westbeld,0,2,2,7
2025,1022500174,1611661317,PHX,1629490,Kitija Laksa,0,0,0,8
2025,1022500174,1611661317,PHX,1631118,Lexi Held,0,0,0,7
2025,1022500174,1611661317,PHX,1642777,Monique Akoa Makani,0,4,5,10
2025,1022500174,1611661317,PHX,1630442,Natasha Mack,0,3,3,10
2025,1022500174,1611661317,PHX,1628244,Sami Whitcomb,0,2,2,8
2025,1022500174,1611661317,PHX,1630149,Satou Sabally,0,0,0,7
2025,1022500175,1611661323,CON,1642800,Aneesah Morrow,0,3,1,7
2025,1022500175,1611661323,CON,203829,Bria Hartley,0,1,2,8
2025,1022500175,1611661323,CON,1642292,Jacy Sheldon,0,2,3,8
2025,1022500175,1611661323,CON,1642303,Leila Lacan,0,1,1,8
2025,1022500175,1611661323,CON,1629497,Marina Mabrey,0,9,8,8
2025,1022500175,1611661323,CON,1631135,Olivia Nelson-Ododa,0,1,1,8
2025,1022500175,1611661323,CON,1642809,Saniya Rivers,0,2,2,7
2025,1022500175,1611661323,CON,202250,Tina Charles,0,4,3,8
2025,1022500175,1611661313,NYL,204330,Isabelle Harrison,0,0,0,7
2025,1022500175,1611661313,NYL,1627673,Jonquel Jones,0,4,4,8
2025,1022500175,1611661313,NYL,1630142,Leonie Fiebich,0,1,1,8
2025,1022500175,1611661313,NYL,1629546,Marine Johannes,0,3,2,8
2025,1022500175,1611661313,NYL,204333,Natasha Cloud,0,3,3,8
2025,1022500175,1611661313,NYL,203822,Rebekah Gardner,0,0,0,8
2025,1022500175,1611661313,NYL,1629477,Sabrina Ionescu,0,5,5,8
2025,1022500175,1611661313,NYL,203855,Stephanie Talbot,0,4,3,8
2025,1022500176,1611661329,CHI,204322,Elizabeth Williams,0,3,3,8
2025,1022500176,1611661329,CHI,1642289,Kamilla Cardoso,0,1,1,9
2025,1022500176,1611661329,CHI,1628915,Kia Nurse,0,6,7,9
2025,1022500176,1611661329,CHI,1642818,Maddy Westbeld,0,0,0,7
2025,1022500176,1611661329,CHI,1630446,Michaela Onyenwere,0,0,0,8
2025,1022500176,1611661329,CHI,1627671,Rachel Banham,0,7,7,9
2025,1022500176,1611661329,CHI,204296,Rebecca Allen,0,2,2,9
2025,1022500176,1611661329,CHI,1642244,Sevgi Uzun,0,1,1,8
2025,1022500176,1611661331,GSV,1642304,Carla Leite,0,1,1,8
2025,1022500176,1611661331,GSV,1630387,Iliana Rupert,0,0,0,8
2025,1022500176,1611661331,GSV,1642767,Janelle Salaun,0,2,2,8
2025,1022500176,1611661331,GSV,1630097,Kaila Charles,0,3,2,8
2025,1022500176,1611661331,GSV,1642822,Kaitlyn Chen,0,4,3,8
2025,1022500176,1611661331,GSV,1642324,Kate Martin,0,3,2,8
2025,1022500176,1611661331,GSV,1641656,Laeticia Amihere,0,0,0,7
2025,1022500176,1611661331,GSV,1627701,Temi Fagbenle,0,3,2,7
2025,1022500176,1611661331,GSV,1631007,Veronica Burton,0,5,7,8
2025,1022500177,1611661321,DAL,1629481,Arike Ogunbowale,0,4,5,9
2025,1022500177,1611661321,DAL,1642793,Aziaha James,0,0,0,7
2025,1022500177,1611661321,DAL,1630096,DiJonai Carrington,0,1,1,7
2025,1022500177,1611661321,DAL,1641650,Haley Jones,0,1,1,8
2025,1022500177,1611661321,DAL,1642808,JJ Quinerly,0,2,3,10
2025,1022500177,1611661321,DAL,1629574,Li Yueru,0,0,0,7
2025,1022500177,1611661321,DAL,1630143,Luisa Geiselsoder,0,0,0,8
2025,1022500177,1611661321,DAL,1628899,Myisha Hines-Allen,0,2,2,10
2025,1022500177,1611661321,DAL,1642784,Paige Bueckers,0,4,4,10
2025,1022500177,1611661321,DAL,1629479,Teaira McCowan,0,0,0,8
2025,1022500177,1611661325,IND,1630462,Aari McDonald,0,3,6,10
2025,1022500177,1611661325,IND,1641648,Aliyah Boston,0,5,5,10
2025,1022500177,1611661325,IND,1631064,Chloe Bibby,0,0,1,7
2025,1022500177,1611661325,IND,203024,Damiris Dantas,0,0,0,7
2025,1022500177,1611661325,IND,1628909,Kelsey Mitchell,0,3,3,10
2025,1022500177,1611661325,IND,1631086,Lexie Hull,0,1,1,9
2025,1022500177,1611661325,IND,1642815,Makayla Timpson,0,0,0,4
2025,1022500177,1611661325,IND,203827,Natasha Howard,0,4,5,10
2025,1022500177,1611661325,IND,1629482,Sophie Cunningham,0,2,2,9
2025,1022500177,1611661325,IND,202641,Sydney Colson,0,2,2,8
2025,1022500178,1611661320,LAS,1628922,Azura Stevens,0,4,5,8
2025,1022500178,1611661320,LAS,1642287,Cameron Brink,0,0,0,8
2025,1022500178,1611661320,LAS,204324,Dearica Hamby,0,2,2,8
2025,1022500178,1611661320,LAS,1627700,Julie Allemand,0,6,5,8
2025,1022500178,1611661320,LAS,1642210,Julie Vanloo,0,0,0,5
2025,1022500178,1611661320,LAS,1628276,Kelsey Plum,0,3,7,8
2025,1022500178,1611661320,LAS,1630996,Rae Burrell,0,1,1,8
2025,1022500178,1611661320,LAS,1642288,Rickea Jackson,0,4,3,8
2025,1022500178,1611661328,SEA,1642798,Dominique Malonga,0,0,0,8
2025,1022500178,1611661328,SEA,204365,Erica Wheeler,0,5,6,8
2025,1022500178,1611661328,SEA,1629496,Ezi Magbegor,0,2,2,8
2025,1022500178,1611661328,SEA,1628931,Gabby Williams,0,10,8,8
2025,1022500178,1611661328,SEA,1628882,Lexie Brown,0,2,3,8
2025,1022500178,1611661328,SEA,203014,Nneka Ogwumike,0,5,4,7
2025,1022500178,1611661328,SEA,203400,Skylar Diggins,0,5,6,8
2025,1022500178,1611661328,SEA,1627676,Tiffany Mitchell,0,0,0,6
2025,1022500179,1611661319,LVA,1628932,A'ja Wilson,0,3,2,8
2025,1022500179,1611661319,LVA,1642801,Aaliyah Nye,0,1,1,10
2025,1022500179,1611661319,LVA,203833,Chelsea Gray,0,4,4,8
2025,1022500179,1611661319,LVA,1630389,Dana Evans,0,5,4,10
2025,1022500179,1611661319,LVA,1629498,Jackie Young,0,4,3,6
2025,1022500179,1611661319,LVA,204319,Jewell Loyd,0,1,2,9
2025,1022500179,1611661319,LVA,204329,Kiah Stokes,0,1,1,9
2025,1022500179,1611661319,LVA,1631006,Kierstan Bell,0,1,1,10
2025,1022500179,1611661319,LVA,1629484,Megan DiLeo,0,0,0,10
2025,1022500179,1611661319,LVA,1631019,NaLyssa Smith,0,0,0,6
2025,1022500179,1611661324,MIN,1629501,Alanna Smith,0,2,3,10
2025,1022500179,1611661324,MIN,1642797,Anastasiia Olairi Kosu,0,0,0,5
2025,1022500179,1611661324,MIN,1629524,Bridget Carleton,0,2,2,8
2025,1022500179,1611661324,MIN,1627675,Courtney Williams,0,8,9,10
2025,1022500179,1611661324,MIN,1629491,Jessica Shepard,0,2,2,10
2025,1022500179,1611661324,MIN,203825,Kayla McBride,0,6,5,9
2025,1022500179,1611661324,MIN,1628926,Maria Kliundikova,0,0,0,7
2025,1022500179,1611661324,MIN,1629483,Napheesa Collier,0,5,5,10
2025,1022500179,1611661324,MIN,1629567,Natisha Hiedeman,0,4,4,8
2025,1022500179,1611661324,MIN,1628304,Yvonne Anderson,0,3,2,5
2025,1022500180,1611661330,ATL,1628277,Allisha Gray,0,4,4,10
2025,1022500180,1611661330,ATL,1628280,Brionna Jones,0,1,1,10
2025,1022500180,1611661330,ATL,1628886,Jordin Canada,0,10,9,9
2025,1022500180,1611661330,ATL,1630154,Kamiah Smalls,0,0,0,3
2025,1022500180,1611661330,ATL,1630471,Maya Caldwell,0,2,2,6
2025,1022500180,1611661330,ATL,1631044,Naz Hillmon,0,5,5,10
2025,1022500180,1611661330,ATL,1628269,Nia Coffey,0,0,0,9
2025,1022500180,1611661330,ATL,1628278,Shatori Walker-Kimbrough,0,0,0,7
2025,1022500180,1611661330,ATL,1642814,Taylor Thierry,0,0,0,2
2025,1022500180,1611661330,ATL,1642804,Te-Hina Paopao,0,4,5,10
2025,1022500180,1611661322,WAS,1642290,Aaliyah Edwards,0,0,0,3
2025,1022500180,1611661322,WAS,1628279,Brittney Sykes,0,4,3,8
2025,1022500180,1611661322,WAS,1631083,Emily Engstler,0,2,1,6
2025,1022500180,1611661322,WAS,1631141,Jade Melbourne,0,2,2,8
2025,1022500180,1611661322,WAS,1642792,Kiki Iriafen,0,3,3,9
2025,1022500180,1611661322,WAS,1642802,Lucy Olsen,0,2,2,7
2025,1022500180,1611661322,WAS,1631022,Shakira Austin,0,2,2,7
2025,1022500180,1611661322,WAS,1642785,Sonia Citron,0,4,3,8
2025,1022500180,1611661322,WAS,203828,Stefanie Dolson,0,0,0,7
2025,1022500180,1611661322,WAS,1630134,Sug Sutton,0,3,3,8
2025,1022500181,1611661323,CON,1642800,Aneesah Morrow,0,0,0,9
2025,1022500181,1611661323,CON,203829,Bria Hartley,0,3,4,9
2025,1022500181,1611661323,CON,1642292,Jacy Sheldon,0,1,1,9
2025,1022500181,1611661323,CON,1642303,Leila Lacan,0,1,1,7
2025,1022500181,1611661323,CON,1628263,Lindsay Allen,0,0,0,6
2025,1022500181,1611661323,CON,1642841,Mamignan Toure,0,0,0,4
2025,1022500181,1611661323,CON,1629497,Marina Mabrey,0,3,2,9
2025,1022500181,1611661323,CON,1631135,Olivia Nelson-Ododa,0,0,0,9
2025,1022500181,1611661323,CON,1642809,Saniya Rivers,0,4,4,9
2025,1022500181,1611661323,CON,202250,Tina Charles,0,2,2,9
2025,1022500181,1611661313,NYL,203416,Emma Meesseman,0,3,3,9
2025,1022500181,1611661313,NYL,204330,Isabelle Harrison,0,0,1,9
2025,1022500181,1611661313,NYL,1627673,Jonquel Jones,0,4,4,10
2025,1022500181,1611661313,NYL,1630142,Leonie Fiebich,0,2,2,10
2025,1022500181,1611661313,NYL,1629546,Marine Johannes,0,1,1,10
2025,1022500181,1611661313,NYL,204333,Natasha Cloud,0,4,4,10
2025,1022500181,1611661313,NYL,203822,Rebekah Gardner,0,2,1,10
2025,1022500181,1611661313,NYL,1629477,Sabrina Ionescu,0,4,4,10
2025,1022500181,1611661313,NYL,203855,Stephanie Talbot,0,3,4,8
2025,1022500182,1611661329,CHI,204322,Elizabeth Williams,0,2,2,10
2025,1022500182,1611661329,CHI,1642817,Hailey Van Lith,0,3,3,9
2025,1022500182,1611661329,CHI,1642289,Kamilla Cardoso,0,3,3,9
2025,1022500182,1611661329,CHI,1628915,Kia Nurse,0,3,3,9
2025,1022500182,1611661329,CHI,1642818,Maddy Westbeld,0,0,0,9
2025,1022500182,1611661329,CHI,1630446,Michaela Onyenwere,0,1,1,9
2025,1022500182,1611661329,CHI,1627671,Rachel Banham,0,2,2,9
2025,1022500182,1611661329,CHI,204296,Rebecca Allen,0,0,1,10
2025,1022500182,1611661329,CHI,1642244,Sevgi Uzun,0,4,4,10
2025,1022500182,1611661317,PHX,203826,Alyssa Thomas,0,9,10,9
2025,1022500182,1611661317,PHX,201886,DeWanna Bonner,0,1,1,9
2025,1022500182,1611661317,PHX,1627674,Kahleah Copper,0,1,2,9
2025,1022500182,1611661317,PHX,1629480,Kalani Brown,0,0,0,8
2025,1022500182,1611661317,PHX,1628957,Kathryn Westbeld,0,1,1,5
2025,1022500182,1611661317,PHX,1629490,Kitija Laksa,0,0,0,9
2025,1022500182,1611661317,PHX,1631118,Lexi Held,0,1,2,8
2025,1022500182,1611661317,PHX,1642777,Monique Akoa Makani,0,3,5,8
2025,1022500182,1611661317,PHX,1630442,Natasha Mack,0,0,0,9
2025,1022500182,1611661317,PHX,1628244,Sami Whitcomb,0,1,1,8
2025,1022500183,1611661331,GSV,1642304,Carla Leite,0,3,3,10
2025,1022500183,1611661331,GSV,1630387,Iliana Rupert,0,2,1,9
2025,1022500183,1611661331,GSV,1642767,Janelle Salaun,0,0,0,8
2025,1022500183,1611661331,GSV,1630097,Kaila Charles,0,3,2,10
2025,1022500183,1611661331,GSV,1642822,Kaitlyn Chen,0,5,5,8
2025,1022500183,1611661331,GSV,1642324,Kate Martin,0,0,0,10
2025,1022500183,1611661331,GSV,1641656,Laeticia Amihere,0,3,3,10
2025,1022500183,1611661331,GSV,1627701,Temi Fagbenle,0,2,2,8
2025,1022500183,1611661331,GSV,1631007,Veronica Burton,0,2,3,9
2025,1022500183,1611661319,LVA,1628932,A'ja Wilson,0,4,2,9
2025,1022500183,1611661319,LVA,1642801,Aaliyah Nye,0,1,1,9
2025,1022500183,1611661319,LVA,203833,Chelsea Gray,0,6,6,9
2025,1022500183,1611661319,LVA,1630389,Dana Evans,0,4,4,8
2025,1022500183,1611661319,LVA,1629498,Jackie Young,0,9,8,9
2025,1022500183,1611661319,LVA,204319,Jewell Loyd,0,1,1,8
2025,1022500183,1611661319,LVA,204329,Kiah Stokes,0,0,0,5
2025,1022500183,1611661319,LVA,1631006,Kierstan Bell,0,1,1,9
2025,1022500183,1611661319,LVA,1629484,Megan DiLeo,0,0,0,8
2025,1022500183,1611661319,LVA,1631019,NaLyssa Smith,0,1,1,9
2025,1022500184,1611661325,IND,1630462,Aari McDonald,0,9,9,8
2025,1022500184,1611661325,IND,1641648,Aliyah Boston,0,2,2,9
2025,1022500184,1611661325,IND,1631064,Chloe Bibby,0,1,1,8
2025,1022500184,1611661325,IND,203024,Damiris Dantas,0,1,1,8
2025,1022500184,1611661325,IND,1628909,Kelsey Mitchell,0,4,5,9
2025,1022500184,1611661325,IND,1631086,Lexie Hull,0,2,2,9
2025,1022500184,1611661325,IND,203827,Natasha Howard,0,4,5,9
2025,1022500184,1611661325,IND,1629482,Sophie Cunningham,0,1,2,9
2025,1022500184,1611661325,IND,202641,Sydney Colson,0,0,0,8
2025,1022500184,1611661328,SEA,202252,Alysha Clark,0,1,1,5
2025,1022500184,1611661328,SEA,1642798,Dominique Malonga,0,3,3,9
2025,1022500184,1611661328,SEA,204365,Erica Wheeler,0,3,4,8
2025,1022500184,1611661328,SEA,1629496,Ezi Magbegor,0,0,0,9
2025,1022500184,1611661328,SEA,1628931,Gabby Williams,0,4,5,9
2025,1022500184,1611661328,SEA,1628882,Lexie Brown,0,0,0,4
2025,1022500184,1611661328,SEA,203014,Nneka Ogwumike,0,3,3,8
2025,1022500184,1611661328,SEA,203400,Skylar Diggins,0,4,4,9
2025,1022500184,1611661328,SEA,1627676,Tiffany Mitchell,0,0,0,8
2025,1022500185,1611661321,DAL,1629481,Arike Ogunbowale,0,4,4,9
2025,1022500185,1611661321,DAL,1642793,Aziaha James,0,1,1,9
2025,1022500185,1611661321,DAL,1641649,Diamond Miller,0,0,0,6
2025,1022500185,1611661321,DAL,1641658,Grace Berger,0,4,4,9
2025,1022500185,1611661321,DAL,1641650,Haley Jones,0,1,1,9
2025,1022500185,1611661321,DAL,1642808,JJ Quinerly,0,0,0,7
2025,1022500185,1611661321,DAL,1629574,Li Yueru,0,2,2,9
2025,1022500185,1611661321,DAL,1630143,Luisa Geiselsoder,0,4,4,9
2025,1022500185,1611661321,DAL,1641652,Maddy Siegrist,0,0,0,8
2025,1022500185,1611661321,DAL,1642784,Paige Bueckers,0,5,4,9
2025,1022500185,1611661313,NYL,203416,Emma Meesseman,0,3,2,9
2025,1022500185,1611661313,NYL,204330,Isabelle Harrison,0,0,0,7
2025,1022500185,1611661313,NYL,1627673,Jonquel Jones,0,2,2,10
2025,1022500185,1611661313,NYL,1630142,Leonie Fiebich,0,5,4,9
2025,1022500185,1611661313,NYL,1629546,Marine Johannes,0,2,3,10
2025,1022500185,1611661313,NYL,204333,Natasha Cloud,0,6,6,9
2025,1022500185,1611661313,NYL,203822,Rebekah Gardner,0,2,3,8
2025,1022500185,1611661313,NYL,1629477,Sabrina Ionescu,0,4,3,9
2025,1022500185,1611661313,NYL,203855,Stephanie Talbot,0,3,2,9
2025,1022500186,1611661329,CHI,1628878,Ariel Atkins,0,5,5,9
2025,1022500186,1611661329,CHI,204322,Elizabeth Williams,0,2,2,9
2025,1022500186,1611661329,CHI,1642817,Hailey Van Lith,0,0,0,1
2025,1022500186,1611661329,CHI,1642289,Kamilla Cardoso,0,4,3,9
2025,1022500186,1611661329,CHI,1628915,Kia Nurse,0,1,1,8
2025,1022500186,1611661329,CHI,1642818,Maddy Westbeld,0,1,1,8
2025,1022500186,1611661329,CHI,1630446,Michaela Onyenwere,0,1,1,9
2025,1022500186,1611661329,CHI,1627671,Rachel Banham,0,2,4,9
2025,1022500186,1611661329,CHI,204296,Rebecca Allen,0,0,0,8
2025,1022500186,1611661329,CHI,1642244,Sevgi Uzun,0,5,5,8
2025,1022500186,1611661322,WAS,1642290,Aaliyah Edwards,0,1,1,8
2025,1022500186,1611661322,WAS,1631083,Emily Engstler,0,0,0,9
2025,1022500186,1611661322,WAS,1631141,Jade Melbourne,0,2,3,9
2025,1022500186,1611661322,WAS,1642792,Kiki Iriafen,0,1,1,9
2025,1022500186,1611661322,WAS,1642802,Lucy Olsen,0,2,3,9
2025,1022500186,1611661322,WAS,1631022,Shakira Austin,0,2,1,9
2025,1022500186,1611661322,WAS,1642785,Sonia Citron,0,2,2,9
2025,1022500186,1611661322,WAS,203828,Stefanie Dolson,0,0,0,8
2025,1022500186,1611661322,WAS,1630134,Sug Sutton,0,5,5,10
2025,1022500187,1611661325,IND,1630462,Aari McDonald,0,6,6,9
2025,1022500187,1611661325,IND,1641648,Aliyah Boston,0,4,4,8
2025,1022500187,1611661325,IND,1631064,Chloe Bibby,0,0,0,6
2025,1022500187,1611661325,IND,203024,Damiris Dantas,0,1,1,8
2025,1022500187,1611661325,IND,1628909,Kelsey Mitchell,0,9,6,9
2025,1022500187,1611661325,IND,1631086,Lexie Hull,0,1,1,9
2025,1022500187,1611661325,IND,1642815,Makayla Timpson,0,0,0,7
2025,1022500187,1611661325,IND,203827,Natasha Howard,0,2,2,9
2025,1022500187,1611661325,IND,1629482,Sophie Cunningham,0,2,2,8
2025,1022500187,1611661325,IND,202641,Sydney Colson,0,0,1,8
2025,1022500187,1611661320,LAS,1628922,Azura Stevens,0,1,1,9
2025,1022500187,1611661320,LAS,1642287,Cameron Brink,0,0,0,8
2025,1022500187,1611661320,LAS,204324,Dearica Hamby,0,3,3,8
2025,1022500187,1611661320,LAS,1627700,Julie Allemand,0,7,7,8
2025,1022500187,1611661320,LAS,1642210,Julie Vanloo,0,0,0,7
2025,1022500187,1611661320,LAS,1628276,Kelsey Plum,0,11,11,9
2025,1022500187,1611661320,LAS,1630996,Rae Burrell,0,1,1,9
2025,1022500187,1611661320,LAS,1642288,Rickea Jackson,0,3,2,10
2025,1022500187,1611661320,LAS,1642782,Sarah Ashlee Barker,0,0,0,5
2025,1022500188,1611661323,CON,1642800,Aneesah Morrow,0,0,0,9
2025,1022500188,1611661323,CON,203829,Bria Hartley,0,5,4,8
2025,1022500188,1611661323,CON,203863,Haley Peters,0,2,1,10
2025,1022500188,1611661323,CON,1642292,Jacy Sheldon,0,2,2,9
2025,1022500188,1611661323,CON,1642303,Leila Lacan,0,2,2,10
2025,1022500188,1611661323,CON,1628263,Lindsay Allen,0,1,1,5
2025,1022500188,1611661323,CON,1642841,Mamignan Toure,0,0,1,8
2025,1022500188,1611661323,CON,1629497,Marina Mabrey,0,2,3,10
2025,1022500188,1611661323,CON,1631135,Olivia Nelson-Ododa,0,0,0,10
2025,1022500188,1611661323,CON,1642809,Saniya Rivers,0,1,1,8
2025,1022500188,1611661323,CON,202250,Tina Charles,0,2,1,10
2025,1022500188,1611661317,PHX,203826,Alyssa Thomas,0,12,12,11
2025,1022500188,1611661317,PHX,201886,DeWanna Bonner,0,0,0,10
2025,1022500188,1611661317,PHX,1627674,Kahleah Copper,0,0,0,11
2025,1022500188,1611661317,PHX,1629480,Kalani Brown,0,0,0,8
2025,1022500188,1611661317,PHX,1628957,Kathryn Westbeld,0,0,0,9
2025,1022500188,1611661317,PHX,1631118,Lexi Held,0,0,0,10
2025,1022500188,1611661317,PHX,1642777,Monique Akoa Makani,0,0,0,11
2025,1022500188,1611661317,PHX,1630442,Natasha Mack,0,3,3,9
2025,1022500188,1611661317,PHX,1628244,Sami Whitcomb,0,0,1,10
2025,1022500188,1611661317,PHX,1630149,Satou Sabally,0,1,1,11
2025,1022500189,1611661324,MIN,1629501,Alanna Smith,0,2,2,7
2025,1022500189,1611661324,MIN,1629524,Bridget Carleton,0,1,1,8
2025,1022500189,1611661324,MIN,1627675,Courtney Williams,0,3,4,8
2025,1022500189,1611661324,MIN,1630096,DiJonai Carrington,0,2,2,8
2025,1022500189,1611661324,MIN,1629491,Jessica Shepard,0,3,4,7
2025,1022500189,1611661324,MIN,203825,Kayla McBride,0,7,6,8
2025,1022500189,1611661324,MIN,1628926,Maria Kliundikova,0,0,0,8
2025,1022500189,1611661324,MIN,1629567,Natisha Hiedeman,0,1,2,8
2025,1022500189,1611661328,SEA,1642798,Dominique Malonga,0,0,0,8
2025,1022500189,1611661328,SEA,204365,Erica Wheeler,0,4,4,8
2025,1022500189,1611661328,SEA,1629496,Ezi Magbegor,0,5,5,8
2025,1022500189,1611661328,SEA,1628931,Gabby Williams,0,3,4,8
2025,1022500189,1611661328,SEA,1628882,Lexie Brown,0,0,0,5
2025,1022500189,1611661328,SEA,203014,Nneka Ogwumike,0,5,5,8
2025,1022500189,1611661328,SEA,203400,Skylar Diggins,0,7,7,8
2025,1022500189,1611661328,SEA,1627676,Tiffany Mitchell,0,0,0,8
2025,1022500190,1611661331,GSV,1642304,Carla Leite,0,2,2,10
2025,1022500190,1611661331,GSV,1628508,Cecilia Zandalasini,0,2,1,9
2025,1022500190,1611661331,GSV,1630387,Iliana Rupert,0,0,0,8
2025,1022500190,1611661331,GSV,1642767,Janelle Salaun,0,3,3,6
2025,1022500190,1611661331,GSV,1630097,Kaila Charles,0,0,0,9
2025,1022500190,1611661331,GSV,1642324,Kate Martin,0,1,1,6
2025,1022500190,1611661331,GSV,1627701,Temi Fagbenle,0,1,1,10
2025,1022500190,1611661331,GSV,203026,Tiffany Hayes,0,1,1,8
2025,1022500190,1611661331,GSV,1631007,Veronica Burton,0,0,0,9
2025,1022500190,1611661319,LVA,1628932,A'ja Wilson,0,3,3,9
2025,1022500190,1611661319,LVA,1642801,Aaliyah Nye,0,1,1,9
2025,1022500190,1611661319,LVA,203833,Chelsea Gray,0,3,3,9
2025,1022500190,1611661319,LVA,1630389,Dana Evans,0,2,1,9
2025,1022500190,1611661319,LVA,1629498,Jackie Young,0,4,4,9
2025,1022500190,1611661319,LVA,204319,Jewell Loyd,0,3,2,9
2025,1022500190,1611661319,LVA,204329,Kiah Stokes,0,0,0,4
2025,1022500190,1611661319,LVA,1631006,Kierstan Bell,0,1,1,7
2025,1022500190,1611661319,LVA,1629484,Megan DiLeo,0,0,0,3
2025,1022500190,1611661319,LVA,1631019,NaLyssa Smith,0,0,0,9
2025,1022500191,1611661330,ATL,1628277,Allisha Gray,0,2,2,9
2025,1022500191,1611661330,ATL,1628280,Brionna Jones,0,3,3,9
2025,1022500191,1611661330,ATL,1628886,Jordin Canada,0,5,6,9
2025,1022500191,1611661330,ATL,1630154,Kamiah Smalls,0,0,0,4
2025,1022500191,1611661330,ATL,1631044,Naz Hillmon,0,5,4,10
2025,1022500191,1611661330,ATL,1628269,Nia Coffey,0,1,1,9
2025,1022500191,1611661330,ATL,1628278,Shatori Walker-Kimbrough,0,1,2,9
2025,1022500191,1611661330,ATL,1642814,Taylor Thierry,0,0,0,5
2025,1022500191,1611661330,ATL,1642804,Te-Hina Paopao,0,2,2,10
2025,1022500191,1611661329,CHI,1628878,Ariel Atkins,0,3,4,7
2025,1022500191,1611661329,CHI,204322,Elizabeth Williams,0,0,1,7
2025,1022500191,1611661329,CHI,1642817,Hailey Van Lith,0,0,0,3
2025,1022500191,1611661329,CHI,1642289,Kamilla Cardoso,0,7,5,9
2025,1022500191,1611661329,CHI,1628915,Kia Nurse,0,2,2,7
2025,1022500191,1611661329,CHI,1642818,Maddy Westbeld,0,1,1,9
2025,1022500191,1611661329,CHI,1630446,Michaela Onyenwere,0,1,1,6
2025,1022500191,1611661329,CHI,1627671,Rachel Banham,0,2,2,9
2025,1022500191,1611661329,CHI,204296,Rebecca Allen,0,0,0,7
2025,1022500191,1611661329,CHI,1642244,Sevgi Uzun,0,3,3,6
2025,1022500192,1611661323,CON,1642800,Aneesah Morrow,0,0,0,8
2025,1022500192,1611661323,CON,203829,Bria Hartley,0,3,3,8
2025,1022500192,1611661323,CON,203863,Haley Peters,0,0,0,4
2025,1022500192,1611661323,CON,1642303,Leila Lacan,0,8,7,7
2025,1022500192,1611661323,CON,1642841,Mamignan Toure,0,1,1,7
2025,1022500192,1611661323,CON,1629497,Marina Mabrey,0,3,3,8
2025,1022500192,1611661323,CON,1631135,Olivia Nelson-Ododa,0,1,1,8
2025,1022500192,1611661323,CON,1642809,Saniya Rivers,0,2,3,7
2025,1022500192,1611661323,CON,202250,Tina Charles,0,2,2,7
2025,1022500192,1611661320,LAS,1628922,Azura Stevens,0,1,1,9
2025,1022500192,1611661320,LAS,1642287,Cameron Brink,0,1,1,7
2025,1022500192,1611661320,LAS,204324,Dearica Hamby,0,4,4,9
2025,1022500192,1611661320,LAS,1627700,Julie Allemand,0,8,11,8
2025,1022500192,1611661320,LAS,1642210,Julie Vanloo,0,0,0,5
2025,1022500192,1611661320,LAS,1628276,Kelsey Plum,0,6,5,8
2025,1022500192,1611661320,LAS,1630996,Rae Burrell,0,0,0,8
2025,1022500192,1611661320,LAS,1642288,Rickea Jackson,0,2,2,9
2025,1022500193,1611661325,IND,1630462,Aari McDonald,0,1,3,8
2025,1022500193,1611661325,IND,1641648,Aliyah Boston,0,2,3,8
2025,1022500193,1611661325,IND,1629488,Brianna Turner,0,0,0,9
2025,1022500193,1611661325,IND,1631064,Chloe Bibby,0,0,0,10
2025,1022500193,1611661325,IND,203024,Damiris Dantas,0,0,0,11
2025,1022500193,1611661325,IND,1628909,Kelsey Mitchell,0,4,4,9
2025,1022500193,1611661325,IND,1631086,Lexie Hull,0,0,0,9
2025,1022500193,1611661325,IND,1642815,Makayla Timpson,0,0,0,8
2025,1022500193,1611661325,IND,203827,Natasha Howard,0,0,0,7
2025,1022500193,1611661325,IND,1629482,Sophie Cunningham,0,2,2,8
2025,1022500193,1611661325,IND,202641,Sydney Colson,0,0,0,1
2025,1022500193,1611661317,PHX,203826,Alyssa Thomas,0,10,10,10
2025,1022500193,1611661317,PHX,201886,DeWanna Bonner,0,1,1,10
2025,1022500193,1611661317,PHX,1627674,Kahleah Copper,0,4,4,9
2025,1022500193,1611661317,PHX,1629480,Kalani Brown,0,2,2,5
2025,1022500193,1611661317,PHX,1628957,Kathryn Westbeld,0,2,2,10
2025,1022500193,1611661317,PHX,1629490,Kitija Laksa,0,0,0,3
2025,1022500193,1611661317,PHX,1631118,Lexi Held,0,0,0,5
2025,1022500193,1611661317,PHX,1642777,Monique Akoa Makani,0,1,3,11
2025,1022500193,1611661317,PHX,1630442,Natasha Mack,0,0,0,10
2025,1022500193,1611661317,PHX,1628244,Sami Whitcomb,0,1,1,11
2025,1022500193,1611661317,PHX,1630149,Satou Sabally,0,1,2,9
2025,1022500194,1611661321,DAL,1629481,Arike Ogunbowale,0,3,3,9
2025,1022500194,1611661321,DAL,1642793,Aziaha James,0,0,0,7
2025,1022500194,1611661321,DAL,1641649,Diamond Miller,0,1,1,7
2025,1022500194,1611661321,DAL,1641658,Grace Berger,0,4,4,9
2025,1022500194,1611661321,DAL,1641650,Haley Jones,0,2,2,8
2025,1022500194,1611661321,DAL,1642808,JJ Quinerly,0,0,0,9
2025,1022500194,1611661321,DAL,1629574,Li Yueru,0,3,2,7
2025,1022500194,1611661321,DAL,1630143,Luisa Geiselsoder,0,2,2,9
2025,1022500194,1611661321,DAL,1641652,Maddy Siegrist,0,0,0,8
2025,1022500194,1611661321,DAL,1628899,Myisha Hines-Allen,0,0,0,9
2025,1022500194,1611661313,NYL,203416,Emma Meesseman,0,6,7,10
2025,1022500194,1611661313,NYL,204330,Isabelle Harrison,0,0,0,9
2025,1022500194,1611661313,NYL,1627673,Jonquel Jones,0,3,3,9
2025,1022500194,1611661313,NYL,1630142,Leonie Fiebich,0,2,2,9
2025,1022500194,1611661313,NYL,1629546,Marine Johannes,0,2,2,9
2025,1022500194,1611661313,NYL,204333,Natasha Cloud,0,2,3,10
2025,1022500194,1611661313,NYL,203822,Rebekah Gardner,0,1,1,7
2025,1022500194,1611661313,NYL,1629477,Sabrina Ionescu,0,6,6,10
2025,1022500194,1611661313,NYL,203855,Stephanie Talbot,0,0,0,6
2025,1022500195,1611661324,MIN,1629501,Alanna Smith,0,4,4,9
2025,1022500195,1611661324,MIN,1629524,Bridget Carleton,0,3,3,9
2025,1022500195,1611661324,MIN,1627675,Courtney Williams,0,5,5,9
2025,1022500195,1611661324,MIN,1630096,DiJonai Carrington,0,0,0,9
2025,1022500195,1611661324,MIN,1629491,Jessica Shepard,0,3,3,9
2025,1022500195,1611661324,MIN,203825,Kayla McBride,0,5,4,9
2025,1022500195,1611661324,MIN,1628926,Maria Kliundikova,0,1,1,5
2025,1022500195,1611661324,MIN,1629567,Natisha Hiedeman,0,2,2,8
2025,1022500195,1611661322,WAS,202252,Alysha Clark,0,2,2,6
2025,1022500195,1611661322,WAS,1631083,Emily Engstler,0,1,1,7
2025,1022500195,1611661322,WAS,1631141,Jade Melbourne,0,3,3,8
2025,1022500195,1611661322,WAS,1642792,Kiki Iriafen,0,5,4,8
2025,1022500195,1611661322,WAS,1642802,Lucy Olsen,0,3,3,8
2025,1022500195,1611661322,WAS,1631022,Shakira Austin,0,2,2,8
2025,1022500195,1611661322,WAS,1642785,Sonia Citron,0,3,4,8
2025,1022500195,1611661322,WAS,203828,Stefanie Dolson,0,0,0,7
2025,1022500195,1611661322,WAS,1630134,Sug Sutton,0,4,4,8
2025,1022500196,1611661319,LVA,1628932,A'ja Wilson,0,4,3,7
2025,1022500196,1611661319,LVA,1642801,Aaliyah Nye,0,0,0,8
2025,1022500196,1611661319,LVA,203833,Chelsea Gray,0,4,5,7
2025,1022500196,1611661319,LVA,1630389,Dana Evans,0,3,3,8
2025,1022500196,1611661319,LVA,1629498,Jackie Young,0,6,5,7
2025,1022500196,1611661319,LVA,204319,Jewell Loyd,0,1,2,7
2025,1022500196,1611661319,LVA,1631006,Kierstan Bell,0,0,1,6
2025,1022500196,1611661319,LVA,1629484,Megan DiLeo,0,0,0,6
2025,1022500196,1611661319,LVA,1631019,NaLyssa Smith,0,1,1,8
2025,1022500196,1611661328,SEA,1628279,Brittney Sykes,0,7,6,9
2025,1022500196,1611661328,SEA,1642798,Dominique Malonga,0,0,0,8
2025,1022500196,1611661328,SEA,204365,Erica Wheeler,0,2,2,8
2025,1022500196,1611661328,SEA,1629496,Ezi Magbegor,0,2,2,9
2025,1022500196,1611661328,SEA,1628931,Gabby Williams,0,4,4,9
2025,1022500196,1611661328,SEA,203014,Nneka Ogwumike,0,1,1,9
2025,1022500196,1611661328,SEA,203400,Skylar Diggins,0,9,6,7
2025,1022500196,1611661328,SEA,1627676,Tiffany Mitchell,0,0,0,3
2025,1022500197,1611661331,GSV,1642304,Carla Leite,0,1,1,9
2025,1022500197,1611661331,GSV,1628508,Cecilia Zandalasini,0,4,3,9
2025,1022500197,1611661331,GSV,1630387,Iliana Rupert,0,2,2,8
2025,1022500197,1611661331,GSV,1642767,Janelle Salaun,0,1,1,9
2025,1022500197,1611661331,GSV,1630097,Kaila Charles,0,0,0,10
2025,1022500197,1611661331,GSV,1642822,Kaitlyn Chen,0,0,0,4
2025,1022500197,1611661331,GSV,1642324,Kate Martin,0,0,0,5
2025,1022500197,1611661331,GSV,1641656,Laeticia Amihere,0,0,0,5
2025,1022500197,1611661331,GSV,1627701,Temi Fagbenle,0,2,2,10
2025,1022500197,1611661331,GSV,203026,Tiffany Hayes,0,7,6,10
2025,1022500197,1611661331,GSV,1631007,Veronica Burton,0,5,5,9
2025,1022500197,1611661320,LAS,1642293,Alissa Pili,0,0,0,6
2025,1022500197,1611661320,LAS,1628922,Azura Stevens,0,3,3,6
2025,1022500197,1611661320,LAS,1642287,Cameron Brink,0,0,0,8
2025,1022500197,1611661320,LAS,204324,Dearica Hamby,0,3,1,7
2025,1022500197,1611661320,LAS,1627700,Julie Allemand,0,3,3,8
2025,1022500197,1611661320,LAS,1642210,Julie Vanloo,0,2,2,9
2025,1022500197,1611661320,LAS,1628276,Kelsey Plum,0,6,4,8
2025,1022500197,1611661320,LAS,1630996,Rae Burrell,0,0,0,11
2025,1022500197,1611661320,LAS,1642288,Rickea Jackson,0,2,2,8
2025,1022500197,1611661320,LAS,1642790,Sania Feagin,0,0,0,7
2025,1022500197,1611661320,LAS,1642782,Sarah Ashlee Barker,0,0,0,4
2025,1022500198,1611661329,CHI,1628878,Ariel Atkins,0,2,2,9
2025,1022500198,1611661329,CHI,204322,Elizabeth Williams,0,2,2,9
2025,1022500198,1611661329,CHI,1642817,Hailey Van Lith,0,4,3,8
2025,1022500198,1611661329,CHI,1642289,Kamilla Cardoso,0,2,3,8
2025,1022500198,1611661329,CHI,1628915,Kia Nurse,0,1,1,9
2025,1022500198,1611661329,CHI,1642818,Maddy Westbeld,0,1,1,9
2025,1022500198,1611661329,CHI,1630446,Michaela Onyenwere,0,1,1,9
2025,1022500198,1611661329,CHI,1627671,Rachel Banham,0,2,3,8
2025,1022500198,1611661329,CHI,204296,Rebecca Allen,0,1,1,9
2025,1022500198,1611661329,CHI,1642244,Sevgi Uzun,0,2,2,4
2025,1022500198,1611661325,IND,1641648,Aliyah Boston,0,3,3,10
2025,1022500198,1611661325,IND,1629488,Brianna Turner,0,2,2,7
2025,1022500198,1611661325,IND,1631064,Chloe Bibby,0,1,1,10
2025,1022500198,1611661325,IND,203024,Damiris Dantas,0,2,2,9
2025,1022500198,1611661325,IND,1628909,Kelsey Mitchell,0,9,8,10
2025,1022500198,1611661325,IND,1631086,Lexie Hull,0,3,3,9
2025,1022500198,1611661325,IND,1642815,Makayla Timpson,0,0,0,9
2025,1022500198,1611661325,IND,203827,Natasha Howard,0,0,0,8
2025,1022500198,1611661325,IND,1629482,Sophie Cunningham,0,1,2,10
2025,1022500199,1611661324,MIN,1629501,Alanna Smith,0,7,7,9
2025,1022500199,1611661324,MIN,1629524,Bridget Carleton,0,1,1,9
2025,1022500199,1611661324,MIN,1627675,Courtney Williams,0,6,7,9
2025,1022500199,1611661324,MIN,1630096,DiJonai Carrington,0,3,3,8
2025,1022500199,1611661324,MIN,1629491,Jessica Shepard,0,2,2,8
2025,1022500199,1611661324,MIN,203825,Kayla McBride,0,3,2,8
2025,1022500199,1611661324,MIN,1628926,Maria Kliundikova,0,0,1,9
2025,1022500199,1611661324,MIN,1629567,Natisha Hiedeman,0,0,1,8
2025,1022500199,1611661313,NYL,203416,Emma Meesseman,0,4,4,8
2025,1022500199,1611661313,NYL,204330,Isabelle Harrison,0,1,1,8
2025,1022500199,1611661313,NYL,1627673,Jonquel Jones,0,5,5,8
2025,1022500199,1611661313,NYL,1630142,Leonie Fiebich,0,0,0,8
2025,1022500199,1611661313,NYL,1629546,Marine Johannes,0,0,0,8
2025,1022500199,1611661313,NYL,204333,Natasha Cloud,0,4,5,8
2025,1022500199,1611661313,NYL,203822,Rebekah Gardner,0,0,0,2
2025,1022500199,1611661313,NYL,1629477,Sabrina Ionescu,0,5,5,8
2025,1022500199,1611661313,NYL,203855,Stephanie Talbot,0,1,1,8
2025,1022500200,1611661321,DAL,1629481,Arike Ogunbowale,0,2,2,9
2025,1022500200,1611661321,DAL,1642793,Aziaha James,0,0,0,7
2025,1022500200,1611661321,DAL,1641649,Diamond Miller,0,1,1,5
2025,1022500200,1611661321,DAL,1641658,Grace Berger,0,2,2,9
2025,1022500200,1611661321,DAL,1641650,Haley Jones,0,1,1,9
2025,1022500200,1611661321,DAL,1642808,JJ Quinerly,0,0,0,6
2025,1022500200,1611661321,DAL,1629574,Li Yueru,0,2,2,8
2025,1022500200,1611661321,DAL,1630143,Luisa Geiselsoder,0,0,0,8
2025,1022500200,1611661321,DAL,1641652,Maddy Siegrist,0,3,2,7
2025,1022500200,1611661321,DAL,1628899,Myisha Hines-Allen,0,5,5,9
2025,1022500200,1611661321,DAL,1642784,Paige Bueckers,0,4,3,8
2025,1022500200,1611661322,WAS,202252,Alysha Clark,0,0,0,10
2025,1022500200,1611661322,WAS,1631083,Emily Engstler,0,1,3,9
2025,1022500200,1611661322,WAS,1642292,Jacy Sheldon,0,0,0,9
2025,1022500200,1611661322,WAS,1631141,Jade Melbourne,0,3,3,10
2025,1022500200,1611661322,WAS,1642792,Kiki Iriafen,0,1,1,9
2025,1022500200,1611661322,WAS,1642802,Lucy Olsen,0,2,2,7
2025,1022500200,1611661322,WAS,1642785,Sonia Citron,0,9,6,10
2025,1022500200,1611661322,WAS,203828,Stefanie Dolson,0,3,3,8
2025,1022500200,1611661322,WAS,1630134,Sug Sutton,0,3,3,9
2025,1022500201,1611661320,LAS,1628922,Azura Stevens,0,1,1,7
2025,1022500201,1611661320,LAS,1642287,Cameron Brink,0,1,1,8
2025,1022500201,1611661320,LAS,204324,Dearica Hamby,0,2,2,8
2025,1022500201,1611661320,LAS,1627700,Julie Allemand,0,8,8,8
2025,1022500201,1611661320,LAS,1642210,Julie Vanloo,0,1,2,8
2025,1022500201,1611661320,LAS,1628276,Kelsey Plum,0,7,7,8
2025,1022500201,1611661320,LAS,1630996,Rae Burrell,0,3,3,7
2025,1022500201,1611661320,LAS,1642288,Rickea Jackson,0,1,1,7
2025,1022500201,1611661328,SEA,1628279,Brittney Sykes,0,3,3,8
2025,1022500201,1611661328,SEA,1642798,Dominique Malonga,0,1,1,8
2025,1022500201,1611661328,SEA,204365,Erica Wheeler,0,2,2,8
2025,1022500201,1611661328,SEA,1629496,Ezi Magbegor,0,4,3,8
2025,1022500201,1611661328,SEA,1628931,Gabby Williams,0,3,3,7
2025,1022500201,1611661328,SEA,203014,Nneka Ogwumike,0,5,4,8
2025,1022500201,1611661328,SEA,203400,Skylar Diggins,0,7,6,8
2025,1022500201,1611661328,SEA,1627676,Tiffany Mitchell,0,1,1,6
2025,1022500202,1611661330,ATL,1628277,Allisha Gray,0,5,5,8
2025,1022500202,1611661330,ATL,1628280,Brionna Jones,0,5,4,8
2025,1022500202,1611661330,ATL,203398,Brittney Griner,0,1,1,8
2025,1022500202,1611661330,ATL,1628886,Jordin Canada,0,0,1,8
2025,1022500202,1611661330,ATL,1630471,Maya Caldwell,0,2,2,7
2025,1022500202,1611661330,ATL,1631044,Naz Hillmon,0,5,4,8
2025,1022500202,1611661330,ATL,1628269,Nia Coffey,0,0,0,3
2025,1022500202,1611661330,ATL,1631009,Rhyne Howard,0,2,2,8
2025,1022500202,1611661330,ATL,1642804,Te-Hina Paopao,0,1,1,8
2025,1022500202,1611661317,PHX,203826,Alyssa Thomas,0,4,5,8
2025,1022500202,1611661317,PHX,201886,DeWanna Bonner,0,1,1,9
2025,1022500202,1611661317,PHX,1627674,Kahleah Copper,0,3,3,8
2025,1022500202,1611661317,PHX,1628957,Kathryn Westbeld,0,0,0,8
2025,1022500202,1611661317,PHX,1642777,Monique Akoa Makani,0,2,3,8
2025,1022500202,1611661317,PHX,1630442,Natasha Mack,0,0,0,8
2025,1022500202,1611661317,PHX,1628244,Sami Whitcomb,0,1,1,8
2025,1022500202,1611661317,PHX,1630149,Satou Sabally,0,4,3,8
2025,1022500203,1611661323,CON,1642290,Aaliyah Edwards,0,2,2,9
2025,1022500203,1611661323,CON,1642800,Aneesah Morrow,0,0,0,8
2025,1022500203,1611661323,CON,203829,Bria Hartley,0,3,4,9
2025,1022500203,1611661323,CON,203863,Haley Peters,0,0,0,6
2025,1022500203,1611661323,CON,1642303,Leila Lacan,0,6,5,8
2025,1022500203,1611661323,CON,1628263,Lindsay Allen,0,0,1,3
2025,1022500203,1611661323,CON,1642841,Mamignan Toure,0,0,0,2
2025,1022500203,1611661323,CON,1629497,Marina Mabrey,0,4,3,9
2025,1022500203,1611661323,CON,1631135,Olivia Nelson-Ododa,0,0,0,8
2025,1022500203,1611661323,CON,1642809,Saniya Rivers,0,4,4,9
2025,1022500203,1611661323,CON,202250,Tina Charles,0,3,3,9
2025,1022500203,1611661319,LVA,1628932,A'ja Wilson,0,5,5,11
2025,1022500203,1611661319,LVA,1642801,Aaliyah Nye,0,1,1,8
2025,1022500203,1611661319,LVA,203833,Chelsea Gray,0,5,6,11
2025,1022500203,1611661319,LVA,1630389,Dana Evans,0,3,3,9
2025,1022500203,1611661319,LVA,1629498,Jackie Young,0,6,6,11
2025,1022500203,1611661319,LVA,204319,Jewell Loyd,0,2,2,9
2025,1022500203,1611661319,LVA,1631006,Kierstan Bell,0,0,1,8
2025,1022500203,1611661319,LVA,1629484,Megan DiLeo,0,0,0,9
2025,1022500203,1611661319,LVA,1631019,NaLyssa Smith,0,0,0,9
2025,1022500204,1611661323,CON,1642290,Aaliyah Edwards,0,0,0,11
2025,1022500204,1611661323,CON,1642800,Aneesah Morrow,0,0,0,11
2025,1022500204,1611661323,CON,203829,Bria Hartley,0,3,4,5
2025,1022500204,1611661323,CON,203863,Haley Peters,0,0,0,9
2025,1022500204,1611661323,CON,1642303,Leila Lacan,0,3,3,11
2025,1022500204,1611661323,CON,1642841,Mamignan Toure,0,2,2,10
2025,1022500204,1611661323,CON,1629497,Marina Mabrey,0,5,4,9
2025,1022500204,1611661323,CON,1631135,Olivia Nelson-Ododa,0,3,2,8
2025,1022500204,1611661323,CON,1642809,Saniya Rivers,0,1,1,9
2025,1022500204,1611661331,GSV,1642304,Carla Leite,0,1,1,7
2025,1022500204,1611661331,GSV,1628508,Cecilia Zandalasini,0,2,2,9
2025,1022500204,1611661331,GSV,1630387,Iliana Rupert,0,1,1,8
2025,1022500204,1611661331,GSV,1642767,Janelle Salaun,0,2,2,9
2025,1022500204,1611661331,GSV,1630097,Kaila Charles,0,0,0,5
2025,1022500204,1611661331,GSV,1642822,Kaitlyn Chen,0,0,0,2
2025,1022500204,1611661331,GSV,1642324,Kate Martin,0,2,1,9
2025,1022500204,1611661331,GSV,1641656,Laeticia Amihere,0,0,0,3
2025,1022500204,1611661331,GSV,1627701,Temi Fagbenle,0,2,1,9
2025,1022500204,1611661331,GSV,203026,Tiffany Hayes,0,6,4,9
2025,1022500204,1611661331,GSV,1631007,Veronica Burton,0,9,10,9
2025,1022500205,1611661321,DAL,1642793,Aziaha James,0,0,0,6
2025,1022500205,1611661321,DAL,1641649,Diamond Miller,0,4,4,9
2025,1022500205,1611661321,DAL,1641658,Grace Berger,0,0,0,8
2025,1022500205,1611661321,DAL,1641650,Haley Jones,0,1,1,7
2025,1022500205,1611661321,DAL,1642808,JJ Quinerly,0,0,0,10
2025,1022500205,1611661321,DAL,1629574,Li Yueru,0,0,0,10
2025,1022500205,1611661321,DAL,1630143,Luisa Geiselsoder,0,2,2,5
2025,1022500205,1611661321,DAL,1641652,Maddy Siegrist,0,1,1,10
2025,1022500205,1611661321,DAL,1628899,Myisha Hines-Allen,0,5,9,10
2025,1022500205,1611661321,DAL,1642784,Paige Bueckers,0,9,8,9
2025,1022500205,1611661325,IND,1641648,Aliyah Boston,0,1,1,9
2025,1022500205,1611661325,IND,1629488,Brianna Turner,0,0,0,5
2025,1022500205,1611661325,IND,1631064,Chloe Bibby,0,0,0,7
2025,1022500205,1611661325,IND,203024,Damiris Dantas,0,5,3,8
2025,1022500205,1611661325,IND,1628909,Kelsey Mitchell,0,2,2,10
2025,1022500205,1611661325,IND,1631086,Lexie Hull,0,3,3,8
2025,1022500205,1611661325,IND,1642815,Makayla Timpson,0,0,0,6
2025,1022500205,1611661325,IND,203827,Natasha Howard,0,0,1,9
2025,1022500205,1611661325,IND,203824,Odyssey Sims,0,2,2,8
2025,1022500205,1611661325,IND,1629482,Sophie Cunningham,0,3,3,10
2025,1022500206,1611661320,LAS,1628922,Azura Stevens,0,4,4,8
2025,1022500206,1611661320,LAS,1642287,Cameron Brink,0,0,0,6
2025,1022500206,1611661320,LAS,204324,Dearica Hamby,0,3,3,8
2025,1022500206,1611661320,LAS,1627700,Julie Allemand,0,6,6,8
2025,1022500206,1611661320,LAS,1642210,Julie Vanloo,0,1,1,8
2025,1022500206,1611661320,LAS,1628276,Kelsey Plum,0,4,5,8
2025,1022500206,1611661320,LAS,1630996,Rae Burrell,0,1,1,8
2025,1022500206,1611661320,LAS,1642288,Rickea Jackson,0,4,3,7
2025,1022500206,1611661320,LAS,1642782,Sarah Ashlee Barker,0,0,0,5
2025,1022500206,1611661313,NYL,203416,Emma Meesseman,0,4,4,9
2025,1022500206,1611661313,NYL,1627673,Jonquel Jones,0,4,3,8
2025,1022500206,1611661313,NYL,1630142,Leonie Fiebich,0,5,4,7
2025,1022500206,1611661313,NYL,1629546,Marine Johannes,0,4,4,9
2025,1022500206,1611661313,NYL,204333,Natasha Cloud,0,2,2,8
2025,1022500206,1611661313,NYL,203822,Rebekah Gardner,0,0,0,5
2025,1022500206,1611661313,NYL,1629477,Sabrina Ionescu,0,7,6,9
2025,1022500206,1611661313,NYL,203855,Stephanie Talbot,0,4,4,8
2025,1022500207,1611661329,CHI,1628878,Ariel Atkins,0,2,2,9
2025,1022500207,1611661329,CHI,204322,Elizabeth Williams,0,4,3,9
2025,1022500207,1611661329,CHI,1642817,Hailey Van Lith,0,1,1,8
2025,1022500207,1611661329,CHI,1642289,Kamilla Cardoso,0,3,3,9
2025,1022500207,1611661329,CHI,1628915,Kia Nurse,0,1,1,9
2025,1022500207,1611661329,CHI,1642818,Maddy Westbeld,0,3,2,9
2025,1022500207,1611661329,CHI,1630446,Michaela Onyenwere,0,1,1,7
2025,1022500207,1611661329,CHI,1627671,Rachel Banham,0,2,2,9
2025,1022500207,1611661329,CHI,204296,Rebecca Allen,0,0,0,5
2025,1022500207,1611661329,CHI,1642244,Sevgi Uzun,0,2,2,9
2025,1022500207,1611661323,CON,1642290,Aaliyah Edwards,0,0,0,10
2025,1022500207,1611661323,CON,1642800,Aneesah Morrow,0,0,0,9
2025,1022500207,1611661323,CON,203829,Bria Hartley,0,2,2,9
2025,1022500207,1611661323,CON,1642303,Leila Lacan,0,5,5,10
2025,1022500207,1611661323,CON,1628263,Lindsay Allen,0,1,1,8
2025,1022500207,1611661323,CON,1642841,Mamignan Toure,0,0,0,4
2025,1022500207,1611661323,CON,1629497,Marina Mabrey,0,5,4,10
2025,1022500207,1611661323,CON,1631135,Olivia Nelson-Ododa,0,2,2,10
2025,1022500207,1611661323,CON,1642809,Saniya Rivers,0,6,6,8
2025,1022500207,1611661323,CON,202250,Tina Charles,0,0,0,9
2025,1022500208,1611661331,GSV,1642304,Carla Leite,0,1,1,9
2025,1022500208,1611661331,GSV,1628508,Cecilia Zandalasini,0,4,4,9
2025,1022500208,1611661331,GSV,1630387,Iliana Rupert,0,3,3,9
2025,1022500208,1611661331,GSV,1642767,Janelle Salaun,0,1,1,9
2025,1022500208,1611661331,GSV,1630097,Kaila Charles,0,0,0,5
2025,1022500208,1611661331,GSV,1642324,Kate Martin,0,1,1,8
2025,1022500208,1611661331,GSV,1627701,Temi Fagbenle,0,2,1,8
2025,1022500208,1611661331,GSV,203026,Tiffany Hayes,0,3,2,9
2025,1022500208,1611661331,GSV,1631007,Veronica Burton,0,8,7,9
2025,1022500208,1611661322,WAS,202252,Alysha Clark,0,1,1,7
2025,1022500208,1611661322,WAS,1631083,Emily Engstler,0,1,2,9
2025,1022500208,1611661322,WAS,1642292,Jacy Sheldon,0,0,1,7
2025,1022500208,1611661322,WAS,1631141,Jade Melbourne,0,1,1,9
2025,1022500208,1611661322,WAS,1642792,Kiki Iriafen,0,4,4,9
2025,1022500208,1611661322,WAS,1642802,Lucy Olsen,0,0,0,7
2025,1022500208,1611661322,WAS,1642785,Sonia Citron,0,3,3,9
2025,1022500208,1611661322,WAS,203828,Stefanie Dolson,0,2,2,8
2025,1022500208,1611661322,WAS,1630134,Sug Sutton,0,7,7,9
2025,1022500209,1611661319,LVA,1628932,A'ja Wilson,0,4,4,9
2025,1022500209,1611661319,LVA,1642801,Aaliyah Nye,0,0,0,9
2025,1022500209,1611661319,LVA,203833,Chelsea Gray,0,6,5,9
2025,1022500209,1611661319,LVA,1630389,Dana Evans,0,0,0,7
2025,1022500209,1611661319,LVA,1629498,Jackie Young,0,4,4,9
2025,1022500209,1611661319,LVA,204319,Jewell Loyd,0,0,1,9
2025,1022500209,1611661319,LVA,204329,Kiah Stokes,0,0,0,6
2025,1022500209,1611661319,LVA,1631006,Kierstan Bell,0,1,1,9
2025,1022500209,1611661319,LVA,1631019,NaLyssa Smith,0,0,0,8
2025,1022500209,1611661313,NYL,203416,Emma Meesseman,0,3,3,9
2025,1022500209,1611661313,NYL,1627673,Jonquel Jones,0,5,5,9
2025,1022500209,1611661313,NYL,1629568,Kennedy Burke,0,0,1,7
2025,1022500209,1611661313,NYL,1630142,Leonie Fiebich,0,3,3,9
2025,1022500209,1611661313,NYL,1629546,Marine Johannes,0,1,1,7
2025,1022500209,1611661313,NYL,204333,Natasha Cloud,0,3,4,9
2025,1022500209,1611661313,NYL,203822,Rebekah Gardner,0,0,0,6
2025,1022500209,1611661313,NYL,1629477,Sabrina Ionescu,0,2,1,9
2025,1022500209,1611661313,NYL,203855,Stephanie Talbot,0,0,0,7
2025,1022500210,1611661330,ATL,1628277,Allisha Gray,0,1,1,8
2025,1022500210,1611661330,ATL,1628280,Brionna Jones,0,2,2,8
2025,1022500210,1611661330,ATL,203398,Brittney Griner,0,2,1,8
2025,1022500210,1611661330,ATL,1630471,Maya Caldwell,0,1,1,8
2025,1022500210,1611661330,ATL,1631044,Naz Hillmon,0,5,5,8
2025,1022500210,1611661330,ATL,1628269,Nia Coffey,0,1,1,7
2025,1022500210,1611661330,ATL,1631009,Rhyne Howard,0,6,7,8
2025,1022500210,1611661330,ATL,1628278,Shatori Walker-Kimbrough,0,0,0,4
2025,1022500210,1611661330,ATL,1642804,Te-Hina Paopao,0,1,1,4
2025,1022500210,1611661328,SEA,1628279,Brittney Sykes,0,2,2,7
2025,1022500210,1611661328,SEA,1642798,Dominique Malonga,0,0,0,7
2025,1022500210,1611661328,SEA,204365,Erica Wheeler,0,1,2,9
2025,1022500210,1611661328,SEA,1629496,Ezi Magbegor,0,2,2,8
2025,1022500210,1611661328,SEA,1628931,Gabby Williams,0,5,6,9
2025,1022500210,1611661328,SEA,203014,Nneka Ogwumike,0,4,4,8
2025,1022500210,1611661328,SEA,203400,Skylar Diggins,0,4,4,8
2025,1022500210,1611661328,SEA,1627676,Tiffany Mitchell,0,0,0,5
2025,1022500211,1611661325,IND,1641648,Aliyah Boston,0,1,1,9
2025,1022500211,1611661325,IND,203024,Damiris Dantas,0,1,1,8
2025,1022500211,1611661325,IND,1628909,Kelsey Mitchell,0,9,9,9
2025,1022500211,1611661325,IND,1631086,Lexie Hull,0,0,0,9
2025,1022500211,1611661325,IND,1642815,Makayla Timpson,0,0,0,8
2025,1022500211,1611661325,IND,203827,Natasha Howard,0,1,1,8
2025,1022500211,1611661325,IND,203824,Odyssey Sims,0,1,3,9
2025,1022500211,1611661325,IND,1629482,Sophie Cunningham,0,3,6,8
2025,1022500211,1611661322,WAS,202252,Alysha Clark,0,0,0,7
2025,1022500211,1611661322,WAS,1631083,Emily Engstler,0,4,4,8
2025,1022500211,1611661322,WAS,1631141,Jade Melbourne,0,5,5,8
2025,1022500211,1611661322,WAS,1642792,Kiki Iriafen,0,1,1,8
2025,1022500211,1611661322,WAS,1642802,Lucy Olsen,0,0,0,6
2025,1022500211,1611661322,WAS,1642810,Madison Scott,0,1,1,8
2025,1022500211,1611661322,WAS,1642785,Sonia Citron,0,4,3,8
2025,1022500211,1611661322,WAS,203828,Stefanie Dolson,0,2,2,8
2025,1022500211,1611661322,WAS,1630134,Sug Sutton,0,5,4,8
2025,1022500212,1611661329,CHI,1628878,Ariel Atkins,0,1,1,8
2025,1022500212,1611661329,CHI,204322,Elizabeth Williams,0,3,4,10
2025,1022500212,1611661329,CHI,1642817,Hailey Van Lith,0,1,1,11
2025,1022500212,1611661329,CHI,1642289,Kamilla Cardoso,0,5,5,8
2025,1022500212,1611661329,CHI,1628915,Kia Nurse,0,1,1,5
2025,1022500212,1611661329,CHI,1642818,Maddy Westbeld,0,0,1,8
2025,1022500212,1611661329,CHI,1630446,Michaela Onyenwere,0,1,1,9
2025,1022500212,1611661329,CHI,1627671,Rachel Banham,0,2,2,10
2025,1022500212,1611661329,CHI,204296,Rebecca Allen,0,0,0,9
2025,1022500212,1611661329,CHI,1642244,Sevgi Uzun,0,4,4,11
2025,1022500212,1611661331,GSV,1642304,Carla Leite,0,1,1,9
2025,1022500212,1611661331,GSV,1628508,Cecilia Zandalasini,0,4,3,9
2025,1022500212,1611661331,GSV,1630387,Iliana Rupert,0,3,3,9
2025,1022500212,1611661331,GSV,1642767,Janelle Salaun,0,3,3,9
2025,1022500212,1611661331,GSV,1630097,Kaila Charles,0,1,1,8
2025,1022500212,1611661331,GSV,1642822,Kaitlyn Chen,0,1,1,3
2025,1022500212,1611661331,GSV,1642324,Kate Martin,0,2,2,9
2025,1022500212,1611661331,GSV,1641656,Laeticia Amihere,0,0,0,4
2025,1022500212,1611661331,GSV,1627701,Temi Fagbenle,0,2,1,8
2025,1022500212,1611661331,GSV,203026,Tiffany Hayes,0,2,2,9
2025,1022500212,1611661331,GSV,1631007,Veronica Burton,0,1,2,10
2025,1022500213,1611661321,DAL,1642793,Aziaha James,0,3,3,8
2025,1022500213,1611661321,DAL,1641649,Diamond Miller,0,0,0,7
2025,1022500213,1611661321,DAL,1641658,Grace Berger,0,1,1,5
2025,1022500213,1611661321,DAL,1641650,Haley Jones,0,4,4,8
2025,1022500213,1611661321,DAL,1642808,JJ Quinerly,0,11,9,8
2025,1022500213,1611661321,DAL,1629574,Li Yueru,0,1,1,5
2025,1022500213,1611661321,DAL,1630143,Luisa Geiselsoder,0,4,4,7
2025,1022500213,1611661321,DAL,1641652,Maddy Siegrist,0,2,2,7
2025,1022500213,1611661321,DAL,1628899,Myisha Hines-Allen,0,3,3,7
2025,1022500213,1611661321,DAL,1642784,Paige Bueckers,0,6,5,7
2025,1022500213,1611661320,LAS,1628922,Azura Stevens,0,2,1,9
2025,1022500213,1611661320,LAS,1642287,Cameron Brink,0,0,0,8
2025,1022500213,1611661320,LAS,204324,Dearica Hamby,0,4,4,10
2025,1022500213,1611661320,LAS,1627700,Julie Allemand,0,8,10,10
2025,1022500213,1611661320,LAS,1642210,Julie Vanloo,0,0,0,3
2025,1022500213,1611661320,LAS,1628276,Kelsey Plum,0,5,5,10
2025,1022500213,1611661320,LAS,1630996,Rae Burrell,0,1,1,8
2025,1022500213,1611661320,LAS,1642288,Rickea Jackson,0,3,2,10
2025,1022500214,1611661330,ATL,1628277,Allisha Gray,0,5,4,8
2025,1022500214,1611661330,ATL,1628280,Brionna Jones,0,2,2,8
2025,1022500214,1611661330,ATL,203398,Brittney Griner,0,0,0,8
2025,1022500214,1611661330,ATL,1630471,Maya Caldwell,0,2,3,8
2025,1022500214,1611661330,ATL,1631044,Naz Hillmon,0,0,0,8
2025,1022500214,1611661330,ATL,1628269,Nia Coffey,0,3,3,7
2025,1022500214,1611661330,ATL,1631009,Rhyne Howard,0,1,1,8
2025,1022500214,1611661330,ATL,1628278,Shatori Walker-Kimbrough,0,0,0,1
2025,1022500214,1611661330,ATL,1642804,Te-Hina Paopao,0,3,3,8
2025,1022500214,1611661328,SEA,1628279,Brittney Sykes,0,1,2,8
2025,1022500214,1611661328,SEA,1642798,Dominique Malonga,0,2,2,8
2025,1022500214,1611661328,SEA,204365,Erica Wheeler,0,1,1,7
2025,1022500214,1611661328,SEA,1629496,Ezi Magbegor,0,4,3,8
2025,1022500214,1611661328,SEA,1628931,Gabby Williams,0,1,2,7
2025,1022500214,1611661328,SEA,203014,Nneka Ogwumike,0,0,0,8
2025,1022500214,1611661328,SEA,203400,Skylar Diggins,0,9,11,9
2025,1022500214,1611661328,SEA,1627676,Tiffany Mitchell,0,0,0,5
2025,1022500215,1611661319,LVA,1628932,A'ja Wilson,0,1,1,8
2025,1022500215,1611661319,LVA,1642801,Aaliyah Nye,0,2,2,8
2025,1022500215,1611661319,LVA,203833,Chelsea Gray,0,7,9,8
2025,1022500215,1611661319,LVA,1630389,Dana Evans,0,1,1,6
2025,1022500215,1611661319,LVA,1629498,Jackie Young,0,6,5,8
2025,1022500215,1611661319,LVA,204319,Jewell Loyd,0,2,2,7
2025,1022500215,1611661319,LVA,204329,Kiah Stokes,0,0,0,6
2025,1022500215,1611661319,LVA,1631006,Kierstan Bell,0,1,1,8
2025,1022500215,1611661319,LVA,1631019,NaLyssa Smith,0,0,0,8
2025,1022500215,1611661317,PHX,203826,Alyssa Thomas,0,8,9,8
2025,1022500215,1611661317,PHX,201886,DeWanna Bonner,0,0,0,9
2025,1022500215,1611661317,PHX,1627674,Kahleah Copper,0,2,2,9
2025,1022500215,1611661317,PHX,1628957,Kathryn Westbeld,0,0,0,9
2025,1022500215,1611661317,PHX,1642777,Monique Akoa Makani,0,6,6,9
2025,1022500215,1611661317,PHX,1630442,Natasha Mack,0,2,2,9
2025,1022500215,1611661317,PHX,1628244,Sami Whitcomb,0,0,0,8
2025,1022500215,1611661317,PHX,1630149,Satou Sabally,0,4,4,9
2025,1022500216,1611661324,MIN,1629501,Alanna Smith,0,2,2,8
2025,1022500216,1611661324,MIN,1629524,Bridget Carleton,0,3,3,7
2025,1022500216,1611661324,MIN,1627675,Courtney Williams,0,7,5,7
2025,1022500216,1611661324,MIN,1630096,DiJonai Carrington,0,1,1,8
2025,1022500216,1611661324,MIN,1629491,Jessica Shepard,0,2,2,8
2025,1022500216,1611661324,MIN,203825,Kayla McBride,0,3,2,7
2025,1022500216,1611661324,MIN,1628926,Maria Kliundikova,0,1,1,8
2025,1022500216,1611661324,MIN,1629567,Natisha Hiedeman,0,4,4,8
2025,1022500216,1611661313,NYL,203416,Emma Meesseman,0,3,3,8
2025,1022500216,1611661313,NYL,1627673,Jonquel Jones,0,2,2,8
2025,1022500216,1611661313,NYL,1629568,Kennedy Burke,0,3,2,8
2025,1022500216,1611661313,NYL,1630142,Leonie Fiebich,0,4,4,8
2025,1022500216,1611661313,NYL,1629546,Marine Johannes,0,3,2,8
2025,1022500216,1611661313,NYL,204333,Natasha Cloud,0,4,6,8
2025,1022500216,1611661313,NYL,1629477,Sabrina Ionescu,0,1,2,8
2025,1022500216,1611661313,NYL,203855,Stephanie Talbot,0,0,0,4
2025,1022500217,1611661320,LAS,1628922,Azura Stevens,0,0,0,10
2025,1022500217,1611661320,LAS,1642287,Cameron Brink,0,0,0,8
2025,1022500217,1611661320,LAS,204324,Dearica Hamby,0,7,7,10
2025,1022500217,1611661320,LAS,1627700,Julie Allemand,0,3,4,9
2025,1022500217,1611661320,LAS,1642210,Julie Vanloo,0,2,2,7
2025,1022500217,1611661320,LAS,1628276,Kelsey Plum,0,6,6,9
2025,1022500217,1611661320,LAS,1630996,Rae Burrell,0,3,2,10
2025,1022500217,1611661320,LAS,1642288,Rickea Jackson,0,2,2,10
2025,1022500217,1611661322,WAS,202252,Alysha Clark,0,7,6,8
2025,1022500217,1611661322,WAS,1631083,Emily Engstler,0,1,1,7
2025,1022500217,1611661322,WAS,1631141,Jade Melbourne,0,4,4,8
2025,1022500217,1611661322,WAS,1642792,Kiki Iriafen,0,3,3,8
2025,1022500217,1611661322,WAS,1642802,Lucy Olsen,0,4,3,8
2025,1022500217,1611661322,WAS,1642810,Madison Scott,0,0,0,7
2025,1022500217,1611661322,WAS,1631022,Shakira Austin,0,3,3,8
2025,1022500217,1611661322,WAS,1642785,Sonia Citron,0,3,3,8
2025,1022500217,1611661322,WAS,203828,Stefanie Dolson,0,0,0,8
2025,1022500217,1611661322,WAS,1630134,Sug Sutton,0,6,7,8
2025,1022500218,1611661323,CON,1642290,Aaliyah Edwards,0,0,0,10
2025,1022500218,1611661323,CON,1642800,Aneesah Morrow,0,2,1,10
2025,1022500218,1611661323,CON,203829,Bria Hartley,0,0,0,9
2025,1022500218,1611661323,CON,1642303,Leila Lacan,0,13,14,9
2025,1022500218,1611661323,CON,1629497,Marina Mabrey,0,2,5,10
2025,1022500218,1611661323,CON,1631135,Olivia Nelson-Ododa,0,0,0,10
2025,1022500218,1611661323,CON,1642809,Saniya Rivers,0,2,2,10
2025,1022500218,1611661323,CON,202250,Tina Charles,0,4,3,9
2025,1022500218,1611661325,IND,1641648,Aliyah Boston,0,4,5,8
2025,1022500218,1611661325,IND,1629488,Brianna Turner,0,1,1,8
2025,1022500218,1611661325,IND,1631064,Chloe Bibby,0,0,0,7
2025,1022500218,1611661325,IND,203024,Damiris Dantas,0,0,0,7
2025,1022500218,1611661325,IND,1628909,Kelsey Mitchell,0,7,6,8
2025,1022500218,1611661325,IND,1631086,Lexie Hull,0,3,3,7
2025,1022500218,1611661325,IND,1642815,Makayla Timpson,0,0,0,6
2025,1022500218,1611661325,IND,203827,Natasha Howard,0,1,1,8
2025,1022500218,1611661325,IND,203824,Odyssey Sims,0,6,7,8
2025,1022500218,1611661325,IND,1629482,Sophie Cunningham,0,0,0,8
2025,1022500219,1611661321,DAL,1642793,Aziaha James,0,3,4,10
2025,1022500219,1611661321,DAL,1641649,Diamond Miller,0,0,0,10
2025,1022500219,1611661321,DAL,1641658,Grace Berger,0,3,4,10
2025,1022500219,1611661321,DAL,1641650,Haley Jones,0,3,2,6
2025,1022500219,1611661321,DAL,1642808,JJ Quinerly,0,3,4,10
2025,1022500219,1611661321,DAL,1630143,Luisa Geiselsoder,0,4,3,9
2025,1022500219,1611661321,DAL,1641652,Maddy Siegrist,0,1,1,7
2025,1022500219,1611661321,DAL,1628899,Myisha Hines-Allen,0,4,4,9
2025,1022500219,1611661321,DAL,1642784,Paige Bueckers,0,3,4,8
2025,1022500219,1611661319,LVA,1628932,A'ja Wilson,0,1,1,9
2025,1022500219,1611661319,LVA,1642801,Aaliyah Nye,0,0,0,7
2025,1022500219,1611661319,LVA,203833,Chelsea Gray,0,14,14,9
2025,1022500219,1611661319,LVA,1630389,Dana Evans,0,4,3,9
2025,1022500219,1611661319,LVA,1629498,Jackie Young,0,7,5,9
2025,1022500219,1611661319,LVA,204319,Jewell Loyd,0,3,3,9
2025,1022500219,1611661319,LVA,204329,Kiah Stokes,0,0,0,7
2025,1022500219,1611661319,LVA,1631006,Kierstan Bell,0,1,1,9
2025,1022500219,1611661319,LVA,1629484,Megan DiLeo,0,0,0,4
2025,1022500219,1611661319,LVA,1631019,NaLyssa Smith,0,1,1,9
2025,1022500220,1611661317,PHX,203826,Alyssa Thomas,0,12,11,7
2025,1022500220,1611661317,PHX,201886,DeWanna Bonner,0,3,2,8
2025,1022500220,1611661317,PHX,1627674,Kahleah Copper,0,3,4,7
2025,1022500220,1611661317,PHX,1628957,Kathryn Westbeld,0,0,0,8
2025,1022500220,1611661317,PHX,1629490,Kitija Laksa,0,0,0,6
2025,1022500220,1611661317,PHX,1631118,Lexi Held,0,0,1,7
2025,1022500220,1611661317,PHX,1630442,Natasha Mack,0,0,0,7
2025,1022500220,1611661317,PHX,1628244,Sami Whitcomb,0,0,1,7
2025,1022500220,1611661317,PHX,1630149,Satou Sabally,0,2,2,8
2025,1022500220,1611661328,SEA,1628279,Brittney Sykes,0,4,4,9
2025,1022500220,1611661328,SEA,1642798,Dominique Malonga,0,1,1,9
2025,1022500220,1611661328,SEA,204365,Erica Wheeler,0,1,1,8
2025,1022500220,1611661328,SEA,1629496,Ezi Magbegor,0,2,2,8
2025,1022500220,1611661328,SEA,1628931,Gabby Williams,0,7,7,9
2025,1022500220,1611661328,SEA,203014,Nneka Ogwumike,0,2,2,9
2025,1022500220,1611661328,SEA,203400,Skylar Diggins,0,2,2,8
2025,1022500220,1611661328,SEA,1627676,Tiffany Mitchell,0,0,0,2
2025,1022500221,1611661330,ATL,1628277,Allisha Gray,0,4,4,9
2025,1022500221,1611661330,ATL,1628280,Brionna Jones,0,2,2,9
2025,1022500221,1611661330,ATL,203398,Brittney Griner,0,1,1,7
2025,1022500221,1611661330,ATL,1630471,Maya Caldwell,0,6,4,8
2025,1022500221,1611661330,ATL,1631044,Naz Hillmon,0,1,1,9
2025,1022500221,1611661330,ATL,1628269,Nia Coffey,0,1,2,11
2025,1022500221,1611661330,ATL,1631009,Rhyne Howard,0,5,6,9
2025,1022500221,1611661330,ATL,1628278,Shatori Walker-Kimbrough,0,0,0,3
2025,1022500221,1611661330,ATL,1631021,Sika Kone,0,0,0,4
2025,1022500221,1611661330,ATL,1642814,Taylor Thierry,0,0,0,4
2025,1022500221,1611661330,ATL,1642804,Te-Hina Paopao,0,5,4,11
2025,1022500221,1611661331,GSV,1642304,Carla Leite,0,1,2,8
2025,1022500221,1611661331,GSV,1628508,Cecilia Zandalasini,0,2,2,8
2025,1022500221,1611661331,GSV,1630387,Iliana Rupert,0,0,0,7
2025,1022500221,1611661331,GSV,1642767,Janelle Salaun,0,1,1,8
2025,1022500221,1611661331,GSV,1630097,Kaila Charles,0,0,0,4
2025,1022500221,1611661331,GSV,1642822,Kaitlyn Chen,0,0,0,2
2025,1022500221,1611661331,GSV,1642324,Kate Martin,0,0,0,9
2025,1022500221,1611661331,GSV,1641656,Laeticia Amihere,0,0,1,10
2025,1022500221,1611661331,GSV,1627701,Temi Fagbenle,0,0,0,8
2025,1022500221,1611661331,GSV,203026,Tiffany Hayes,0,3,3,8
2025,1022500221,1611661331,GSV,1631007,Veronica Burton,0,5,5,8
2025,1022500222,1611661324,MIN,1629501,Alanna Smith,0,2,2,8
2025,1022500222,1611661324,MIN,1629524,Bridget Carleton,0,1,1,7
2025,1022500222,1611661324,MIN,1627675,Courtney Williams,0,2,2,8
2025,1022500222,1611661324,MIN,1630096,DiJonai Carrington,0,1,1,8
2025,1022500222,1611661324,MIN,1629491,Jessica Shepard,0,1,1,8
2025,1022500222,1611661324,MIN,203825,Kayla McBride,0,3,3,8
2025,1022500222,1611661324,MIN,1628926,Maria Kliundikova,0,0,0,8
2025,1022500222,1611661324,MIN,1629567,Natisha Hiedeman,0,0,0,8
2025,1022500222,1611661313,NYL,203416,Emma Meesseman,0,3,3,8
2025,1022500222,1611661313,NYL,1627673,Jonquel Jones,0,1,1,8
2025,1022500222,1611661313,NYL,1629568,Kennedy Burke,0,1,1,8
2025,1022500222,1611661313,NYL,1630142,Leonie Fiebich,0,6,4,8
2025,1022500222,1611661313,NYL,1629546,Marine Johannes,0,2,1,8
2025,1022500222,1611661313,NYL,204333,Natasha Cloud,0,2,2,8
2025,1022500222,1611661313,NYL,1629477,Sabrina Ionescu,0,10,11,8
2025,1022500222,1611661313,NYL,203855,Stephanie Talbot,0,0,0,6
2025,1022500223,1611661323,CON,1642290,Aaliyah Edwards,0,1,1,9
2025,1022500223,1611661323,CON,1642800,Aneesah Morrow,0,0,0,8
2025,1022500223,1611661323,CON,203829,Bria Hartley,0,1,1,8
2025,1022500223,1611661323,CON,1642303,Leila Lacan,0,5,4,9
2025,1022500223,1611661323,CON,1628263,Lindsay Allen,0,1,1,8
2025,1022500223,1611661323,CON,1629497,Marina Mabrey,0,1,2,9
2025,1022500223,1611661323,CON,1631135,Olivia Nelson-Ododa,0,4,4,9
2025,1022500223,1611661323,CON,1642809,Saniya Rivers,0,1,1,9
2025,1022500223,1611661323,CON,202250,Tina Charles,0,3,2,9
2025,1022500223,1611661322,WAS,202252,Alysha Clark,0,0,0,8
2025,1022500223,1611661322,WAS,1631083,Emily Engstler,0,2,2,8
2025,1022500223,1611661322,WAS,1631141,Jade Melbourne,0,4,4,9
2025,1022500223,1611661322,WAS,1642792,Kiki Iriafen,0,4,4,9
2025,1022500223,1611661322,WAS,1642802,Lucy Olsen,0,1,1,8
2025,1022500223,1611661322,WAS,1642810,Madison Scott,0,0,0,6
2025,1022500223,1611661322,WAS,1631022,Shakira Austin,0,0,0,9
2025,1022500223,1611661322,WAS,1642785,Sonia Citron,0,4,3,9
2025,1022500223,1611661322,WAS,1630134,Sug Sutton,0,7,7,9
2025,1022500224,1611661329,CHI,1642291,Angel Reese,0,4,4,7
2025,1022500224,1611661329,CHI,1628878,Ariel Atkins,0,5,5,8
2025,1022500224,1611661329,CHI,204322,Elizabeth Williams,0,4,4,7
2025,1022500224,1611661329,CHI,1642289,Kamilla Cardoso,0,7,6,7
2025,1022500224,1611661329,CHI,1628915,Kia Nurse,0,2,2,7
2025,1022500224,1611661329,CHI,1630446,Michaela Onyenwere,0,2,2,8
2025,1022500224,1611661329,CHI,1627671,Rachel Banham,0,1,3,7
2025,1022500224,1611661329,CHI,204296,Rebecca Allen,0,0,0,6
2025,1022500224,1611661329,CHI,1642244,Sevgi Uzun,0,4,4,8
2025,1022500224,1611661328,SEA,1628279,Brittney Sykes,0,5,5,9
2025,1022500224,1611661328,SEA,1642798,Dominique Malonga,0,0,0,9
2025,1022500224,1611661328,SEA,204365,Erica Wheeler,0,0,0,9
2025,1022500224,1611661328,SEA,1629496,Ezi Magbegor,0,0,0,9
2025,1022500224,1611661328,SEA,1628931,Gabby Williams,0,5,5,9
2025,1022500224,1611661328,SEA,203014,Nneka Ogwumike,0,4,5,9
2025,1022500224,1611661328,SEA,203400,Skylar Diggins,0,5,6,9
2025,1022500224,1611661328,SEA,1627676,Tiffany Mitchell,0,0,0,8
2025,1022500225,1611661330,ATL,1628277,Allisha Gray,0,2,2,9
2025,1022500225,1611661330,ATL,1628280,Brionna Jones,0,0,0,9
2025,1022500225,1611661330,ATL,203398,Brittney Griner,0,2,2,8
2025,1022500225,1611661330,ATL,1630471,Maya Caldwell,0,0,0,7
2025,1022500225,1611661330,ATL,1631044,Naz Hillmon,0,0,0,9
2025,1022500225,1611661330,ATL,1628269,Nia Coffey,0,1,1,7
2025,1022500225,1611661330,ATL,1631009,Rhyne Howard,0,5,6,8
2025,1022500225,1611661330,ATL,1642804,Te-Hina Paopao,0,5,5,9
2025,1022500225,1611661319,LVA,1628932,A'ja Wilson,0,5,4,8
2025,1022500225,1611661319,LVA,1642801,Aaliyah Nye,0,0,0,5
2025,1022500225,1611661319,LVA,203833,Chelsea Gray,0,8,11,7
2025,1022500225,1611661319,LVA,1630389,Dana Evans,0,0,0,6
2025,1022500225,1611661319,LVA,1629498,Jackie Young,0,2,2,8
2025,1022500225,1611661319,LVA,204319,Jewell Loyd,0,1,2,8
2025,1022500225,1611661319,LVA,204329,Kiah Stokes,0,0,0,7
2025,1022500225,1611661319,LVA,1631006,Kierstan Bell,0,0,0,7
2025,1022500225,1611661319,LVA,1631019,NaLyssa Smith,0,1,1,8
2025,1022500226,1611661331,GSV,1642304,Carla Leite,0,4,3,8
2025,1022500226,1611661331,GSV,1642767,Janelle Salaun,0,0,0,9
2025,1022500226,1611661331,GSV,1630097,Kaila Charles,0,0,0,6
2025,1022500226,1611661331,GSV,1642822,Kaitlyn Chen,0,1,1,9
2025,1022500226,1611661331,GSV,1642324,Kate Martin,0,2,2,8
2025,1022500226,1611661331,GSV,1641656,Laeticia Amihere,0,0,0,8
2025,1022500226,1611661331,GSV,1627701,Temi Fagbenle,0,0,0,8
2025,1022500226,1611661331,GSV,1631007,Veronica Burton,0,16,14,9
2025,1022500226,1611661317,PHX,203826,Alyssa Thomas,0,8,8,7
2025,1022500226,1611661317,PHX,201886,DeWanna Bonner,0,0,0,8
2025,1022500226,1611661317,PHX,1627674,Kahleah Copper,0,1,1,8
2025,1022500226,1611661317,PHX,1628957,Kathryn Westbeld,0,0,0,7
2025,1022500226,1611661317,PHX,1631118,Lexi Held,0,0,0,5
2025,1022500226,1611661317,PHX,1642777,Monique Akoa Makani,0,2,3,7
2025,1022500226,1611661317,PHX,1630442,Natasha Mack,0,0,0,7
2025,1022500226,1611661317,PHX,1628244,Sami Whitcomb,0,1,4,8
2025,1022500226,1611661317,PHX,1630149,Satou Sabally,0,7,6,8
2025,1022500227,1611661321,DAL,1642793,Aziaha James,0,2,1,7
2025,1022500227,1611661321,DAL,1641649,Diamond Miller,0,0,0,3
2025,1022500227,1611661321,DAL,1641658,Grace Berger,0,7,7,8
2025,1022500227,1611661321,DAL,1641650,Haley Jones,0,1,1,7
2025,1022500227,1611661321,DAL,1642808,JJ Quinerly,0,1,1,7
2025,1022500227,1611661321,DAL,1630143,Luisa Geiselsoder,0,2,2,8
2025,1022500227,1611661321,DAL,1641652,Maddy Siegrist,0,0,0,8
2025,1022500227,1611661321,DAL,1628899,Myisha Hines-Allen,0,1,1,8
2025,1022500227,1611661321,DAL,1642784,Paige Bueckers,0,5,3,8
2025,1022500227,1611661320,LAS,1628922,Azura Stevens,0,6,6,8
2025,1022500227,1611661320,LAS,1642287,Cameron Brink,0,0,0,8
2025,1022500227,1611661320,LAS,204324,Dearica Hamby,0,2,2,8
2025,1022500227,1611661320,LAS,1627700,Julie Allemand,0,9,8,8
2025,1022500227,1611661320,LAS,1642210,Julie Vanloo,0,2,2,6
2025,1022500227,1611661320,LAS,1628276,Kelsey Plum,0,1,1,8
2025,1022500227,1611661320,LAS,1630996,Rae Burrell,0,2,2,8
2025,1022500227,1611661320,LAS,1642288,Rickea Jackson,0,0,0,8
2025,1022500228,1611661323,CON,1642290,Aaliyah Edwards,0,0,0,9
2025,1022500228,1611661323,CON,1642800,Aneesah Morrow,0,1,1,10
2025,1022500228,1611661323,CON,203829,Bria Hartley,0,3,3,9
2025,1022500228,1611661323,CON,1642303,Leila Lacan,0,5,5,10
2025,1022500228,1611661323,CON,1629497,Marina Mabrey,0,3,5,10
2025,1022500228,1611661323,CON,1631135,Olivia Nelson-Ododa,0,2,2,9
2025,1022500228,1611661323,CON,1642809,Saniya Rivers,0,4,4,9
2025,1022500228,1611661323,CON,202250,Tina Charles,0,0,0,9
2025,1022500228,1611661322,WAS,202252,Alysha Clark,0,1,1,8
2025,1022500228,1611661322,WAS,1631083,Emily Engstler,0,0,0,8
2025,1022500228,1611661322,WAS,1631141,Jade Melbourne,0,1,1,8
2025,1022500228,1611661322,WAS,1642792,Kiki Iriafen,0,1,1,8
2025,1022500228,1611661322,WAS,1642802,Lucy Olsen,0,1,2,8
2025,1022500228,1611661322,WAS,1642810,Madison Scott,0,0,0,4
2025,1022500228,1611661322,WAS,1631022,Shakira Austin,0,0,0,8
2025,1022500228,1611661322,WAS,1642785,Sonia Citron,0,1,1,8
2025,1022500228,1611661322,WAS,203828,Stefanie Dolson,0,2,1,8
2025,1022500228,1611661322,WAS,1630134,Sug Sutton,0,7,6,8
2025,1022500229,1611661329,CHI,1642291,Angel Reese,0,3,3,8
2025,1022500229,1611661329,CHI,1628878,Ariel Atkins,0,4,5,9
2025,1022500229,1611661329,CHI,204322,Elizabeth Williams,0,1,1,8
2025,1022500229,1611661329,CHI,1642289,Kamilla Cardoso,0,5,5,8
2025,1022500229,1611661329,CHI,1628915,Kia Nurse,0,0,0,7
2025,1022500229,1611661329,CHI,1630446,Michaela Onyenwere,0,0,0,8
2025,1022500229,1611661329,CHI,1627671,Rachel Banham,0,2,2,8
2025,1022500229,1611661329,CHI,204296,Rebecca Allen,0,0,0,9
2025,1022500229,1611661329,CHI,1642244,Sevgi Uzun,0,1,1,9
2025,1022500229,1611661313,NYL,203416,Emma Meesseman,0,5,6,9
2025,1022500229,1611661313,NYL,1627673,Jonquel Jones,0,2,2,9
2025,1022500229,1611661313,NYL,1629568,Kennedy Burke,0,1,1,9
2025,1022500229,1611661313,NYL,1630142,Leonie Fiebich,0,3,2,9
2025,1022500229,1611661313,NYL,1629546,Marine Johannes,0,1,1,8
2025,1022500229,1611661313,NYL,204333,Natasha Cloud,0,3,5,9
2025,1022500229,1611661313,NYL,203822,Rebekah Gardner,0,1,1,4
2025,1022500229,1611661313,NYL,1629477,Sabrina Ionescu,0,3,2,9
2025,1022500229,1611661313,NYL,203855,Stephanie Talbot,0,2,2,8
2025,1022500230,1611661330,ATL,1628277,Allisha Gray,0,2,2,8
2025,1022500230,1611661330,ATL,1628280,Brionna Jones,0,2,2,8
2025,1022500230,1611661330,ATL,203398,Brittney Griner,0,0,0,8
2025,1022500230,1611661330,ATL,1630471,Maya Caldwell,0,2,2,7
2025,1022500230,1611661330,ATL,1631044,Naz Hillmon,0,5,3,8
2025,1022500230,1611661330,ATL,1628269,Nia Coffey,0,1,1,5
2025,1022500230,1611661330,ATL,1631009,Rhyne Howard,0,2,3,8
2025,1022500230,1611661330,ATL,1628278,Shatori Walker-Kimbrough,0,1,1,9
2025,1022500230,1611661330,ATL,1642804,Te-Hina Paopao,0,3,4,8
2025,1022500230,1611661324,MIN,1629501,Alanna Smith,0,1,1,9
2025,1022500230,1611661324,MIN,1629524,Bridget Carleton,0,1,2,9
2025,1022500230,1611661324,MIN,1627675,Courtney Williams,0,9,9,9
2025,1022500230,1611661324,MIN,1630096,DiJonai Carrington,0,0,0,8
2025,1022500230,1611661324,MIN,1642320,Jaylyn Sherrod,0,0,0,3
2025,1022500230,1611661324,MIN,1629491,Jessica Shepard,0,4,4,9
2025,1022500230,1611661324,MIN,203825,Kayla McBride,0,5,4,8
2025,1022500230,1611661324,MIN,1628926,Maria Kliundikova,0,0,0,8
2025,1022500230,1611661324,MIN,1629567,Natisha Hiedeman,0,0,0,9
2025,1022500231,1611661319,LVA,1628932,A'ja Wilson,0,0,1,10
2025,1022500231,1611661319,LVA,1642801,Aaliyah Nye,0,0,0,8
2025,1022500231,1611661319,LVA,203833,Chelsea Gray,0,4,4,12
2025,1022500231,1611661319,LVA,1630389,Dana Evans,0,0,0,12
2025,1022500231,1611661319,LVA,1629498,Jackie Young,0,6,5,12
2025,1022500231,1611661319,LVA,204319,Jewell Loyd,0,4,3,12
2025,1022500231,1611661319,LVA,204329,Kiah Stokes,0,0,0,11
2025,1022500231,1611661319,LVA,1631006,Kierstan Bell,0,5,3,8
2025,1022500231,1611661319,LVA,1629484,Megan DiLeo,0,0,0,4
2025,1022500231,1611661319,LVA,1631019,NaLyssa Smith,0,2,2,9
2025,1022500231,1611661317,PHX,203826,Alyssa Thomas,0,3,6,9
2025,1022500231,1611661317,PHX,201886,DeWanna Bonner,0,0,0,9
2025,1022500231,1611661317,PHX,1627674,Kahleah Copper,0,1,1,8
2025,1022500231,1611661317,PHX,1629480,Kalani Brown,0,0,0,7
2025,1022500231,1611661317,PHX,1628957,Kathryn Westbeld,0,0,0,10
2025,1022500231,1611661317,PHX,1630461,Kiana Williams,0,0,0,6
2025,1022500231,1611661317,PHX,1629490,Kitija Laksa,0,0,0,7
2025,1022500231,1611661317,PHX,1631118,Lexi Held,0,1,1,9
2025,1022500231,1611661317,PHX,1642777,Monique Akoa Makani,0,1,1,9
2025,1022500231,1611661317,PHX,1630442,Natasha Mack,0,0,0,8
2025,1022500231,1611661317,PHX,1628244,Sami Whitcomb,0,1,1,8
2025,1022500231,1611661317,PHX,1630149,Satou Sabally,0,2,2,9
2025,1022500232,1611661325,IND,1641648,Aliyah Boston,0,2,2,8
2025,1022500232,1611661325,IND,1629488,Brianna Turner,0,4,4,8
2025,1022500232,1611661325,IND,203024,Damiris Dantas,0,2,1,8
2025,1022500232,1611661325,IND,1628909,Kelsey Mitchell,0,4,5,8
2025,1022500232,1611661325,IND,1631086,Lexie Hull,0,2,2,8
2025,1022500232,1611661325,IND,1642815,Makayla Timpson,0,0,0,3
2025,1022500232,1611661325,IND,203827,Natasha Howard,0,1,1,8
2025,1022500232,1611661325,IND,203824,Odyssey Sims,0,3,5,7
2025,1022500232,1611661325,IND,203035,Shey Peddy,0,2,4,8
2025,1022500232,1611661324,MIN,1629501,Alanna Smith,0,5,5,8
2025,1022500232,1611661324,MIN,1629524,Bridget Carleton,0,0,0,8
2025,1022500232,1611661324,MIN,1627675,Courtney Williams,0,1,1,7
2025,1022500232,1611661324,MIN,1630096,DiJonai Carrington,0,2,2,8
2025,1022500232,1611661324,MIN,1629491,Jessica Shepard,0,10,10,9
2025,1022500232,1611661324,MIN,203825,Kayla McBride,0,7,6,9
2025,1022500232,1611661324,MIN,1628926,Maria Kliundikova,0,1,1,8
2025,1022500232,1611661324,MIN,1629567,Natisha Hiedeman,0,0,0,8
2025,1022500233,1611661321,DAL,1629539,Amy Okonkwo,0,0,0,10
2025,1022500233,1611661321,DAL,1642793,Aziaha James,0,0,0,11
2025,1022500233,1611661321,DAL,1641649,Diamond Miller,0,1,1,11
2025,1022500233,1611661321,DAL,1641658,Grace Berger,0,2,3,10
2025,1022500233,1611661321,DAL,1641650,Haley Jones,0,1,2,11
2025,1022500233,1611661321,DAL,1630143,Luisa Geiselsoder,0,2,2,9
2025,1022500233,1611661321,DAL,1641652,Maddy Siegrist,0,0,0,8
2025,1022500233,1611661321,DAL,1628899,Myisha Hines-Allen,0,1,1,9
2025,1022500233,1611661321,DAL,1642784,Paige Bueckers,0,0,0,8
2025,1022500233,1611661328,SEA,1628279,Brittney Sykes,0,3,5,8
2025,1022500233,1611661328,SEA,1642798,Dominique Malonga,0,2,2,9
2025,1022500233,1611661328,SEA,204365,Erica Wheeler,0,4,4,9
2025,1022500233,1611661328,SEA,1629496,Ezi Magbegor,0,2,1,8
2025,1022500233,1611661328,SEA,1628931,Gabby Williams,0,1,1,9
2025,1022500233,1611661328,SEA,1628882,Lexie Brown,0,1,2,7
2025,1022500233,1611661328,SEA,1642307,Mackenzie Holmes,0,0,0,5
2025,1022500233,1611661328,SEA,203014,Nneka Ogwumike,0,3,4,8
2025,1022500233,1611661328,SEA,203400,Skylar Diggins,0,4,5,8
2025,1022500233,1611661328,SEA,1627676,Tiffany Mitchell,0,1,1,8
2025,1022500233,1611661328,SEA,1641660,Zia Cooke,0,0,0,5
2025,1022500234,1611661331,GSV,1642304,Carla Leite,0,2,3,9
2025,1022500234,1611661331,GSV,1630387,Iliana Rupert,0,2,2,9
2025,1022500234,1611661331,GSV,1642767,Janelle Salaun,0,1,1,9
2025,1022500234,1611661331,GSV,1630097,Kaila Charles,0,0,0,10
2025,1022500234,1611661331,GSV,1642822,Kaitlyn Chen,0,0,0,5
2025,1022500234,1611661331,GSV,1642324,Kate Martin,0,3,2,9
2025,1022500234,1611661331,GSV,1641656,Laeticia Amihere,0,0,0,10
2025,1022500234,1611661331,GSV,1627701,Temi Fagbenle,0,1,1,9
2025,1022500234,1611661331,GSV,203026,Tiffany Hayes,0,2,3,8
2025,1022500234,1611661331,GSV,1631007,Veronica Burton,0,6,8,9
2025,1022500234,1611661317,PHX,203826,Alyssa Thomas,0,16,16,9
2025,1022500234,1611661317,PHX,201886,DeWanna Bonner,0,2,2,8
2025,1022500234,1611661317,PHX,1627674,Kahleah Copper,0,1,1,10
2025,1022500234,1611661317,PHX,1629480,Kalani Brown,0,0,0,4
2025,1022500234,1611661317,PHX,1628957,Kathryn Westbeld,0,1,1,10
2025,1022500234,1611661317,PHX,1630461,Kiana Williams,0,0,0,2
2025,1022500234,1611661317,PHX,1629490,Kitija Laksa,0,0,0,4
2025,1022500234,1611661317,PHX,1631118,Lexi Held,0,0,0,9
2025,1022500234,1611661317,PHX,1642777,Monique Akoa Makani,0,0,0,10
2025,1022500234,1611661317,PHX,1630442,Natasha Mack,0,0,0,7
2025,1022500234,1611661317,PHX,1628244,Sami Whitcomb,0,3,3,9
2025,1022500234,1611661317,PHX,1630149,Satou Sabally,0,2,2,9
2025,1022500235,1611661330,ATL,1628277,Allisha Gray,0,2,2,8
2025,1022500235,1611661330,ATL,1628280,Brionna Jones,0,3,2,8
2025,1022500235,1611661330,ATL,203398,Brittney Griner,0,1,1,8
2025,1022500235,1611661330,ATL,1630471,Maya Caldwell,0,0,0,8
2025,1022500235,1611661330,ATL,1631044,Naz Hillmon,0,4,4,8
2025,1022500235,1611661330,ATL,1628269,Nia Coffey,0,1,1,7
2025,1022500235,1611661330,ATL,1631009,Rhyne Howard,0,7,6,8
2025,1022500235,1611661330,ATL,1628278,Shatori Walker-Kimbrough,0,1,1,4
2025,1022500235,1611661330,ATL,1631021,Sika Kone,0,0,0,3
2025,1022500235,1611661330,ATL,1642804,Te-Hina Paopao,0,3,3,8
2025,1022500235,1611661313,NYL,203416,Emma Meesseman,0,4,4,9
2025,1022500235,1611661313,NYL,1627673,Jonquel Jones,0,1,1,8
2025,1022500235,1611661313,NYL,1629568,Kennedy Burke,0,0,1,10
2025,1022500235,1611661313,NYL,1630142,Leonie Fiebich,0,4,3,8
2025,1022500235,1611661313,NYL,1629546,Marine Johannes,0,4,5,9
2025,1022500235,1611661313,NYL,204333,Natasha Cloud,0,1,1,8
2025,1022500235,1611661313,NYL,203822,Rebekah Gardner,0,2,1,8
2025,1022500235,1611661313,NYL,203855,Stephanie Talbot,0,4,3,9
2025,1022500236,1611661319,LVA,1628932,A'ja Wilson,0,1,1,10
2025,1022500236,1611661319,LVA,1642801,Aaliyah Nye,0,0,0,3
2025,1022500236,1611661319,LVA,203833,Chelsea Gray,0,8,8,10
2025,1022500236,1611661319,LVA,1630389,Dana Evans,0,4,3,10
2025,1022500236,1611661319,LVA,1629498,Jackie Young,0,8,8,10
2025,1022500236,1611661319,LVA,204319,Jewell Loyd,0,1,3,9
2025,1022500236,1611661319,LVA,204329,Kiah Stokes,0,0,0,5
2025,1022500236,1611661319,LVA,1631006,Kierstan Bell,0,2,2,9
2025,1022500236,1611661319,LVA,1629484,Megan DiLeo,0,0,0,8
2025,1022500236,1611661319,LVA,1631019,NaLyssa Smith,0,2,2,9
2025,1022500236,1611661322,WAS,202252,Alysha Clark,0,0,0,9
2025,1022500236,1611661322,WAS,1631083,Emily Engstler,0,1,2,9
2025,1022500236,1611661322,WAS,1631141,Jade Melbourne,0,6,6,9
2025,1022500236,1611661322,WAS,1642792,Kiki Iriafen,0,3,3,8
2025,1022500236,1611661322,WAS,1642802,Lucy Olsen,0,1,1,9
2025,1022500236,1611661322,WAS,1642810,Madison Scott,0,0,0,8
2025,1022500236,1611661322,WAS,1631022,Shakira Austin,0,4,3,8
2025,1022500236,1611661322,WAS,1642785,Sonia Citron,0,3,3,7
2025,1022500236,1611661322,WAS,203828,Stefanie Dolson,0,0,0,7
2025,1022500236,1611661322,WAS,1630134,Sug Sutton,0,3,3,8
2025,1022500237,1611661329,CHI,1642291,Angel Reese,0,8,5,8
2025,1022500237,1611661329,CHI,1628878,Ariel Atkins,0,3,3,7
2025,1022500237,1611661329,CHI,204322,Elizabeth Williams,0,1,1,8
2025,1022500237,1611661329,CHI,1642817,Hailey Van Lith,0,2,2,5
2025,1022500237,1611661329,CHI,1642289,Kamilla Cardoso,0,4,5,9
2025,1022500237,1611661329,CHI,1628915,Kia Nurse,0,0,0,9
2025,1022500237,1611661329,CHI,1630446,Michaela Onyenwere,0,2,2,9
2025,1022500237,1611661329,CHI,1627671,Rachel Banham,0,3,3,7
2025,1022500237,1611661329,CHI,204296,Rebecca Allen,0,1,1,7
2025,1022500237,1611661329,CHI,1642244,Sevgi Uzun,0,4,3,8
2025,1022500237,1611661323,CON,1642290,Aaliyah Edwards,0,1,1,10
2025,1022500237,1611661323,CON,1642800,Aneesah Morrow,0,1,1,9
2025,1022500237,1611661323,CON,203829,Bria Hartley,0,5,4,9
2025,1022500237,1611661323,CON,1642303,Leila Lacan,0,4,4,10
2025,1022500237,1611661323,CON,1642841,Mamignan Toure,0,0,1,3
2025,1022500237,1611661323,CON,1629497,Marina Mabrey,0,7,8,10
2025,1022500237,1611661323,CON,1631135,Olivia Nelson-Ododa,0,0,0,9
2025,1022500237,1611661323,CON,1642809,Saniya Rivers,0,3,3,10
2025,1022500237,1611661323,CON,202250,Tina Charles,0,3,2,9
2025,1022500238,1611661328,SEA,1628279,Brittney Sykes,0,1,1,7
2025,1022500238,1611661328,SEA,1642798,Dominique Malonga,0,1,1,9
2025,1022500238,1611661328,SEA,204365,Erica Wheeler,0,5,4,8
2025,1022500238,1611661328,SEA,1629496,Ezi Magbegor,0,0,1,8
2025,1022500238,1611661328,SEA,1628931,Gabby Williams,0,2,3,8
2025,1022500238,1611661328,SEA,203014,Nneka Ogwumike,0,2,2,8
2025,1022500238,1611661328,SEA,203400,Skylar Diggins,0,12,11,9
2025,1022500238,1611661328,SEA,1627676,Tiffany Mitchell,0,0,0,5
2025,1022500238,1611661322,WAS,202252,Alysha Clark,0,0,0,8
2025,1022500238,1611661322,WAS,1631083,Emily Engstler,0,0,0,7
2025,1022500238,1611661322,WAS,1631141,Jade Melbourne,0,5,5,8
2025,1022500238,1611661322,WAS,1642792,Kiki Iriafen,0,0,0,7
2025,1022500238,1611661322,WAS,1642802,Lucy Olsen,0,0,0,4
2025,1022500238,1611661322,WAS,1631022,Shakira Austin,0,1,1,7
2025,1022500238,1611661322,WAS,1642785,Sonia Citron,0,1,1,8
2025,1022500238,1611661322,WAS,203828,Stefanie Dolson,0,4,3,8
2025,1022500238,1611661322,WAS,1630134,Sug Sutton,0,10,9,8
2025,1022500239,1611661321,DAL,1629539,Amy Okonkwo,0,2,2,8
2025,1022500239,1611661321,DAL,1642793,Aziaha James,0,0,0,7
2025,1022500239,1611661321,DAL,1641649,Diamond Miller,0,3,3,8
2025,1022500239,1611661321,DAL,1641658,Grace Berger,0,3,4,8
2025,1022500239,1611661321,DAL,1641650,Haley Jones,0,1,1,6
2025,1022500239,1611661321,DAL,1630143,Luisa Geiselsoder,0,0,0,7
2025,1022500239,1611661321,DAL,1641652,Maddy Siegrist,0,2,1,8
2025,1022500239,1611661321,DAL,1628899,Myisha Hines-Allen,0,1,1,8
2025,1022500239,1611661321,DAL,1642784,Paige Bueckers,0,15,9,7
2025,1022500239,1611661331,GSV,1630387,Iliana Rupert,0,2,2,9
2025,1022500239,1611661331,GSV,1642767,Janelle Salaun,0,3,2,9
2025,1022500239,1611661331,GSV,1630097,Kaila Charles,0,2,2,9
2025,1022500239,1611661331,GSV,1642822,Kaitlyn Chen,0,0,0,6
2025,1022500239,1611661331,GSV,1642324,Kate Martin,0,2,2,9
2025,1022500239,1611661331,GSV,1641656,Laeticia Amihere,0,0,0,8
2025,1022500239,1611661331,GSV,1627701,Temi Fagbenle,0,3,3,9
2025,1022500239,1611661331,GSV,1631007,Veronica Burton,0,13,13,9
2025,1022500240,1611661325,IND,1627672,Aerial Powers,0,3,3,10
2025,1022500240,1611661325,IND,1641648,Aliyah Boston,0,5,5,9
2025,1022500240,1611661325,IND,1629488,Brianna Turner,0,0,0,10
2025,1022500240,1611661325,IND,203024,Damiris Dantas,0,1,1,8
2025,1022500240,1611661325,IND,1628909,Kelsey Mitchell,0,2,2,8
2025,1022500240,1611661325,IND,1631086,Lexie Hull,0,4,4,9
2025,1022500240,1611661325,IND,1642815,Makayla Timpson,0,0,0,6
2025,1022500240,1611661325,IND,203827,Natasha Howard,0,3,3,9
2025,1022500240,1611661325,IND,203824,Odyssey Sims,0,2,2,10
2025,1022500240,1611661325,IND,203035,Shey Peddy,0,1,1,9
2025,1022500240,1611661324,MIN,1629501,Alanna Smith,0,3,2,9
2025,1022500240,1611661324,MIN,1642797,Anastasiia Olairi Kosu,0,0,0,4
2025,1022500240,1611661324,MIN,1629524,Bridget Carleton,0,1,1,8
2025,1022500240,1611661324,MIN,1642344,Camryn Taylor,0,0,0,3
2025,1022500240,1611661324,MIN,1627675,Courtney Williams,0,9,10,9
2025,1022500240,1611661324,MIN,1630096,DiJonai Carrington,0,0,0,9
2025,1022500240,1611661324,MIN,1642320,Jaylyn Sherrod,0,0,1,2
2025,1022500240,1611661324,MIN,1629491,Jessica Shepard,0,3,3,8
2025,1022500240,1611661324,MIN,203825,Kayla McBride,0,4,4,9
2025,1022500240,1611661324,MIN,1628926,Maria Kliundikova,0,2,2,8
2025,1022500240,1611661324,MIN,1629483,Napheesa Collier,0,2,2,9
2025,1022500240,1611661324,MIN,1629567,Natisha Hiedeman,0,4,3,9
2025,1022500241,1611661323,CON,1642290,Aaliyah Edwards,0,2,2,9
2025,1022500241,1611661323,CON,1642800,Aneesah Morrow,0,0,0,9
2025,1022500241,1611661323,CON,203829,Bria Hartley,0,3,4,9
2025,1022500241,1611661323,CON,1642303,Leila Lacan,0,5,3,9
2025,1022500241,1611661323,CON,1642841,Mamignan Toure,0,0,0,3
2025,1022500241,1611661323,CON,1629497,Marina Mabrey,0,4,5,9
2025,1022500241,1611661323,CON,1631135,Olivia Nelson-Ododa,0,0,0,9
2025,1022500241,1611661323,CON,1642809,Saniya Rivers,0,1,1,8
2025,1022500241,1611661323,CON,202250,Tina Charles,0,1,1,9
2025,1022500241,1611661313,NYL,1627668,Breanna Stewart,0,0,0,9
2025,1022500241,1611661313,NYL,203416,Emma Meesseman,0,1,1,9
2025,1022500241,1611661313,NYL,1627673,Jonquel Jones,0,7,6,8
2025,1022500241,1611661313,NYL,1629568,Kennedy Burke,0,3,2,9
2025,1022500241,1611661313,NYL,1630142,Leonie Fiebich,0,2,2,8
2025,1022500241,1611661313,NYL,1629546,Marine Johannes,0,2,2,8
2025,1022500241,1611661313,NYL,203822,Rebekah Gardner,0,2,1,5
2025,1022500241,1611661313,NYL,1629477,Sabrina Ionescu,0,9,9,9
2025,1022500241,1611661313,NYL,203855,Stephanie Talbot,0,2,2,8
2025,1022500242,1611661329,CHI,1642291,Angel Reese,0,4,4,9
2025,1022500242,1611661329,CHI,1628878,Ariel Atkins,0,7,7,9
2025,1022500242,1611661329,CHI,204322,Elizabeth Williams,0,0,0,8
2025,1022500242,1611661329,CHI,1642817,Hailey Van Lith,0,1,1,6
2025,1022500242,1611661329,CHI,1642289,Kamilla Cardoso,0,2,2,8
2025,1022500242,1611661329,CHI,1628915,Kia Nurse,0,2,2,8
2025,1022500242,1611661329,CHI,1630446,Michaela Onyenwere,0,1,1,8
2025,1022500242,1611661329,CHI,1627671,Rachel Banham,0,3,3,8
2025,1022500242,1611661329,CHI,204296,Rebecca Allen,0,0,0,6
2025,1022500242,1611661329,CHI,1642244,Sevgi Uzun,0,0,0,7
2025,1022500242,1611661319,LVA,1628932,A'ja Wilson,0,5,3,9
2025,1022500242,1611661319,LVA,1642801,Aaliyah Nye,0,0,0,5
2025,1022500242,1611661319,LVA,203833,Chelsea Gray,0,6,7,10
2025,1022500242,1611661319,LVA,1630389,Dana Evans,0,1,1,9
2025,1022500242,1611661319,LVA,1629498,Jackie Young,0,8,7,10
2025,1022500242,1611661319,LVA,204319,Jewell Loyd,0,2,1,9
2025,1022500242,1611661319,LVA,1631006,Kierstan Bell,0,0,0,4
2025,1022500242,1611661319,LVA,1629484,Megan DiLeo,0,1,1,9
2025,1022500242,1611661319,LVA,1631019,NaLyssa Smith,0,0,0,8
2025,1022500243,1611661325,IND,1627672,Aerial Powers,0,1,1,11
2025,1022500243,1611661325,IND,1641648,Aliyah Boston,0,2,3,8
2025,1022500243,1611661325,IND,1629488,Brianna Turner,0,1,1,11
2025,1022500243,1611661325,IND,203024,Damiris Dantas,0,1,1,9
2025,1022500243,1611661325,IND,1628909,Kelsey Mitchell,0,3,2,8
2025,1022500243,1611661325,IND,1631086,Lexie Hull,0,1,1,8
2025,1022500243,1611661325,IND,1642815,Makayla Timpson,0,0,0,5
2025,1022500243,1611661325,IND,203827,Natasha Howard,0,7,6,10
2025,1022500243,1611661325,IND,203824,Odyssey Sims,0,4,6,10
2025,1022500243,1611661325,IND,203035,Shey Peddy,0,1,1,11
2025,1022500243,1611661328,SEA,1628279,Brittney Sykes,0,5,3,9
2025,1022500243,1611661328,SEA,1642798,Dominique Malonga,0,2,2,10
2025,1022500243,1611661328,SEA,204365,Erica Wheeler,0,2,1,9
2025,1022500243,1611661328,SEA,1629496,Ezi Magbegor,0,2,2,9
2025,1022500243,1611661328,SEA,1628931,Gabby Williams,0,1,1,8
2025,1022500243,1611661328,SEA,1628882,Lexie Brown,0,3,3,7
2025,1022500243,1611661328,SEA,1642307,Mackenzie Holmes,0,0,0,7
2025,1022500243,1611661328,SEA,203014,Nneka Ogwumike,0,0,0,9
2025,1022500243,1611661328,SEA,203400,Skylar Diggins,0,9,8,9
2025,1022500243,1611661328,SEA,1627676,Tiffany Mitchell,0,0,0,9
2025,1022500243,1611661328,SEA,1641660,Zia Cooke,0,1,1,6
2025,1022500244,1611661320,LAS,1628922,Azura Stevens,0,3,3,8
2025,1022500244,1611661320,LAS,1642287,Cameron Brink,0,2,2,8
2025,1022500244,1611661320,LAS,204324,Dearica Hamby,0,2,2,8
2025,1022500244,1611661320,LAS,1627700,Julie Allemand,0,5,6,9
2025,1022500244,1611661320,LAS,1642210,Julie Vanloo,0,1,1,6
2025,1022500244,1611661320,LAS,1628276,Kelsey Plum,0,3,4,9
2025,1022500244,1611661320,LAS,1630996,Rae Burrell,0,0,0,7
2025,1022500244,1611661320,LAS,1642288,Rickea Jackson,0,1,1,8
2025,1022500244,1611661317,PHX,203826,Alyssa Thomas,0,11,15,8
2025,1022500244,1611661317,PHX,201886,DeWanna Bonner,0,2,3,8
2025,1022500244,1611661317,PHX,1627674,Kahleah Copper,0,4,3,8
2025,1022500244,1611661317,PHX,1628957,Kathryn Westbeld,0,0,0,8
2025,1022500244,1611661317,PHX,1631118,Lexi Held,0,0,1,4
2025,1022500244,1611661317,PHX,1642777,Monique Akoa Makani,0,0,0,6
2025,1022500244,1611661317,PHX,1630442,Natasha Mack,0,0,0,8
2025,1022500244,1611661317,PHX,1628244,Sami Whitcomb,0,3,4,7
2025,1022500244,1611661317,PHX,1630149,Satou Sabally,0,0,2,8
2025,1022500245,1611661330,ATL,1628277,Allisha Gray,0,2,2,8
2025,1022500245,1611661330,ATL,1628280,Brionna Jones,0,0,1,9
2025,1022500245,1611661330,ATL,203398,Brittney Griner,0,0,0,6
2025,1022500245,1611661330,ATL,1630471,Maya Caldwell,0,3,3,8
2025,1022500245,1611661330,ATL,1631044,Naz Hillmon,0,3,3,9
2025,1022500245,1611661330,ATL,1628269,Nia Coffey,0,1,1,7
2025,1022500245,1611661330,ATL,1631009,Rhyne Howard,0,6,7,9
2025,1022500245,1611661330,ATL,1642804,Te-Hina Paopao,0,3,3,9
2025,1022500245,1611661319,LVA,1628932,A'ja Wilson,0,1,1,8
2025,1022500245,1611661319,LVA,1642801,Aaliyah Nye,0,0,0,5
2025,1022500245,1611661319,LVA,203833,Chelsea Gray,0,5,5,7
2025,1022500245,1611661319,LVA,1630389,Dana Evans,0,4,4,7
2025,1022500245,1611661319,LVA,1629498,Jackie Young,0,11,10,8
2025,1022500245,1611661319,LVA,204319,Jewell Loyd,0,3,3,8
2025,1022500245,1611661319,LVA,204329,Kiah Stokes,0,0,0,5
2025,1022500245,1611661319,LVA,1631006,Kierstan Bell,0,3,3,8
2025,1022500245,1611661319,LVA,1631019,NaLyssa Smith,0,0,0,7
2025,1022500246,1611661323,CON,1642290,Aaliyah Edwards,0,0,0,7
2025,1022500246,1611661323,CON,1642800,Aneesah Morrow,0,2,3,8
2025,1022500246,1611661323,CON,203829,Bria Hartley,0,6,6,8
2025,1022500246,1611661323,CON,203863,Haley Peters,0,0,0,6
2025,1022500246,1611661323,CON,1642303,Leila Lacan,0,5,6,9
2025,1022500246,1611661323,CON,1628263,Lindsay Allen,0,0,0,4
2025,1022500246,1611661323,CON,1642841,Mamignan Toure,0,0,0,4
2025,1022500246,1611661323,CON,1629497,Marina Mabrey,0,3,2,8
2025,1022500246,1611661323,CON,1631135,Olivia Nelson-Ododa,0,1,1,8
2025,1022500246,1611661323,CON,1642809,Saniya Rivers,0,1,1,9
2025,1022500246,1611661323,CON,202250,Tina Charles,0,4,3,9
2025,1022500246,1611661321,DAL,1629539,Amy Okonkwo,0,2,2,10
2025,1022500246,1611661321,DAL,1642793,Aziaha James,0,7,6,10
2025,1022500246,1611661321,DAL,1641649,Diamond Miller,0,1,1,9
2025,1022500246,1611661321,DAL,1641658,Grace Berger,0,6,6,11
2025,1022500246,1611661321,DAL,1641650,Haley Jones,0,5,5,10
2025,1022500246,1611661321,DAL,1630143,Luisa Geiselsoder,0,1,1,7
2025,1022500246,1611661321,DAL,1641652,Maddy Siegrist,0,3,3,10
2025,1022500246,1611661321,DAL,1628899,Myisha Hines-Allen,0,0,0,9
2025,1022500246,1611661321,DAL,1642813,Serena Sundell,0,0,0,5
2025,1022500247,1611661313,NYL,1627668,Breanna Stewart,0,1,1,10
2025,1022500247,1611661313,NYL,203416,Emma Meesseman,0,6,5,10
2025,1022500247,1611661313,NYL,204330,Isabelle Harrison,0,2,2,9
2025,1022500247,1611661313,NYL,1629568,Kennedy Burke,0,3,3,10
2025,1022500247,1611661313,NYL,1630142,Leonie Fiebich,0,1,1,9
2025,1022500247,1611661313,NYL,1629546,Marine Johannes,0,6,5,10
2025,1022500247,1611661313,NYL,203822,Rebekah Gardner,0,0,0,9
2025,1022500247,1611661313,NYL,203855,Stephanie Talbot,0,6,6,10
2025,1022500247,1611661322,WAS,202252,Alysha Clark,0,3,4,8
2025,1022500247,1611661322,WAS,1631083,Emily Engstler,0,4,4,8
2025,1022500247,1611661322,WAS,1631141,Jade Melbourne,0,0,0,8
2025,1022500247,1611661322,WAS,1642792,Kiki Iriafen,0,0,0,8
2025,1022500247,1611661322,WAS,1642802,Lucy Olsen,0,3,2,8
2025,1022500247,1611661322,WAS,1642810,Madison Scott,0,1,1,4
2025,1022500247,1611661322,WAS,1631022,Shakira Austin,0,2,2,8
2025,1022500247,1611661322,WAS,1642785,Sonia Citron,0,1,1,8
2025,1022500247,1611661322,WAS,203828,Stefanie Dolson,0,0,0,7
2025,1022500247,1611661322,WAS,1630134,Sug Sutton,0,4,3,8
2025,1022500248,1611661324,MIN,1629501,Alanna Smith,0,3,3,7
2025,1022500248,1611661324,MIN,1642797,Anastasiia Olairi Kosu,0,0,0,4
2025,1022500248,1611661324,MIN,1629524,Bridget Carleton,0,0,0,8
2025,1022500248,1611661324,MIN,1642344,Camryn Taylor,0,0,0,3
2025,1022500248,1611661324,MIN,1627675,Courtney Williams,0,9,10,9
2025,1022500248,1611661324,MIN,1630096,DiJonai Carrington,0,0,0,8
2025,1022500248,1611661324,MIN,1642320,Jaylyn Sherrod,0,0,0,4
2025,1022500248,1611661324,MIN,1629491,Jessica Shepard,0,1,1,8
2025,1022500248,1611661324,MIN,203825,Kayla McBride,0,2,2,9
2025,1022500248,1611661324,MIN,1628926,Maria Kliundikova,0,0,0,7
2025,1022500248,1611661324,MIN,1629483,Napheesa Collier,0,2,2,8
2025,1022500248,1611661324,MIN,1629567,Natisha Hiedeman,0,2,2,8
2025,1022500248,1611661328,SEA,1628279,Brittney Sykes,0,6,5,8
2025,1022500248,1611661328,SEA,1642798,Dominique Malonga,0,1,1,9
2025,1022500248,1611661328,SEA,204365,Erica Wheeler,0,4,3,9
2025,1022500248,1611661328,SEA,1629496,Ezi Magbegor,0,2,2,10
2025,1022500248,1611661328,SEA,1628931,Gabby Williams,0,3,3,10
2025,1022500248,1611661328,SEA,1628882,Lexie Brown,0,2,2,6
2025,1022500248,1611661328,SEA,203014,Nneka Ogwumike,0,2,1,9
2025,1022500248,1611661328,SEA,203400,Skylar Diggins,0,6,5,10
2025,1022500248,1611661328,SEA,1627676,Tiffany Mitchell,0,0,0,5
2025,1022500249,1611661329,CHI,1642291,Angel Reese,0,4,4,8
2025,1022500249,1611661329,CHI,1628878,Ariel Atkins,0,2,2,8
2025,1022500249,1611661329,CHI,204322,Elizabeth Williams,0,1,1,8
2025,1022500249,1611661329,CHI,1642289,Kamilla Cardoso,0,4,4,8
2025,1022500249,1611661329,CHI,1628915,Kia Nurse,0,5,4,8
2025,1022500249,1611661329,CHI,1630446,Michaela Onyenwere,0,2,2,6
2025,1022500249,1611661329,CHI,1627671,Rachel Banham,0,1,1,8
2025,1022500249,1611661329,CHI,204296,Rebecca Allen,0,0,0,6
2025,1022500249,1611661329,CHI,1642244,Sevgi Uzun,0,1,1,7
2025,1022500249,1611661317,PHX,203826,Alyssa Thomas,0,6,6,9
2025,1022500249,1611661317,PHX,201886,DeWanna Bonner,0,2,2,9
2025,1022500249,1611661317,PHX,1627674,Kahleah Copper,0,1,1,9
2025,1022500249,1611661317,PHX,1628957,Kathryn Westbeld,0,0,0,6
2025,1022500249,1611661317,PHX,1642777,Monique Akoa Makani,0,3,3,9
2025,1022500249,1611661317,PHX,1630442,Natasha Mack,0,3,3,8
2025,1022500249,1611661317,PHX,1628244,Sami Whitcomb,0,3,3,9
2025,1022500249,1611661317,PHX,1630149,Satou Sabally,0,2,3,8
2025,1022500250,1611661330,ATL,1628277,Allisha Gray,0,5,5,8
2025,1022500250,1611661330,ATL,1628280,Brionna Jones,0,2,2,8
2025,1022500250,1611661330,ATL,203398,Brittney Griner,0,2,2,8
2025,1022500250,1611661330,ATL,1630471,Maya Caldwell,0,4,4,8
2025,1022500250,1611661330,ATL,1631044,Naz Hillmon,0,3,3,8
2025,1022500250,1611661330,ATL,1628269,Nia Coffey,0,3,3,8
2025,1022500250,1611661330,ATL,1631009,Rhyne Howard,0,6,5,8
2025,1022500250,1611661330,ATL,1628278,Shatori Walker-Kimbrough,0,0,0,4
2025,1022500250,1611661330,ATL,1631021,Sika Kone,0,0,0,2
2025,1022500250,1611661330,ATL,1642804,Te-Hina Paopao,0,8,8,8
2025,1022500250,1611661321,DAL,1629539,Amy Okonkwo,0,1,1,10
2025,1022500250,1611661321,DAL,1631090,Christyn Williams,0,0,1,6
2025,1022500250,1611661321,DAL,1641649,Diamond Miller,0,0,1,9
2025,1022500250,1611661321,DAL,1641658,Grace Berger,0,5,5,10
2025,1022500250,1611661321,DAL,1641652,Maddy Siegrist,0,0,0,8
2025,1022500250,1611661321,DAL,1628899,Myisha Hines-Allen,0,2,2,8
2025,1022500250,1611661321,DAL,1642784,Paige Bueckers,0,9,10,8
2025,1022500250,1611661321,DAL,1642813,Serena Sundell,0,0,0,8
2025,1022500251,1611661325,IND,1627672,Aerial Powers,0,1,2,9
2025,1022500251,1611661325,IND,1641648,Aliyah Boston,0,4,4,9
2025,1022500251,1611661325,IND,1629488,Brianna Turner,0,1,1,9
2025,1022500251,1611661325,IND,203024,Damiris Dantas,0,0,0,5
2025,1022500251,1611661325,IND,1628909,Kelsey Mitchell,0,3,3,9
2025,1022500251,1611661325,IND,1631086,Lexie Hull,0,3,4,9
2025,1022500251,1611661325,IND,203827,Natasha Howard,0,3,2,9
2025,1022500251,1611661325,IND,203824,Odyssey Sims,0,2,3,9
2025,1022500251,1611661325,IND,203035,Shey Peddy,0,1,2,8
2025,1022500251,1611661320,LAS,1628922,Azura Stevens,0,5,5,7
2025,1022500251,1611661320,LAS,1642287,Cameron Brink,0,0,0,9
2025,1022500251,1611661320,LAS,204324,Dearica Hamby,0,3,2,8
2025,1022500251,1611661320,LAS,1627700,Julie Allemand,0,3,4,8
2025,1022500251,1611661320,LAS,1642210,Julie Vanloo,0,1,1,6
2025,1022500251,1611661320,LAS,1628276,Kelsey Plum,0,3,3,7
2025,1022500251,1611661320,LAS,1630996,Rae Burrell,0,1,1,8
2025,1022500251,1611661320,LAS,1642288,Rickea Jackson,0,0,0,9
2025,1022500251,1611661320,LAS,1642782,Sarah Ashlee Barker,0,1,1,8
2025,1022500252,1611661323,CON,1642290,Aaliyah Edwards,0,3,2,11
2025,1022500252,1611661323,CON,1642800,Aneesah Morrow,0,0,0,11
2025,1022500252,1611661323,CON,203863,Haley Peters,0,0,0,10
2025,1022500252,1611661323,CON,1642303,Leila Lacan,0,4,5,9
2025,1022500252,1611661323,CON,1628263,Lindsay Allen,0,3,3,11
2025,1022500252,1611661323,CON,1642841,Mamignan Toure,0,0,0,8
2025,1022500252,1611661323,CON,1629497,Marina Mabrey,0,3,2,10
2025,1022500252,1611661323,CON,1642796,Rayah Marshall,0,0,0,5
2025,1022500252,1611661323,CON,1642809,Saniya Rivers,0,0,0,8
2025,1022500252,1611661323,CON,202250,Tina Charles,0,3,3,9
2025,1022500252,1611661324,MIN,1629501,Alanna Smith,0,1,1,9
2025,1022500252,1611661324,MIN,1642797,Anastasiia Olairi Kosu,0,0,0,5
2025,1022500252,1611661324,MIN,1629524,Bridget Carleton,0,1,1,8
2025,1022500252,1611661324,MIN,1627675,Courtney Williams,0,4,4,9
2025,1022500252,1611661324,MIN,1630096,DiJonai Carrington,0,3,3,9
2025,1022500252,1611661324,MIN,1642320,Jaylyn Sherrod,0,1,1,5
2025,1022500252,1611661324,MIN,1629491,Jessica Shepard,0,4,4,9
2025,1022500252,1611661324,MIN,203825,Kayla McBride,0,8,6,9
2025,1022500252,1611661324,MIN,1628926,Maria Kliundikova,0,1,1,10
2025,1022500252,1611661324,MIN,1629483,Napheesa Collier,0,3,3,9
2025,1022500252,1611661324,MIN,1629567,Natisha Hiedeman,0,4,3,9
2025,1022500253,1611661331,GSV,1642788,Bree Hall,0,0,0,5
2025,1022500253,1611661331,GSV,1642304,Carla Leite,0,6,6,9
2025,1022500253,1611661331,GSV,1630387,Iliana Rupert,0,2,3,10
2025,1022500253,1611661331,GSV,1642767,Janelle Salaun,0,2,1,10
2025,1022500253,1611661331,GSV,1630097,Kaila Charles,0,1,1,10
2025,1022500253,1611661331,GSV,1642822,Kaitlyn Chen,0,0,1,9
2025,1022500253,1611661331,GSV,1642324,Kate Martin,0,7,5,10
2025,1022500253,1611661331,GSV,1641656,Laeticia Amihere,0,1,1,10
2025,1022500253,1611661331,GSV,1627701,Temi Fagbenle,0,2,2,10
2025,1022500253,1611661331,GSV,1631007,Veronica Burton,0,4,5,8
2025,1022500253,1611661322,WAS,202252,Alysha Clark,0,2,2,10
2025,1022500253,1611661322,WAS,1631083,Emily Engstler,0,2,2,10
2025,1022500253,1611661322,WAS,1631141,Jade Melbourne,0,4,4,10
2025,1022500253,1611661322,WAS,1642792,Kiki Iriafen,0,2,2,9
2025,1022500253,1611661322,WAS,1642802,Lucy Olsen,0,1,1,10
2025,1022500253,1611661322,WAS,1642810,Madison Scott,0,0,0,8
2025,1022500253,1611661322,WAS,1631022,Shakira Austin,0,3,2,9
2025,1022500253,1611661322,WAS,1642785,Sonia Citron,0,4,3,9
2025,1022500253,1611661322,WAS,203828,Stefanie Dolson,0,3,2,8
2025,1022500253,1611661322,WAS,1630134,Sug Sutton,0,3,3,9
2025,1022500254,1611661329,CHI,1642291,Angel Reese,0,1,2,7
2025,1022500254,1611661329,CHI,1628878,Ariel Atkins,0,8,8,7
2025,1022500254,1611661329,CHI,204322,Elizabeth Williams,0,1,1,8
2025,1022500254,1611661329,CHI,1642289,Kamilla Cardoso,0,2,2,8
2025,1022500254,1611661329,CHI,1628915,Kia Nurse,0,0,1,7
2025,1022500254,1611661329,CHI,1630446,Michaela Onyenwere,0,0,0,6
2025,1022500254,1611661329,CHI,1627671,Rachel Banham,0,3,4,6
2025,1022500254,1611661329,CHI,204296,Rebecca Allen,0,0,0,8
2025,1022500254,1611661329,CHI,1642244,Sevgi Uzun,0,0,1,7
2025,1022500254,1611661328,SEA,1628279,Brittney Sykes,0,3,3,9
2025,1022500254,1611661328,SEA,204365,Erica Wheeler,0,3,3,9
2025,1022500254,1611661328,SEA,1629496,Ezi Magbegor,0,2,2,9
2025,1022500254,1611661328,SEA,1628931,Gabby Williams,0,2,3,9
2025,1022500254,1611661328,SEA,1642307,Mackenzie Holmes,0,1,1,8
2025,1022500254,1611661328,SEA,203014,Nneka Ogwumike,0,0,0,9
2025,1022500254,1611661328,SEA,203400,Skylar Diggins,0,7,6,9
2025,1022500254,1611661328,SEA,1627676,Tiffany Mitchell,0,0,0,4
2025,1022500255,1611661313,NYL,1627668,Breanna Stewart,0,3,3,8
2025,1022500255,1611661313,NYL,203416,Emma Meesseman,0,2,2,8
2025,1022500255,1611661313,NYL,204330,Isabelle Harrison,0,0,0,9
2025,1022500255,1611661313,NYL,1627673,Jonquel Jones,0,4,4,8
2025,1022500255,1611661313,NYL,1629568,Kennedy Burke,0,1,1,9
2025,1022500255,1611661313,NYL,1630142,Leonie Fiebich,0,1,1,8
2025,1022500255,1611661313,NYL,1629546,Marine Johannes,0,0,0,9
2025,1022500255,1611661313,NYL,204333,Natasha Cloud,0,4,4,8
2025,1022500255,1611661313,NYL,203822,Rebekah Gardner,0,1,1,7
2025,1022500255,1611661313,NYL,203855,Stephanie Talbot,0,1,1,6
2025,1022500255,1611661317,PHX,203826,Alyssa Thomas,0,11,9,9
2025,1022500255,1611661317,PHX,201886,DeWanna Bonner,0,0,0,10
2025,1022500255,1611661317,PHX,1627674,Kahleah Copper,0,0,0,9
2025,1022500255,1611661317,PHX,1628957,Kathryn Westbeld,0,1,1,8
2025,1022500255,1611661317,PHX,1630461,Kiana Williams,0,0,0,4
2025,1022500255,1611661317,PHX,1631118,Lexi Held,0,0,0,3
2025,1022500255,1611661317,PHX,1642777,Monique Akoa Makani,0,4,4,10
2025,1022500255,1611661317,PHX,1630442,Natasha Mack,0,1,1,9
2025,1022500255,1611661317,PHX,1628244,Sami Whitcomb,0,3,3,10
2025,1022500255,1611661317,PHX,1630149,Satou Sabally,0,4,4,9
2025,1022500256,1611661320,LAS,1628922,Azura Stevens,0,5,4,9
2025,1022500256,1611661320,LAS,1642287,Cameron Brink,0,2,2,9
2025,1022500256,1611661320,LAS,204324,Dearica Hamby,0,0,0,9
2025,1022500256,1611661320,LAS,1627700,Julie Allemand,0,2,3,9
2025,1022500256,1611661320,LAS,1642210,Julie Vanloo,0,1,1,7
2025,1022500256,1611661320,LAS,1628276,Kelsey Plum,0,9,7,9
2025,1022500256,1611661320,LAS,1630996,Rae Burrell,0,2,2,8
2025,1022500256,1611661320,LAS,1642288,Rickea Jackson,0,0,0,9
2025,1022500256,1611661320,LAS,1642782,Sarah Ashlee Barker,0,0,0,6
2025,1022500256,1611661322,WAS,202252,Alysha Clark,0,1,1,9
2025,1022500256,1611661322,WAS,1631083,Emily Engstler,0,0,0,8
2025,1022500256,1611661322,WAS,1631141,Jade Melbourne,0,4,5,9
2025,1022500256,1611661322,WAS,1642792,Kiki Iriafen,0,1,1,9
2025,1022500256,1611661322,WAS,1642802,Lucy Olsen,0,2,2,9
2025,1022500256,1611661322,WAS,1631022,Shakira Austin,0,0,0,8
2025,1022500256,1611661322,WAS,1642785,Sonia Citron,0,4,3,8
2025,1022500256,1611661322,WAS,203828,Stefanie Dolson,0,3,3,9
2025,1022500256,1611661322,WAS,1630134,Sug Sutton,0,4,5,9
2025,1022500257,1611661331,GSV,1642304,Carla Leite,0,1,1,8
2025,1022500257,1611661331,GSV,1630387,Iliana Rupert,0,1,1,9
2025,1022500257,1611661331,GSV,1642767,Janelle Salaun,0,3,2,7
2025,1022500257,1611661331,GSV,1630097,Kaila Charles,0,0,0,8
2025,1022500257,1611661331,GSV,1642324,Kate Martin,0,0,0,9
2025,1022500257,1611661331,GSV,1641656,Laeticia Amihere,0,0,0,8
2025,1022500257,1611661331,GSV,1627701,Temi Fagbenle,0,2,2,8
2025,1022500257,1611661331,GSV,1631007,Veronica Burton,0,15,13,9
2025,1022500257,1611661325,IND,1627672,Aerial Powers,0,1,1,8
2025,1022500257,1611661325,IND,1641648,Aliyah Boston,0,3,3,8
2025,1022500257,1611661325,IND,1629488,Brianna Turner,0,0,0,8
2025,1022500257,1611661325,IND,203024,Damiris Dantas,0,0,0,3
2025,1022500257,1611661325,IND,1628909,Kelsey Mitchell,0,4,3,8
2025,1022500257,1611661325,IND,1631086,Lexie Hull,0,1,1,8
2025,1022500257,1611661325,IND,203827,Natasha Howard,0,0,0,8
2025,1022500257,1611661325,IND,203824,Odyssey Sims,0,6,5,8
2025,1022500257,1611661325,IND,203035,Shey Peddy,0,2,2,6
2025,1022500258,1611661330,ATL,1628277,Allisha Gray,0,1,1,9
2025,1022500258,1611661330,ATL,1628280,Brionna Jones,0,1,1,9
2025,1022500258,1611661330,ATL,203398,Brittney Griner,0,1,1,7
2025,1022500258,1611661330,ATL,1628886,Jordin Canada,0,1,1,8
2025,1022500258,1611661330,ATL,1630471,Maya Caldwell,0,2,1,4
2025,1022500258,1611661330,ATL,1631044,Naz Hillmon,0,6,6,8
2025,1022500258,1611661330,ATL,1628269,Nia Coffey,0,0,0,6
2025,1022500258,1611661330,ATL,1631009,Rhyne Howard,0,2,3,9
2025,1022500258,1611661330,ATL,1628278,Shatori Walker-Kimbrough,0,0,0,3
2025,1022500258,1611661330,ATL,1631021,Sika Kone,0,0,0,1
2025,1022500258,1611661330,ATL,1642804,Te-Hina Paopao,0,2,2,9
2025,1022500258,1611661323,CON,1642290,Aaliyah Edwards,0,1,1,8
2025,1022500258,1611661323,CON,1642800,Aneesah Morrow,0,1,1,9
2025,1022500258,1611661323,CON,1642303,Leila Lacan,0,4,4,9
2025,1022500258,1611661323,CON,1628263,Lindsay Allen,0,5,5,7
2025,1022500258,1611661323,CON,1642841,Mamignan Toure,0,0,0,5
2025,1022500258,1611661323,CON,1629497,Marina Mabrey,0,3,3,10
2025,1022500258,1611661323,CON,1642796,Rayah Marshall,0,0,0,7
2025,1022500258,1611661323,CON,1642809,Saniya Rivers,0,2,2,9
2025,1022500258,1611661323,CON,202250,Tina Charles,0,1,1,8
2025,1022500259,1611661321,DAL,1629539,Amy Okonkwo,0,0,1,11
2025,1022500259,1611661321,DAL,1631090,Christyn Williams,0,3,2,11
2025,1022500259,1611661321,DAL,1641649,Diamond Miller,0,4,2,11
2025,1022500259,1611661321,DAL,1641658,Grace Berger,0,5,4,10
2025,1022500259,1611661321,DAL,1641652,Maddy Siegrist,0,2,2,8
2025,1022500259,1611661321,DAL,1628899,Myisha Hines-Allen,0,2,2,9
2025,1022500259,1611661321,DAL,1642784,Paige Bueckers,0,2,2,9
2025,1022500259,1611661321,DAL,1642813,Serena Sundell,0,0,0,8
2025,1022500259,1611661324,MIN,1629501,Alanna Smith,0,4,4,8
2025,1022500259,1611661324,MIN,1642797,Anastasiia Olairi Kosu,0,3,2,7
2025,1022500259,1611661324,MIN,1629524,Bridget Carleton,0,0,0,7
2025,1022500259,1611661324,MIN,1642344,Camryn Taylor,0,0,0,4
2025,1022500259,1611661324,MIN,1627675,Courtney Williams,0,9,9,8
2025,1022500259,1611661324,MIN,1630096,DiJonai Carrington,0,0,0,8
2025,1022500259,1611661324,MIN,1642320,Jaylyn Sherrod,0,0,0,7
2025,1022500259,1611661324,MIN,1629491,Jessica Shepard,0,0,2,8
2025,1022500259,1611661324,MIN,1628926,Maria Kliundikova,0,0,0,8
2025,1022500259,1611661324,MIN,1629483,Napheesa Collier,0,2,1,6
2025,1022500259,1611661324,MIN,1629567,Natisha Hiedeman,0,7,10,8
2025,1022500260,1611661320,LAS,1628922,Azura Stevens,0,3,2,8
2025,1022500260,1611661320,LAS,1642287,Cameron Brink,0,0,0,8
2025,1022500260,1611661320,LAS,204324,Dearica Hamby,0,3,2,7
2025,1022500260,1611661320,LAS,1627700,Julie Allemand,0,7,6,8
2025,1022500260,1611661320,LAS,1628276,Kelsey Plum,0,6,7,8
2025,1022500260,1611661320,LAS,1630996,Rae Burrell,0,3,3,8
2025,1022500260,1611661320,LAS,1642288,Rickea Jackson,0,1,1,7
2025,1022500260,1611661320,LAS,1642782,Sarah Ashlee Barker,0,1,1,5
2025,1022500260,1611661328,SEA,1628279,Brittney Sykes,0,4,2,8
2025,1022500260,1611661328,SEA,1642798,Dominique Malonga,0,1,1,8
2025,1022500260,1611661328,SEA,204365,Erica Wheeler,0,1,1,8
2025,1022500260,1611661328,SEA,1629496,Ezi Magbegor,0,6,6,8
2025,1022500260,1611661328,SEA,1628931,Gabby Williams,0,0,2,7
2025,1022500260,1611661328,SEA,203014,Nneka Ogwumike,0,3,4,8
2025,1022500260,1611661328,SEA,203400,Skylar Diggins,0,7,6,8
2025,1022500260,1611661328,SEA,1627676,Tiffany Mitchell,0,0,0,6
2025,1022500261,1611661331,GSV,1642304,Carla Leite,0,3,3,9
2025,1022500261,1611661331,GSV,1630387,Iliana Rupert,0,1,1,9
2025,1022500261,1611661331,GSV,1642767,Janelle Salaun,0,0,0,7
2025,1022500261,1611661331,GSV,1630097,Kaila Charles,0,0,0,8
2025,1022500261,1611661331,GSV,1642324,Kate Martin,0,0,0,8
2025,1022500261,1611661331,GSV,1628881,Monique Billings,0,0,0,9
2025,1022500261,1611661331,GSV,1627701,Temi Fagbenle,0,2,2,9
2025,1022500261,1611661331,GSV,1631007,Veronica Burton,0,7,9,8
2025,1022500261,1611661313,NYL,1627668,Breanna Stewart,0,1,1,8
2025,1022500261,1611661313,NYL,203416,Emma Meesseman,0,1,1,8
2025,1022500261,1611661313,NYL,204330,Isabelle Harrison,0,1,1,5
2025,1022500261,1611661313,NYL,1627673,Jonquel Jones,0,1,1,8
2025,1022500261,1611661313,NYL,1629568,Kennedy Burke,0,1,1,8
2025,1022500261,1611661313,NYL,1630142,Leonie Fiebich,0,5,4,7
2025,1022500261,1611661313,NYL,1629546,Marine Johannes,0,1,1,8
2025,1022500261,1611661313,NYL,204333,Natasha Cloud,0,3,4,8
2025,1022500261,1611661313,NYL,203822,Rebekah Gardner,0,1,1,7
2025,1022500262,1611661325,IND,1627672,Aerial Powers,0,5,5,9
2025,1022500262,1611661325,IND,1641648,Aliyah Boston,0,8,7,9
2025,1022500262,1611661325,IND,1629488,Brianna Turner,0,1,1,9
2025,1022500262,1611661325,IND,203024,Damiris Dantas,0,1,2,5
2025,1022500262,1611661325,IND,1628909,Kelsey Mitchell,0,3,4,9
2025,1022500262,1611661325,IND,1631086,Lexie Hull,0,1,1,9
2025,1022500262,1611661325,IND,203827,Natasha Howard,0,3,3,8
2025,1022500262,1611661325,IND,203824,Odyssey Sims,0,2,2,9
2025,1022500262,1611661325,IND,203035,Shey Peddy,0,0,0,6
2025,1022500262,1611661317,PHX,203826,Alyssa Thomas,0,8,9,8
2025,1022500262,1611661317,PHX,201886,DeWanna Bonner,0,1,1,9
2025,1022500262,1611661317,PHX,1627674,Kahleah Copper,0,0,0,8
2025,1022500262,1611661317,PHX,1628957,Kathryn Westbeld,0,0,0,7
2025,1022500262,1611661317,PHX,1631118,Lexi Held,0,0,0,5
2025,1022500262,1611661317,PHX,1642777,Monique Akoa Makani,0,5,6,9
2025,1022500262,1611661317,PHX,1630442,Natasha Mack,0,0,0,8
2025,1022500262,1611661317,PHX,1628244,Sami Whitcomb,0,5,7,9
2025,1022500262,1611661317,PHX,1630149,Satou Sabally,0,1,1,9
2025,1022500263,1611661330,ATL,1628280,Brionna Jones,0,2,2,9
2025,1022500263,1611661330,ATL,203398,Brittney Griner,0,0,0,9
2025,1022500263,1611661330,ATL,1628886,Jordin Canada,0,8,10,10
2025,1022500263,1611661330,ATL,1630471,Maya Caldwell,0,4,4,10
2025,1022500263,1611661330,ATL,1631044,Naz Hillmon,0,2,2,10
2025,1022500263,1611661330,ATL,1628269,Nia Coffey,0,0,0,8
2025,1022500263,1611661330,ATL,1631009,Rhyne Howard,0,5,5,10
2025,1022500263,1611661330,ATL,1628278,Shatori Walker-Kimbrough,0,0,0,5
2025,1022500263,1611661330,ATL,1631021,Sika Kone,0,0,0,4
2025,1022500263,1611661330,ATL,1642804,Te-Hina Paopao,0,1,1,10
2025,1022500263,1611661320,LAS,1642293,Alissa Pili,0,0,0,6
2025,1022500263,1611661320,LAS,1628922,Azura Stevens,0,1,1,7
2025,1022500263,1611661320,LAS,1642287,Cameron Brink,0,0,0,8
2025,1022500263,1611661320,LAS,204324,Dearica Hamby,0,4,4,9
2025,1022500263,1611661320,LAS,1627700,Julie Allemand,0,5,5,8
2025,1022500263,1611661320,LAS,1642210,Julie Vanloo,0,0,0,5
2025,1022500263,1611661320,LAS,1628276,Kelsey Plum,0,8,7,9
2025,1022500263,1611661320,LAS,1630996,Rae Burrell,0,1,1,9
2025,1022500263,1611661320,LAS,1642288,Rickea Jackson,0,1,1,9
2025,1022500263,1611661320,LAS,1642790,Sania Feagin,0,0,0,6
2025,1022500263,1611661320,LAS,1642782,Sarah Ashlee Barker,0,0,0,8
2025,1022500264,1611661329,CHI,1642291,Angel Reese,0,3,4,10
2025,1022500264,1611661329,CHI,1628878,Ariel Atkins,0,4,3,8
2025,1022500264,1611661329,CHI,204322,Elizabeth Williams,0,2,2,10
2025,1022500264,1611661329,CHI,1642289,Kamilla Cardoso,0,2,2,10
2025,1022500264,1611661329,CHI,1628915,Kia Nurse,0,0,0,8
2025,1022500264,1611661329,CHI,1642818,Maddy Westbeld,0,1,1,8
2025,1022500264,1611661329,CHI,1630446,Michaela Onyenwere,0,5,4,9
2025,1022500264,1611661329,CHI,1627671,Rachel Banham,0,3,4,9
2025,1022500264,1611661329,CHI,204296,Rebecca Allen,0,2,1,8
2025,1022500264,1611661329,CHI,1642244,Sevgi Uzun,0,5,4,8
2025,1022500264,1611661323,CON,1642290,Aaliyah Edwards,0,1,1,10
2025,1022500264,1611661323,CON,1642800,Aneesah Morrow,0,0,0,7
2025,1022500264,1611661323,CON,203863,Haley Peters,0,2,2,9
2025,1022500264,1611661323,CON,1642303,Leila Lacan,0,1,1,9
2025,1022500264,1611661323,CON,1628263,Lindsay Allen,0,1,1,10
2025,1022500264,1611661323,CON,1642841,Mamignan Toure,0,1,1,9
2025,1022500264,1611661323,CON,1629497,Marina Mabrey,0,7,6,9
2025,1022500264,1611661323,CON,1642796,Rayah Marshall,0,1,1,9
2025,1022500264,1611661323,CON,1642809,Saniya Rivers,0,0,1,10
2025,1022500264,1611661323,CON,202250,Tina Charles,0,0,0,8
2025,1022500265,1611661317,PHX,203826,Alyssa Thomas,0,8,9,9
2025,1022500265,1611661317,PHX,201886,DeWanna Bonner,0,0,0,9
2025,1022500265,1611661317,PHX,1627674,Kahleah Copper,0,2,2,9
2025,1022500265,1611661317,PHX,1628957,Kathryn Westbeld,0,0,0,9
2025,1022500265,1611661317,PHX,1642777,Monique Akoa Makani,0,3,3,9
2025,1022500265,1611661317,PHX,1630442,Natasha Mack,0,2,2,9
2025,1022500265,1611661317,PHX,1628244,Sami Whitcomb,0,1,2,9
2025,1022500265,1611661317,PHX,1630149,Satou Sabally,0,5,4,9
2025,1022500265,1611661322,WAS,202252,Alysha Clark,0,2,4,8
2025,1022500265,1611661322,WAS,1631083,Emily Engstler,0,3,3,8
2025,1022500265,1611661322,WAS,1631141,Jade Melbourne,0,1,1,8
2025,1022500265,1611661322,WAS,1642792,Kiki Iriafen,0,0,0,8
2025,1022500265,1611661322,WAS,1642802,Lucy Olsen,0,0,0,8
2025,1022500265,1611661322,WAS,1631022,Shakira Austin,0,3,3,8
2025,1022500265,1611661322,WAS,1642785,Sonia Citron,0,1,1,8
2025,1022500265,1611661322,WAS,203828,Stefanie Dolson,0,1,1,8
2025,1022500265,1611661322,WAS,1630134,Sug Sutton,0,8,8,8
2025,1022500266,1611661321,DAL,1629539,Amy Okonkwo,0,0,0,8
2025,1022500266,1611661321,DAL,1642793,Aziaha James,0,1,1,8
2025,1022500266,1611661321,DAL,1641649,Diamond Miller,0,0,0,6
2025,1022500266,1611661321,DAL,1641658,Grace Berger,0,2,2,9
2025,1022500266,1611661321,DAL,1641650,Haley Jones,0,3,7,10
2025,1022500266,1611661321,DAL,1641652,Maddy Siegrist,0,1,1,9
2025,1022500266,1611661321,DAL,1628899,Myisha Hines-Allen,0,4,4,10
2025,1022500266,1611661321,DAL,1642784,Paige Bueckers,0,6,6,9
2025,1022500266,1611661331,GSV,1642304,Carla Leite,0,5,5,8
2025,1022500266,1611661331,GSV,1630387,Iliana Rupert,0,4,4,7
2025,1022500266,1611661331,GSV,1642767,Janelle Salaun,0,1,1,8
2025,1022500266,1611661331,GSV,1630097,Kaila Charles,0,3,3,7
2025,1022500266,1611661331,GSV,1642822,Kaitlyn Chen,0,0,0,4
2025,1022500266,1611661331,GSV,1642324,Kate Martin,0,1,1,8
2025,1022500266,1611661331,GSV,1641656,Laeticia Amihere,0,0,0,6
2025,1022500266,1611661331,GSV,1628881,Monique Billings,0,3,3,8
2025,1022500266,1611661331,GSV,1627701,Temi Fagbenle,0,0,0,8
2025,1022500266,1611661331,GSV,1631007,Veronica Burton,0,7,5,6
2025,1022500267,1611661319,LVA,1628932,A'ja Wilson,0,2,2,11
2025,1022500267,1611661319,LVA,1642801,Aaliyah Nye,0,0,0,11
2025,1022500267,1611661319,LVA,203833,Chelsea Gray,0,10,10,11
2025,1022500267,1611661319,LVA,1630389,Dana Evans,0,3,3,8
2025,1022500267,1611661319,LVA,1629498,Jackie Young,0,7,5,11
2025,1022500267,1611661319,LVA,204319,Jewell Loyd,0,3,3,11
2025,1022500267,1611661319,LVA,204329,Kiah Stokes,0,0,0,4
2025,1022500267,1611661319,LVA,1631006,Kierstan Bell,0,2,2,7
2025,1022500267,1611661319,LVA,1631019,NaLyssa Smith,0,0,0,11
2025,1022500267,1611661324,MIN,1629501,Alanna Smith,0,1,2,9
2025,1022500267,1611661324,MIN,1642797,Anastasiia Olairi Kosu,0,0,0,5
2025,1022500267,1611661324,MIN,1629524,Bridget Carleton,0,1,1,8
2025,1022500267,1611661324,MIN,1642344,Camryn Taylor,0,0,0,5
2025,1022500267,1611661324,MIN,1627675,Courtney Williams,0,4,4,9
2025,1022500267,1611661324,MIN,1642320,Jaylyn Sherrod,0,0,0,3
2025,1022500267,1611661324,MIN,1629491,Jessica Shepard,0,1,1,9
2025,1022500267,1611661324,MIN,203825,Kayla McBride,0,5,6,9
2025,1022500267,1611661324,MIN,1628926,Maria Kliundikova,0,3,3,6
2025,1022500267,1611661324,MIN,1629483,Napheesa Collier,0,4,3,8
2025,1022500267,1611661324,MIN,1629567,Natisha Hiedeman,0,7,5,8
2025,1022500268,1611661330,ATL,1628280,Brionna Jones,0,1,1,9
2025,1022500268,1611661330,ATL,203398,Brittney Griner,0,2,2,7
2025,1022500268,1611661330,ATL,1628886,Jordin Canada,0,7,8,9
2025,1022500268,1611661330,ATL,1630471,Maya Caldwell,0,4,3,11
2025,1022500268,1611661330,ATL,1631044,Naz Hillmon,0,3,3,8
2025,1022500268,1611661330,ATL,1628269,Nia Coffey,0,1,1,7
2025,1022500268,1611661330,ATL,1631009,Rhyne Howard,0,5,6,8
2025,1022500268,1611661330,ATL,1628278,Shatori Walker-Kimbrough,0,0,0,4
2025,1022500268,1611661330,ATL,1631021,Sika Kone,0,0,0,4
2025,1022500268,1611661330,ATL,1642804,Te-Hina Paopao,0,6,4,10
2025,1022500268,1611661320,LAS,1642293,Alissa Pili,0,0,0,4
2025,1022500268,1611661320,LAS,1628922,Azura Stevens,0,1,1,7
2025,1022500268,1611661320,LAS,1642287,Cameron Brink,0,0,0,8
2025,1022500268,1611661320,LAS,204324,Dearica Hamby,0,5,5,8
2025,1022500268,1611661320,LAS,1627700,Julie Allemand,0,5,5,7
2025,1022500268,1611661320,LAS,1642210,Julie Vanloo,0,1,1,7
2025,1022500268,1611661320,LAS,1628276,Kelsey Plum,0,4,3,8
2025,1022500268,1611661320,LAS,1630996,Rae Burrell,0,0,1,6
2025,1022500268,1611661320,LAS,1642288,Rickea Jackson,0,0,0,7
2025,1022500268,1611661320,LAS,1642790,Sania Feagin,0,0,0,1
2025,1022500268,1611661320,LAS,1642782,Sarah Ashlee Barker,0,0,0,4
2025,1022500269,1611661329,CHI,1628878,Ariel Atkins,0,1,1,9
2025,1022500269,1611661329,CHI,204322,Elizabeth Williams,0,4,4,10
2025,1022500269,1611661329,CHI,1642289,Kamilla Cardoso,0,5,5,9
2025,1022500269,1611661329,CHI,1628915,Kia Nurse,0,0,0,8
2025,1022500269,1611661329,CHI,1642818,Maddy Westbeld,0,2,1,9
2025,1022500269,1611661329,CHI,1630446,Michaela Onyenwere,0,2,1,9
2025,1022500269,1611661329,CHI,1627671,Rachel Banham,0,3,2,8
2025,1022500269,1611661329,CHI,204296,Rebecca Allen,0,2,2,9
2025,1022500269,1611661329,CHI,1642244,Sevgi Uzun,0,2,2,10
2025,1022500269,1611661325,IND,1627672,Aerial Powers,0,3,3,9
2025,1022500269,1611661325,IND,1641648,Aliyah Boston,0,5,5,7
2025,1022500269,1611661325,IND,1629488,Brianna Turner,0,1,1,9
2025,1022500269,1611661325,IND,203024,Damiris Dantas,0,1,1,9
2025,1022500269,1611661325,IND,1628909,Kelsey Mitchell,0,10,8,9
2025,1022500269,1611661325,IND,1631086,Lexie Hull,0,1,1,9
2025,1022500269,1611661325,IND,1642815,Makayla Timpson,0,0,0,6
2025,1022500269,1611661325,IND,203827,Natasha Howard,0,2,2,8
2025,1022500269,1611661325,IND,203824,Odyssey Sims,0,2,4,9
2025,1022500269,1611661325,IND,203035,Shey Peddy,0,2,2,9
2025,1022500270,1611661313,NYL,1627668,Breanna Stewart,0,6,4,8
2025,1022500270,1611661313,NYL,203416,Emma Meesseman,0,3,3,7
2025,1022500270,1611661313,NYL,204330,Isabelle Harrison,0,1,1,6
2025,1022500270,1611661313,NYL,1627673,Jonquel Jones,0,3,3,8
2025,1022500270,1611661313,NYL,1629568,Kennedy Burke,0,2,2,8
2025,1022500270,1611661313,NYL,1630142,Leonie Fiebich,0,1,1,8
2025,1022500270,1611661313,NYL,1629546,Marine Johannes,0,1,1,7
2025,1022500270,1611661313,NYL,204333,Natasha Cloud,0,7,6,8
2025,1022500270,1611661313,NYL,203822,Rebekah Gardner,0,0,1,8
2025,1022500270,1611661313,NYL,203855,Stephanie Talbot,0,0,0,2
2025,1022500270,1611661328,SEA,1628279,Brittney Sykes,0,3,2,9
2025,1022500270,1611661328,SEA,1642798,Dominique Malonga,0,2,2,9
2025,1022500270,1611661328,SEA,204365,Erica Wheeler,0,4,4,8
2025,1022500270,1611661328,SEA,1629496,Ezi Magbegor,0,0,0,10
2025,1022500270,1611661328,SEA,1628931,Gabby Williams,0,3,3,10
2025,1022500270,1611661328,SEA,203014,Nneka Ogwumike,0,1,1,10
2025,1022500270,1611661328,SEA,203400,Skylar Diggins,0,7,7,10
2025,1022500270,1611661328,SEA,1627676,Tiffany Mitchell,0,0,0,8
2025,1022500271,1611661323,CON,1642290,Aaliyah Edwards,0,0,0,8
2025,1022500271,1611661323,CON,1642800,Aneesah Morrow,0,1,1,8
2025,1022500271,1611661323,CON,203863,Haley Peters,0,1,1,7
2025,1022500271,1611661323,CON,1642303,Leila Lacan,0,0,0,9
2025,1022500271,1611661323,CON,1628263,Lindsay Allen,0,4,3,8
2025,1022500271,1611661323,CON,1642841,Mamignan Toure,0,0,0,4
2025,1022500271,1611661323,CON,1629497,Marina Mabrey,0,5,4,9
2025,1022500271,1611661323,CON,1642809,Saniya Rivers,0,6,5,8
2025,1022500271,1611661323,CON,202250,Tina Charles,0,2,2,9
2025,1022500271,1611661317,PHX,203826,Alyssa Thomas,0,10,10,9
2025,1022500271,1611661317,PHX,201886,DeWanna Bonner,0,2,2,9
2025,1022500271,1611661317,PHX,1627674,Kahleah Copper,0,2,2,7
2025,1022500271,1611661317,PHX,1628957,Kathryn Westbeld,0,0,0,7
2025,1022500271,1611661317,PHX,1631118,Lexi Held,0,0,0,4
2025,1022500271,1611661317,PHX,1642777,Monique Akoa Makani,0,3,4,7
2025,1022500271,1611661317,PHX,1630442,Natasha Mack,0,2,1,9
2025,1022500271,1611661317,PHX,1628244,Sami Whitcomb,0,1,1,8
2025,1022500271,1611661317,PHX,1630149,Satou Sabally,0,1,1,9
2025,1022500272,1611661331,GSV,1642304,Carla Leite,0,1,1,6
2025,1022500272,1611661331,GSV,1630387,Iliana Rupert,0,2,2,6
2025,1022500272,1611661331,GSV,1642767,Janelle Salaun,0,2,2,7
2025,1022500272,1611661331,GSV,1630097,Kaila Charles,0,4,3,7
2025,1022500272,1611661331,GSV,1642324,Kate Martin,0,1,2,7
2025,1022500272,1611661331,GSV,1628881,Monique Billings,0,0,0,7
2025,1022500272,1611661331,GSV,1627701,Temi Fagbenle,0,0,0,7
2025,1022500272,1611661331,GSV,1631007,Veronica Burton,0,6,6,7
2025,1022500272,1611661324,MIN,1629524,Bridget Carleton,0,2,2,7
2025,1022500272,1611661324,MIN,1627675,Courtney Williams,0,5,5,8
2025,1022500272,1611661324,MIN,1629491,Jessica Shepard,0,4,3,7
2025,1022500272,1611661324,MIN,203825,Kayla McBride,0,4,3,8
2025,1022500272,1611661324,MIN,1628926,Maria Kliundikova,0,0,0,7
2025,1022500272,1611661324,MIN,1629483,Napheesa Collier,0,2,2,8
2025,1022500272,1611661324,MIN,1629567,Natisha Hiedeman,0,2,2,8
2025,1022500273,1611661325,IND,1627672,Aerial Powers,0,5,4,10
2025,1022500273,1611661325,IND,1641648,Aliyah Boston,0,5,5,9
2025,1022500273,1611661325,IND,1642788,Bree Hall,0,0,0,7
2025,1022500273,1611661325,IND,1629488,Brianna Turner,0,0,0,8
2025,1022500273,1611661325,IND,203024,Damiris Dantas,0,0,0,9
2025,1022500273,1611661325,IND,1628909,Kelsey Mitchell,0,1,1,9
2025,1022500273,1611661325,IND,1631086,Lexie Hull,0,1,2,9
2025,1022500273,1611661325,IND,1642815,Makayla Timpson,0,0,0,7
2025,1022500273,1611661325,IND,203827,Natasha Howard,0,1,1,9
2025,1022500273,1611661325,IND,203824,Odyssey Sims,0,9,8,9
2025,1022500273,1611661325,IND,203035,Shey Peddy,0,0,0,9
2025,1022500273,1611661322,WAS,202252,Alysha Clark,0,1,1,8
2025,1022500273,1611661322,WAS,1631083,Emily Engstler,0,1,1,10
2025,1022500273,1611661322,WAS,1631141,Jade Melbourne,0,4,5,10
2025,1022500273,1611661322,WAS,1642792,Kiki Iriafen,0,2,2,9
2025,1022500273,1611661322,WAS,1642802,Lucy Olsen,0,1,1,11
2025,1022500273,1611661322,WAS,1642810,Madison Scott,0,0,0,2
2025,1022500273,1611661322,WAS,1631022,Shakira Austin,0,1,1,8
2025,1022500273,1611661322,WAS,1642785,Sonia Citron,0,0,0,9
2025,1022500273,1611661322,WAS,203828,Stefanie Dolson,0,0,0,8
2025,1022500273,1611661322,WAS,1630134,Sug Sutton,0,1,2,11
2025,1022500274,1611661321,DAL,1642828,Ajae Petty,0,0,0,6
2025,1022500274,1611661321,DAL,1629539,Amy Okonkwo,0,0,0,9
2025,1022500274,1611661321,DAL,1642793,Aziaha James,0,0,0,8
2025,1022500274,1611661321,DAL,1631090,Christyn Williams,0,0,0,7
2025,1022500274,1611661321,DAL,1641649,Diamond Miller,0,0,0,7
2025,1022500274,1611661321,DAL,1641658,Grace Berger,0,3,4,10
2025,1022500274,1611661321,DAL,1641650,Haley Jones,0,5,5,8
2025,1022500274,1611661321,DAL,1641652,Maddy Siegrist,0,1,1,9
2025,1022500274,1611661321,DAL,1628899,Myisha Hines-Allen,0,6,7,9
2025,1022500274,1611661321,DAL,1642784,Paige Bueckers,0,8,7,9
2025,1022500274,1611661320,LAS,1642293,Alissa Pili,0,0,0,4
2025,1022500274,1611661320,LAS,1628922,Azura Stevens,0,2,2,8
2025,1022500274,1611661320,LAS,1642287,Cameron Brink,0,2,2,10
2025,1022500274,1611661320,LAS,204324,Dearica Hamby,0,6,4,9
2025,1022500274,1611661320,LAS,1627700,Julie Allemand,0,2,4,9
2025,1022500274,1611661320,LAS,1642210,Julie Vanloo,0,0,0,8
2025,1022500274,1611661320,LAS,1628276,Kelsey Plum,0,2,2,7
2025,1022500274,1611661320,LAS,1630996,Rae Burrell,0,2,3,10
2025,1022500274,1611661320,LAS,1642288,Rickea Jackson,0,2,2,8
2025,1022500274,1611661320,LAS,1642790,Sania Feagin,0,1,1,5
2025,1022500274,1611661320,LAS,1642782,Sarah Ashlee Barker,0,3,3,10
2025,1022500275,1611661329,CHI,204322,Elizabeth Williams,0,3,3,9
2025,1022500275,1611661329,CHI,1642289,Kamilla Cardoso,0,4,3,9
2025,1022500275,1611661329,CHI,1628915,Kia Nurse,0,0,0,7
2025,1022500275,1611661329,CHI,1642818,Maddy Westbeld,0,2,2,9
2025,1022500275,1611661329,CHI,1630446,Michaela Onyenwere,0,0,0,9
2025,1022500275,1611661329,CHI,1627671,Rachel Banham,0,2,3,9
2025,1022500275,1611661329,CHI,204296,Rebecca Allen,0,2,2,9
2025,1022500275,1611661329,CHI,1642244,Sevgi Uzun,0,4,6,9
2025,1022500275,1611661319,LVA,1628932,A'ja Wilson,0,2,2,8
2025,1022500275,1611661319,LVA,1642801,Aaliyah Nye,0,1,1,8
2025,1022500275,1611661319,LVA,203833,Chelsea Gray,0,3,4,8
2025,1022500275,1611661319,LVA,1630389,Dana Evans,0,3,3,8
2025,1022500275,1611661319,LVA,1629498,Jackie Young,0,8,9,8
2025,1022500275,1611661319,LVA,204319,Jewell Loyd,0,0,0,8
2025,1022500275,1611661319,LVA,204329,Kiah Stokes,0,1,1,8
2025,1022500275,1611661319,LVA,1631006,Kierstan Bell,0,0,0,7
2025,1022500275,1611661319,LVA,1629484,Megan DiLeo,0,0,0,7
2025,1022500276,1611661330,ATL,1628277,Allisha Gray,0,0,0,8
2025,1022500276,1611661330,ATL,1628280,Brionna Jones,0,1,1,8
2025,1022500276,1611661330,ATL,203398,Brittney Griner,0,0,0,8
2025,1022500276,1611661330,ATL,1628886,Jordin Canada,0,6,6,8
2025,1022500276,1611661330,ATL,1630471,Maya Caldwell,0,1,1,9
2025,1022500276,1611661330,ATL,1631044,Naz Hillmon,0,5,4,9
2025,1022500276,1611661330,ATL,1628269,Nia Coffey,0,0,0,7
2025,1022500276,1611661330,ATL,1631009,Rhyne Howard,0,5,6,8
2025,1022500276,1611661330,ATL,1628278,Shatori Walker-Kimbrough,0,0,0,6
2025,1022500276,1611661330,ATL,1631021,Sika Kone,0,1,1,5
2025,1022500276,1611661330,ATL,1642804,Te-Hina Paopao,0,4,4,9
2025,1022500276,1611661323,CON,1642290,Aaliyah Edwards,0,0,0,8
2025,1022500276,1611661323,CON,1642800,Aneesah Morrow,0,0,0,11
2025,1022500276,1611661323,CON,203863,Haley Peters,0,0,0,6
2025,1022500276,1611661323,CON,1628263,Lindsay Allen,0,3,3,11
2025,1022500276,1611661323,CON,1642841,Mamignan Toure,0,3,3,11
2025,1022500276,1611661323,CON,1629497,Marina Mabrey,0,5,5,10
2025,1022500276,1611661323,CON,1642796,Rayah Marshall,0,0,0,6
2025,1022500276,1611661323,CON,1642809,Saniya Rivers,0,3,2,11
2025,1022500276,1611661323,CON,202250,Tina Charles,0,3,2,9
2025,1022500277,1611661313,NYL,1627668,Breanna Stewart,0,3,3,8
2025,1022500277,1611661313,NYL,203416,Emma Meesseman,0,0,0,8
2025,1022500277,1611661313,NYL,204330,Isabelle Harrison,0,0,0,4
2025,1022500277,1611661313,NYL,1627673,Jonquel Jones,0,3,3,8
2025,1022500277,1611661313,NYL,1629568,Kennedy Burke,0,1,1,9
2025,1022500277,1611661313,NYL,1630142,Leonie Fiebich,0,0,0,8
2025,1022500277,1611661313,NYL,1629546,Marine Johannes,0,0,0,3
2025,1022500277,1611661313,NYL,204333,Natasha Cloud,0,5,5,9
2025,1022500277,1611661313,NYL,1631055,Nyara Sabally,0,0,0,3
2025,1022500277,1611661313,NYL,203822,Rebekah Gardner,0,0,0,8
2025,1022500277,1611661313,NYL,1629477,Sabrina Ionescu,0,9,9,9
2025,1022500277,1611661313,NYL,203855,Stephanie Talbot,0,0,0,3
2025,1022500277,1611661322,WAS,202252,Alysha Clark,0,1,1,8
2025,1022500277,1611661322,WAS,1631083,Emily Engstler,0,3,3,6
2025,1022500277,1611661322,WAS,1631141,Jade Melbourne,0,4,3,10
2025,1022500277,1611661322,WAS,1642792,Kiki Iriafen,0,2,2,10
2025,1022500277,1611661322,WAS,1642802,Lucy Olsen,0,2,2,10
2025,1022500277,1611661322,WAS,1642810,Madison Scott,0,0,0,4
2025,1022500277,1611661322,WAS,1631022,Shakira Austin,0,3,4,8
2025,1022500277,1611661322,WAS,1642785,Sonia Citron,0,4,4,9
2025,1022500277,1611661322,WAS,203828,Stefanie Dolson,0,2,2,8
2025,1022500277,1611661322,WAS,1630134,Sug Sutton,0,5,3,8
2025,1022500278,1611661325,IND,1627672,Aerial Powers,0,0,0,10
2025,1022500278,1611661325,IND,1641648,Aliyah Boston,0,2,3,10
2025,1022500278,1611661325,IND,1629488,Brianna Turner,0,3,3,10
2025,1022500278,1611661325,IND,203024,Damiris Dantas,0,0,0,9
2025,1022500278,1611661325,IND,1628909,Kelsey Mitchell,0,6,3,10
2025,1022500278,1611661325,IND,1631086,Lexie Hull,0,5,4,10
2025,1022500278,1611661325,IND,1642815,Makayla Timpson,0,0,0,5
2025,1022500278,1611661325,IND,203827,Natasha Howard,0,3,2,10
2025,1022500278,1611661325,IND,203824,Odyssey Sims,0,0,1,10
2025,1022500278,1611661325,IND,203035,Shey Peddy,0,3,3,9
2025,1022500278,1611661324,MIN,1629501,Alanna Smith,0,4,4,9
2025,1022500278,1611661324,MIN,1642797,Anastasiia Olairi Kosu,0,0,1,9
2025,1022500278,1611661324,MIN,1629524,Bridget Carleton,0,2,2,9
2025,1022500278,1611661324,MIN,1642344,Camryn Taylor,0,1,1,10
2025,1022500278,1611661324,MIN,1627675,Courtney Williams,0,6,5,9
2025,1022500278,1611661324,MIN,1642320,Jaylyn Sherrod,0,0,0,9
2025,1022500278,1611661324,MIN,1629491,Jessica Shepard,0,2,2,9
2025,1022500278,1611661324,MIN,203825,Kayla McBride,0,2,2,8
2025,1022500278,1611661324,MIN,1628926,Maria Kliundikova,0,0,0,9
2025,1022500278,1611661324,MIN,1629567,Natisha Hiedeman,0,4,4,9
2025,1022500279,1611661329,CHI,204322,Elizabeth Williams,0,1,1,8
2025,1022500279,1611661329,CHI,1642289,Kamilla Cardoso,0,3,3,9
2025,1022500279,1611661329,CHI,1628915,Kia Nurse,0,0,0,9
2025,1022500279,1611661329,CHI,1642818,Maddy Westbeld,0,1,2,10
2025,1022500279,1611661329,CHI,1630446,Michaela Onyenwere,0,1,1,9
2025,1022500279,1611661329,CHI,1627671,Rachel Banham,0,2,2,9
2025,1022500279,1611661329,CHI,204296,Rebecca Allen,0,1,1,10
2025,1022500279,1611661329,CHI,1642244,Sevgi Uzun,0,1,2,9
2025,1022500279,1611661319,LVA,1628932,A'ja Wilson,0,2,4,8
2025,1022500279,1611661319,LVA,1642801,Aaliyah Nye,0,2,2,8
2025,1022500279,1611661319,LVA,203833,Chelsea Gray,0,4,5,8
2025,1022500279,1611661319,LVA,204323,Cheyenne Parker-Tyus,0,0,0,7
2025,1022500279,1611661319,LVA,1630389,Dana Evans,0,6,6,8
2025,1022500279,1611661319,LVA,1629498,Jackie Young,0,8,7,8
2025,1022500279,1611661319,LVA,204319,Jewell Loyd,0,1,1,8
2025,1022500279,1611661319,LVA,204329,Kiah Stokes,0,0,0,8
2025,1022500279,1611661319,LVA,1629484,Megan DiLeo,0,0,0,5
2025,1022500279,1611661319,LVA,1631019,NaLyssa Smith,0,2,1,8
2025,1022500280,1611661320,LAS,1628922,Azura Stevens,0,3,3,12
2025,1022500280,1611661320,LAS,1642287,Cameron Brink,0,0,0,11
2025,1022500280,1611661320,LAS,204324,Dearica Hamby,0,6,5,12
2025,1022500280,1611661320,LAS,1627700,Julie Allemand,0,4,4,12
2025,1022500280,1611661320,LAS,1642210,Julie Vanloo,0,0,0,8
2025,1022500280,1611661320,LAS,1628276,Kelsey Plum,0,6,5,11
2025,1022500280,1611661320,LAS,1630996,Rae Burrell,0,3,2,11
2025,1022500280,1611661320,LAS,1642288,Rickea Jackson,0,2,1,10
2025,1022500280,1611661320,LAS,1642782,Sarah Ashlee Barker,0,1,1,12
2025,1022500280,1611661317,PHX,203826,Alyssa Thomas,0,10,10,9
2025,1022500280,1611661317,PHX,201886,DeWanna Bonner,0,0,0,9
2025,1022500280,1611661317,PHX,1627674,Kahleah Copper,0,0,0,9
2025,1022500280,1611661317,PHX,1629480,Kalani Brown,0,0,0,5
2025,1022500280,1611661317,PHX,1628957,Kathryn Westbeld,0,1,1,7
2025,1022500280,1611661317,PHX,1630461,Kiana Williams,0,1,1,5
2025,1022500280,1611661317,PHX,1629490,Kitija Laksa,0,1,1,7
2025,1022500280,1611661317,PHX,1631118,Lexi Held,0,2,3,7
2025,1022500280,1611661317,PHX,1642777,Monique Akoa Makani,0,1,1,8
2025,1022500280,1611661317,PHX,1630442,Natasha Mack,0,1,1,9
2025,1022500280,1611661317,PHX,1628244,Sami Whitcomb,0,1,1,9
2025,1022500280,1611661317,PHX,1630149,Satou Sabally,0,1,1,9
2025,1022500281,1611661331,GSV,1642304,Carla Leite,0,1,1,4
2025,1022500281,1611661331,GSV,1628508,Cecilia Zandalasini,0,0,0,5
2025,1022500281,1611661331,GSV,1630387,Iliana Rupert,0,2,2,7
2025,1022500281,1611661331,GSV,1642767,Janelle Salaun,0,0,0,7
2025,1022500281,1611661331,GSV,1630097,Kaila Charles,0,2,2,7
2025,1022500281,1611661331,GSV,1642324,Kate Martin,0,0,0,7
2025,1022500281,1611661331,GSV,1628881,Monique Billings,0,1,1,7
2025,1022500281,1611661331,GSV,1627701,Temi Fagbenle,0,1,1,7
2025,1022500281,1611661331,GSV,1631007,Veronica Burton,0,11,11,7
2025,1022500281,1611661328,SEA,1628279,Brittney Sykes,0,3,3,9
2025,1022500281,1611661328,SEA,1642798,Dominique Malonga,0,1,1,9
2025,1022500281,1611661328,SEA,204365,Erica Wheeler,0,3,2,9
2025,1022500281,1611661328,SEA,1629496,Ezi Magbegor,0,0,0,7
2025,1022500281,1611661328,SEA,1628931,Gabby Williams,0,5,6,9
2025,1022500281,1611661328,SEA,203014,Nneka Ogwumike,0,0,0,7
2025,1022500281,1611661328,SEA,203400,Skylar Diggins,0,7,6,9
2025,1022500282,1611661330,ATL,1628277,Allisha Gray,0,5,5,8
2025,1022500282,1611661330,ATL,1628280,Brionna Jones,0,1,1,7
2025,1022500282,1611661330,ATL,203398,Brittney Griner,0,1,1,9
2025,1022500282,1611661330,ATL,1628886,Jordin Canada,0,3,4,5
2025,1022500282,1611661330,ATL,1630471,Maya Caldwell,0,2,2,8
2025,1022500282,1611661330,ATL,1631044,Naz Hillmon,0,1,1,8
2025,1022500282,1611661330,ATL,1628269,Nia Coffey,0,1,1,9
2025,1022500282,1611661330,ATL,1631009,Rhyne Howard,0,5,4,8
2025,1022500282,1611661330,ATL,1628278,Shatori Walker-Kimbrough,0,1,1,5
2025,1022500282,1611661330,ATL,1631021,Sika Kone,0,0,0,2
2025,1022500282,1611661330,ATL,1642804,Te-Hina Paopao,0,5,6,8
2025,1022500282,1611661323,CON,1642290,Aaliyah Edwards,0,1,1,9
2025,1022500282,1611661323,CON,1642800,Aneesah Morrow,0,0,0,10
2025,1022500282,1611661323,CON,203863,Haley Peters,0,0,0,5
2025,1022500282,1611661323,CON,1628263,Lindsay Allen,0,1,1,10
2025,1022500282,1611661323,CON,1642841,Mamignan Toure,0,0,0,8
2025,1022500282,1611661323,CON,1629497,Marina Mabrey,0,4,5,10
2025,1022500282,1611661323,CON,1642796,Rayah Marshall,0,0,0,6
2025,1022500282,1611661323,CON,1642809,Saniya Rivers,0,6,5,11
2025,1022500282,1611661323,CON,202250,Tina Charles,0,2,2,9
2025,1022500283,1611661329,CHI,1642289,Kamilla Cardoso,0,2,2,12
2025,1022500283,1611661329,CHI,1628915,Kia Nurse,0,2,2,11
2025,1022500283,1611661329,CHI,1642818,Maddy Westbeld,0,1,3,12
2025,1022500283,1611661329,CHI,1630446,Michaela Onyenwere,0,1,1,12
2025,1022500283,1611661329,CHI,1627671,Rachel Banham,0,11,10,12
2025,1022500283,1611661329,CHI,204296,Rebecca Allen,0,4,3,8
2025,1022500283,1611661329,CHI,1642244,Sevgi Uzun,0,7,4,11
2025,1022500283,1611661313,NYL,1627668,Breanna Stewart,0,3,3,7
2025,1022500283,1611661313,NYL,203416,Emma Meesseman,0,3,3,7
2025,1022500283,1611661313,NYL,204330,Isabelle Harrison,0,1,2,7
2025,1022500283,1611661313,NYL,1627673,Jonquel Jones,0,3,4,7
2025,1022500283,1611661313,NYL,1629568,Kennedy Burke,0,0,0,7
2025,1022500283,1611661313,NYL,1630142,Leonie Fiebich,0,0,0,7
2025,1022500283,1611661313,NYL,1629546,Marine Johannes,0,2,2,7
2025,1022500283,1611661313,NYL,204333,Natasha Cloud,0,1,1,7
2025,1022500283,1611661313,NYL,1631055,Nyara Sabally,0,0,0,7
2025,1022500283,1611661313,NYL,203822,Rebekah Gardner,0,0,0,7
2025,1022500283,1611661313,NYL,1629477,Sabrina Ionescu,0,9,11,7
2025,1022500283,1611661313,NYL,203855,Stephanie Talbot,0,0,0,5
2025,1022500284,1611661321,DAL,1642828,Ajae Petty,0,0,0,5
2025,1022500284,1611661321,DAL,1629539,Amy Okonkwo,0,0,0,11
2025,1022500284,1611661321,DAL,1642793,Aziaha James,0,1,1,11
2025,1022500284,1611661321,DAL,1631090,Christyn Williams,0,0,0,4
2025,1022500284,1611661321,DAL,1641649,Diamond Miller,0,3,2,9
2025,1022500284,1611661321,DAL,1641658,Grace Berger,0,2,3,11
2025,1022500284,1611661321,DAL,1641650,Haley Jones,0,4,3,11
2025,1022500284,1611661321,DAL,1641652,Maddy Siegrist,0,2,2,9
2025,1022500284,1611661321,DAL,1628899,Myisha Hines-Allen,0,6,6,11
2025,1022500284,1611661321,DAL,1642784,Paige Bueckers,0,4,7,11
2025,1022500284,1611661317,PHX,203826,Alyssa Thomas,0,7,5,7
2025,1022500284,1611661317,PHX,1627674,Kahleah Copper,0,1,1,8
2025,1022500284,1611661317,PHX,1629480,Kalani Brown,0,0,0,10
2025,1022500284,1611661317,PHX,1628957,Kathryn Westbeld,0,1,1,10
2025,1022500284,1611661317,PHX,1630461,Kiana Williams,0,2,2,9
2025,1022500284,1611661317,PHX,1629490,Kitija Laksa,0,1,1,10
2025,1022500284,1611661317,PHX,1631118,Lexi Held,0,2,2,9
2025,1022500284,1611661317,PHX,1642777,Monique Akoa Makani,0,3,3,7
2025,1022500284,1611661317,PHX,1630442,Natasha Mack,0,1,1,8
2025,1022500284,1611661317,PHX,1628244,Sami Whitcomb,0,0,0,7
2025,1022500284,1611661317,PHX,1630149,Satou Sabally,0,5,5,8
2025,1022500285,1611661331,GSV,1642304,Carla Leite,0,2,2,11
2025,1022500285,1611661331,GSV,1628508,Cecilia Zandalasini,0,0,0,7
2025,1022500285,1611661331,GSV,1630387,Iliana Rupert,0,1,1,8
2025,1022500285,1611661331,GSV,1642767,Janelle Salaun,0,3,2,8
2025,1022500285,1611661331,GSV,1630097,Kaila Charles,0,1,1,7
2025,1022500285,1611661331,GSV,1642822,Kaitlyn Chen,0,0,0,4
2025,1022500285,1611661331,GSV,1642324,Kate Martin,0,0,0,4
2025,1022500285,1611661331,GSV,1641656,Laeticia Amihere,0,0,0,5
2025,1022500285,1611661331,GSV,1628881,Monique Billings,0,2,1,8
2025,1022500285,1611661331,GSV,1627701,Temi Fagbenle,0,1,1,8
2025,1022500285,1611661331,GSV,1631007,Veronica Burton,0,6,7,8
2025,1022500285,1611661324,MIN,1629501,Alanna Smith,0,2,3,8
2025,1022500285,1611661324,MIN,1642797,Anastasiia Olairi Kosu,0,1,1,5
2025,1022500285,1611661324,MIN,1629524,Bridget Carleton,0,3,3,10
2025,1022500285,1611661324,MIN,1642344,Camryn Taylor,0,0,0,5
2025,1022500285,1611661324,MIN,1627675,Courtney Williams,0,4,4,8
2025,1022500285,1611661324,MIN,1642320,Jaylyn Sherrod,0,0,0,4
2025,1022500285,1611661324,MIN,1629491,Jessica Shepard,0,2,3,11
2025,1022500285,1611661324,MIN,203825,Kayla McBride,0,4,4,8
2025,1022500285,1611661324,MIN,1628926,Maria Kliundikova,0,0,0,10
2025,1022500285,1611661324,MIN,1629483,Napheesa Collier,0,2,2,8
2025,1022500285,1611661324,MIN,1629567,Natisha Hiedeman,0,1,1,11
2025,1022500286,1611661320,LAS,1642293,Alissa Pili,0,0,0,7
2025,1022500286,1611661320,LAS,1628922,Azura Stevens,0,2,2,6
2025,1022500286,1611661320,LAS,1642287,Cameron Brink,0,0,0,4
2025,1022500286,1611661320,LAS,204324,Dearica Hamby,0,3,3,8
2025,1022500286,1611661320,LAS,1628242,Emma Cannon,0,1,1,9
2025,1022500286,1611661320,LAS,1642210,Julie Vanloo,0,4,4,9
2025,1022500286,1611661320,LAS,1628276,Kelsey Plum,0,7,8,8
2025,1022500286,1611661320,LAS,1630996,Rae Burrell,0,1,1,10
2025,1022500286,1611661320,LAS,1642790,Sania Feagin,0,2,2,8
2025,1022500286,1611661320,LAS,1642782,Sarah Ashlee Barker,0,2,2,10
2025,1022500286,1611661319,LVA,1628932,A'ja Wilson,0,5,4,10
2025,1022500286,1611661319,LVA,1642801,Aaliyah Nye,0,1,2,9
2025,1022500286,1611661319,LVA,203833,Chelsea Gray,0,10,10,9
2025,1022500286,1611661319,LVA,204323,Cheyenne Parker-Tyus,0,0,0,7
2025,1022500286,1611661319,LVA,1630389,Dana Evans,0,5,5,10
2025,1022500286,1611661319,LVA,1629498,Jackie Young,0,11,12,9
2025,1022500286,1611661319,LVA,204319,Jewell Loyd,0,0,0,9
2025,1022500286,1611661319,LVA,204329,Kiah Stokes,0,0,0,6
2025,1022500286,1611661319,LVA,1629484,Megan DiLeo,0,0,0,7
2025,1022500286,1611661319,LVA,1631019,NaLyssa Smith,0,3,2,8
2026,1022600001,1611661323,CON,1642800,Aneesah Morrow,0,0,0,9
2026,1022600001,1611661323,CON,203398,Brittney Griner,0,2,2,9
2026,1022600001,1611661323,CON,1643449,Charlisse Leger-Walker,0,0,1,9
2026,1022600001,1611661323,CON,1641649,Diamond Miller,0,0,1,9
2026,1022600001,1611661323,CON,1643429,Gianna Kneepkens,0,1,1,8
2026,1022600001,1611661323,CON,1642817,Hailey Van Lith,0,4,4,8
2026,1022600001,1611661323,CON,1629568,Kennedy Burke,0,4,3,9
2026,1022600001,1611661323,CON,1631135,Olivia Nelson-Ododa,0,3,3,8
2026,1022600001,1611661323,CON,1643441,Raegan Beers,0,0,0,8
2026,1022600001,1611661323,CON,1642809,Saniya Rivers,0,4,6,9
2026,1022600001,1611661313,NYL,1642826,Aubrey Griffin,0,0,0,5
2026,1022600001,1611661313,NYL,204335,Betnijah Laney-Hamilton,0,2,4,10
2026,1022600001,1611661313,NYL,1627668,Breanna Stewart,0,2,2,10
2026,1022600001,1611661313,NYL,1627673,Jonquel Jones,0,1,1,10
2026,1022600001,1611661313,NYL,1642210,Julie Vanloo,0,7,11,10
2026,1022600001,1611661313,NYL,1629546,Marine Johannes,0,2,3,10
2026,1022600001,1611661313,NYL,1631136,Pauline Astier,0,3,4,10
2026,1022600001,1611661313,NYL,203822,Rebekah Gardner,0,0,0,9
2026,1022600001,1611661313,NYL,1629566,Xu Han,0,1,1,10
2026,1022600002,1611661332,TOR,1628279,Brittney Sykes,0,2,2,10
2026,1022600002,1611661332,TOR,1627700,Julie Allemand,0,1,2,9
2026,1022600002,1611661332,TOR,1628915,Kia Nurse,0,1,1,9
2026,1022600002,1611661332,TOR,1643445,Kiki Rice,0,0,1,10
2026,1022600002,1611661332,TOR,1643420,Laura Juskaite,0,0,0,9
2026,1022600002,1611661332,TOR,1631118,Lexi Held,0,0,0,3
2026,1022600002,1611661332,TOR,1629576,Maria Conde,0,0,0,10
2026,1022600002,1611661332,TOR,1630108,Mariella Fasoula,0,0,0,2
2026,1022600002,1611661332,TOR,1629497,Marina Mabrey,0,2,2,10
2026,1022600002,1611661332,TOR,1631055,Nyara Sabally,0,0,0,10
2026,1022600002,1611661332,TOR,1627701,Temi Fagbenle,0,1,1,10
2026,1022600002,1611661332,TOR,1643457,Teonni Key,0,0,1,8
2026,1022600002,1611661322,WAS,1642775,Alex Wilson,0,0,1,10
2026,1022600002,1611661322,WAS,1643455,Angela Dugalic,0,0,0,10
2026,1022600002,1611661322,WAS,1643467,Cassandre Prosper,0,1,2,10
2026,1022600002,1611661322,WAS,1642781,Georgia Amoore,0,2,3,10
2026,1022600002,1611661322,WAS,1642792,Kiki Iriafen,0,2,2,11
2026,1022600002,1611661322,WAS,1643427,Lauren Betts,0,2,1,10
2026,1022600002,1611661322,WAS,1642802,Lucy Olsen,0,1,1,7
2026,1022600002,1611661322,WAS,1643450,Rori Harmon,0,3,2,9
2026,1022600002,1611661322,WAS,1631022,Shakira Austin,0,2,2,10
2026,1022600002,1611661322,WAS,1642785,Sonia Citron,0,0,0,10
2026,1022600003,1611661331,GSV,1628508,Cecilia Zandalasini,0,1,1,6
2026,1022600003,1611661331,GSV,1628931,Gabby Williams,0,4,4,9
2026,1022600003,1611661331,GSV,1642767,Janelle Salaun,0,1,1,10
2026,1022600003,1611661331,GSV,1630097,Kaila Charles,0,3,2,10
2026,1022600003,1611661331,GSV,1642822,Kaitlyn Chen,0,1,2,10
2026,1022600003,1611661331,GSV,203866,Kayla Thornton,0,2,1,10
2026,1022600003,1611661331,GSV,204329,Kiah Stokes,0,2,3,10
2026,1022600003,1611661331,GSV,1641656,Laeticia Amihere,0,0,1,9
2026,1022600003,1611661331,GSV,1631039,Miela Sowah,0,0,0,3
2026,1022600003,1611661331,GSV,1643479,Ndjakalenga Mwenentanda,0,0,0,3
2026,1022600003,1611661331,GSV,203026,Tiffany Hayes,0,1,1,7
2026,1022600003,1611661331,GSV,1631007,Veronica Burton,0,6,6,10
2026,1022600003,1611661328,SEA,1642798,Dominique Malonga,0,0,0,9
2026,1022600003,1611661328,SEA,1643428,Flau'jae Johnson,0,1,2,10
2026,1022600003,1611661328,SEA,1643453,Grace VanSlooten,0,0,0,7
2026,1022600003,1611661328,SEA,1631141,Jade Melbourne,0,4,3,8
2026,1022600003,1611661328,SEA,1641651,Jordan Horston,0,0,0,9
2026,1022600003,1611661328,SEA,1628882,Lexie Brown,0,3,3,10
2026,1022600003,1611661328,SEA,1642307,Mackenzie Holmes,0,0,0,9
2026,1022600003,1611661328,SEA,1629567,Natisha Hiedeman,0,2,3,9
2026,1022600003,1611661328,SEA,203828,Stefanie Dolson,0,3,3,10
2026,1022600003,1611661328,SEA,1641660,Zia Cooke,0,4,2,11
2026,1022600004,1611661321,DAL,1629501,Alanna Smith,0,2,2,8
2026,1022600004,1611661321,DAL,202252,Alysha Clark,0,0,0,3
2026,1022600004,1611661321,DAL,1629481,Arike Ogunbowale,0,3,5,9
2026,1022600004,1611661321,DAL,1630386,Awak Kuier,0,0,1,3
2026,1022600004,1611661321,DAL,1642793,Aziaha James,0,1,2,10
2026,1022600004,1611661321,DAL,1643425,Azzi Fudd,0,0,0,10
2026,1022600004,1611661321,DAL,1629491,Jessica Shepard,0,9,9,9
2026,1022600004,1611661321,DAL,1629574,Li Yueru,0,0,0,7
2026,1022600004,1611661321,DAL,1641652,Maddy Siegrist,0,1,1,10
2026,1022600004,1611661321,DAL,203824,Odyssey Sims,0,2,2,9
2026,1022600004,1611661321,DAL,1642784,Paige Bueckers,0,3,4,10
2026,1022600004,1611661325,IND,1641648,Aliyah Boston,0,3,3,10
2026,1022600004,1611661325,IND,1642286,Caitlin Clark,0,5,7,9
2026,1022600004,1611661325,IND,203024,Damiris Dantas,0,1,1,10
2026,1022600004,1611661325,IND,1628909,Kelsey Mitchell,0,4,4,9
2026,1022600004,1611661325,IND,1631086,Lexie Hull,0,0,0,9
2026,1022600004,1611661325,IND,1642815,Makayla Timpson,0,2,1,11
2026,1022600004,1611661325,IND,1628899,Myisha Hines-Allen,0,2,2,10
2026,1022600004,1611661325,IND,1643433,Raven Johnson,0,1,2,9
2026,1022600004,1611661325,IND,1629482,Sophie Cunningham,0,4,3,9
2026,1022600004,1611661325,IND,1630112,Tyasha Harris,0,0,0,7
2026,1022600005,1611661319,LVA,1628932,A'ja Wilson,0,5,4,9
2026,1022600005,1611661319,LVA,1629488,Brianna Turner,0,0,0,11
2026,1022600005,1611661319,LVA,203833,Chelsea Gray,0,5,6,9
2026,1022600005,1611661319,LVA,1630150,Chennedy Carter,0,2,2,11
2026,1022600005,1611661319,LVA,204323,Cheyenne Parker-Tyus,0,0,0,9
2026,1022600005,1611661319,LVA,1629498,Jackie Young,0,4,3,9
2026,1022600005,1611661319,LVA,204319,Jewell Loyd,0,3,2,10
2026,1022600005,1611661319,LVA,1631006,Kierstan Bell,0,0,1,11
2026,1022600005,1611661319,LVA,1631019,NaLyssa Smith,0,1,1,11
2026,1022600005,1611661319,LVA,203855,Stephanie Talbot,0,0,0,9
2026,1022600005,1611661317,PHX,203826,Alyssa Thomas,0,10,9,10
2026,1022600005,1611661317,PHX,1630993,Anneli Maley,0,0,0,5
2026,1022600005,1611661317,PHX,201886,DeWanna Bonner,0,3,2,8
2026,1022600005,1611661317,PHX,1643505,Jovana Nogic,0,3,4,9
2026,1022600005,1611661317,PHX,1627674,Kahleah Copper,0,3,2,10
2026,1022600005,1611661317,PHX,1630461,Kiana Williams,0,1,1,10
2026,1022600005,1611661317,PHX,1642768,Kyara Linskens,0,1,1,9
2026,1022600005,1611661317,PHX,1630442,Natasha Mack,0,1,1,10
2026,1022600005,1611661317,PHX,1643493,Noemie Brochant,0,0,0,9
2026,1022600005,1611661317,PHX,1630138,Peyton Williams,0,2,2,4
2026,1022600005,1611661317,PHX,1643487,Quionche Carter,0,1,1,9
2026,1022600006,1611661329,CHI,1642786,Aicha Coulibaly,0,1,1,7
2026,1022600006,1611661329,CHI,204322,Elizabeth Williams,0,2,2,11
2026,1022600006,1611661329,CHI,1643447,Gabriela Jaquez,0,0,2,11
2026,1022600006,1611661329,CHI,1642292,Jacy Sheldon,0,4,4,11
2026,1022600006,1611661329,CHI,1642289,Kamilla Cardoso,0,1,1,11
2026,1022600006,1611661329,CHI,1627671,Rachel Banham,0,2,2,10
2026,1022600006,1611661329,CHI,1642288,Rickea Jackson,0,3,3,11
2026,1022600006,1611661329,CHI,203400,Skylar Diggins,0,9,7,11
2026,1022600006,1611661329,CHI,1642321,Sydney Taylor,0,0,0,5
2026,1022600006,1611661327,PDX,1629524,Bridget Carleton,0,3,4,9
2026,1022600006,1611661327,PDX,1642304,Carla Leite,0,3,3,8
2026,1022600006,1611661327,PDX,1631083,Emily Engstler,0,2,2,9
2026,1022600006,1611661327,PDX,1643494,Frieda Buhner,0,0,0,9
2026,1022600006,1611661327,PDX,1641650,Haley Jones,0,0,0,7
2026,1022600006,1611661327,PDX,1643527,Jordan Harrison,0,4,4,8
2026,1022600006,1611661327,PDX,1630143,Luisa Geiselsoder,0,4,3,8
2026,1022600006,1611661327,PDX,1629484,Megan DiLeo,0,1,1,8
2026,1022600006,1611661327,PDX,1642296,Nyadiew Puoch,0,1,2,7
2026,1022600006,1611661327,PDX,1642782,Sarah Ashlee Barker,0,0,0,8
2026,1022600006,1611661327,PDX,1643436,Serah Williams,0,1,1,8
2026,1022600007,1611661323,CON,1642800,Aneesah Morrow,0,1,1,10
2026,1022600007,1611661323,CON,203398,Brittney Griner,0,0,0,9
2026,1022600007,1611661323,CON,1643449,Charlisse Leger-Walker,0,2,2,8
2026,1022600007,1611661323,CON,1641649,Diamond Miller,0,1,1,10
2026,1022600007,1611661323,CON,1643429,Gianna Kneepkens,0,1,1,7
2026,1022600007,1611661323,CON,1642817,Hailey Van Lith,0,5,4,8
2026,1022600007,1611661323,CON,1629568,Kennedy Burke,0,4,5,10
2026,1022600007,1611661323,CON,1631135,Olivia Nelson-Ododa,0,2,1,9
2026,1022600007,1611661323,CON,1642809,Saniya Rivers,0,2,3,10
2026,1022600007,1611661328,SEA,1642798,Dominique Malonga,0,0,0,8
2026,1022600007,1611661328,SEA,1643428,Flau'jae Johnson,0,1,1,9
2026,1022600007,1611661328,SEA,1643453,Grace VanSlooten,0,0,0,9
2026,1022600007,1611661328,SEA,1631141,Jade Melbourne,0,6,6,9
2026,1022600007,1611661328,SEA,1641651,Jordan Horston,0,1,1,9
2026,1022600007,1611661328,SEA,1628882,Lexie Brown,0,1,1,9
2026,1022600007,1611661328,SEA,1642307,Mackenzie Holmes,0,2,2,9
2026,1022600007,1611661328,SEA,1629567,Natisha Hiedeman,0,2,3,8
2026,1022600007,1611661328,SEA,203828,Stefanie Dolson,0,0,0,9
2026,1022600007,1611661328,SEA,1641660,Zia Cooke,0,0,0,8
2026,1022600008,1611661313,NYL,1642826,Aubrey Griffin,0,0,0,2
2026,1022600008,1611661313,NYL,204335,Betnijah Laney-Hamilton,0,0,0,10
2026,1022600008,1611661313,NYL,1627668,Breanna Stewart,0,4,4,10
2026,1022600008,1611661313,NYL,1627673,Jonquel Jones,0,2,2,9
2026,1022600008,1611661313,NYL,1642210,Julie Vanloo,0,2,2,9
2026,1022600008,1611661313,NYL,1629546,Marine Johannes,0,2,2,10
2026,1022600008,1611661313,NYL,1631136,Pauline Astier,0,7,7,10
2026,1022600008,1611661313,NYL,203822,Rebekah Gardner,0,3,2,10
2026,1022600008,1611661313,NYL,1629566,Xu Han,0,0,0,9
2026,1022600008,1611661322,WAS,1642775,Alex Wilson,0,2,2,8
2026,1022600008,1611661322,WAS,1643455,Angela Dugalic,0,0,0,8
2026,1022600008,1611661322,WAS,1643467,Cassandre Prosper,0,0,0,8
2026,1022600008,1611661322,WAS,1642781,Georgia Amoore,0,7,7,8
2026,1022600008,1611661322,WAS,1642792,Kiki Iriafen,0,3,3,8
2026,1022600008,1611661322,WAS,1643427,Lauren Betts,0,1,1,8
2026,1022600008,1611661322,WAS,1642802,Lucy Olsen,0,1,1,7
2026,1022600008,1611661322,WAS,1643450,Rori Harmon,0,3,4,8
2026,1022600008,1611661322,WAS,1631022,Shakira Austin,0,4,4,8
2026,1022600008,1611661322,WAS,1642785,Sonia Citron,0,2,2,8
2026,1022600009,1611661320,LAS,1628878,Ariel Atkins,0,4,3,9
2026,1022600009,1611661320,LAS,1642287,Cameron Brink,0,0,0,8
2026,1022600009,1611661320,LAS,1643462,Chance Gray,0,1,1,8
2026,1022600009,1611661320,LAS,204324,Dearica Hamby,0,1,1,9
2026,1022600009,1611661320,LAS,1628242,Emma Cannon,0,0,0,3
2026,1022600009,1611661320,LAS,204365,Erica Wheeler,0,2,1,8
2026,1022600009,1611661320,LAS,1630148,Jihyun Park,0,0,0,3
2026,1022600009,1611661320,LAS,1628276,Kelsey Plum,0,1,2,9
2026,1022600009,1611661320,LAS,203014,Nneka Ogwumike,0,2,2,9
2026,1022600009,1611661320,LAS,1630996,Rae Burrell,0,1,1,9
2026,1022600009,1611661320,LAS,1642790,Sania Feagin,0,0,0,2
2026,1022600009,1611661320,LAS,1643444,Ta'Niya Latson,0,0,0,4
2026,1022600009,1611661319,LVA,1628932,A'ja Wilson,0,5,3,8
2026,1022600009,1611661319,LVA,1629488,Brianna Turner,0,2,1,12
2026,1022600009,1611661319,LVA,203833,Chelsea Gray,0,3,5,9
2026,1022600009,1611661319,LVA,1630150,Chennedy Carter,0,0,0,12
2026,1022600009,1611661319,LVA,204323,Cheyenne Parker-Tyus,0,1,1,6
2026,1022600009,1611661319,LVA,1629498,Jackie Young,0,8,9,7
2026,1022600009,1611661319,LVA,204319,Jewell Loyd,0,3,3,8
2026,1022600009,1611661319,LVA,1631006,Kierstan Bell,0,1,1,10
2026,1022600009,1611661319,LVA,1631019,NaLyssa Smith,0,2,2,8
2026,1022600009,1611661319,LVA,203855,Stephanie Talbot,0,2,3,10
2026,1022600010,1611661330,ATL,1628277,Allisha Gray,0,3,3,10
2026,1022600010,1611661330,ATL,1642291,Angel Reese,0,2,2,10
2026,1022600010,1611661330,ATL,1642302,Isobel Borlase,0,0,0,3
2026,1022600010,1611661330,ATL,1628886,Jordin Canada,0,7,6,10
2026,1022600010,1611661330,ATL,1643431,Madina Okot,0,0,0,8
2026,1022600010,1611661330,ATL,1631044,Naz Hillmon,0,2,2,9
2026,1022600010,1611661330,ATL,1631009,Rhyne Howard,0,5,5,10
2026,1022600010,1611661330,ATL,1631021,Sika Kone,0,0,0,5
2026,1022600010,1611661330,ATL,1642804,Te-Hina Paopao,0,3,4,9
2026,1022600010,1611661324,MIN,1642797,Anastasiia Olairi Kosu,0,0,0,9
2026,1022600010,1611661324,MIN,1643489,Antonia Delaere,0,1,1,8
2026,1022600010,1611661324,MIN,1627675,Courtney Williams,0,6,6,8
2026,1022600010,1611661324,MIN,1629581,Emese Hof,0,0,0,7
2026,1022600010,1611661324,MIN,1643488,Emma Cechova,0,0,0,8
2026,1022600010,1611661324,MIN,203825,Kayla McBride,0,2,2,9
2026,1022600010,1611661324,MIN,1630471,Maya Caldwell,0,0,0,6
2026,1022600010,1611661324,MIN,203827,Natasha Howard,0,2,2,7
2026,1022600010,1611661324,MIN,1628269,Nia Coffey,0,1,1,8
2026,1022600010,1611661324,MIN,1643426,Olivia Miles,0,7,8,8
2026,1022600011,1611661331,GSV,1628931,Gabby Williams,0,2,3,9
2026,1022600011,1611661331,GSV,1642767,Janelle Salaun,0,3,2,9
2026,1022600011,1611661331,GSV,1630097,Kaila Charles,0,1,1,10
2026,1022600011,1611661331,GSV,1642822,Kaitlyn Chen,0,2,2,7
2026,1022600011,1611661331,GSV,203866,Kayla Thornton,0,0,0,9
2026,1022600011,1611661331,GSV,204329,Kiah Stokes,0,0,0,6
2026,1022600011,1611661331,GSV,1641656,Laeticia Amihere,0,5,5,9
2026,1022600011,1611661331,GSV,1631007,Veronica Burton,0,12,12,9
2026,1022600011,1611661317,PHX,203826,Alyssa Thomas,0,10,11,8
2026,1022600011,1611661317,PHX,201886,DeWanna Bonner,0,3,3,8
2026,1022600011,1611661317,PHX,1643505,Jovana Nogic,0,1,1,8
2026,1022600011,1611661317,PHX,1627674,Kahleah Copper,0,4,4,8
2026,1022600011,1611661317,PHX,1630461,Kiana Williams,0,0,0,6
2026,1022600011,1611661317,PHX,1642768,Kyara Linskens,0,0,0,6
2026,1022600011,1611661317,PHX,1630442,Natasha Mack,0,1,1,7
2026,1022600011,1611661317,PHX,1643493,Noemie Brochant,0,0,0,7
2026,1022600011,1611661317,PHX,1643487,Quionche Carter,0,0,0,6
2026,1022600012,1611661330,ATL,1628277,Allisha Gray,0,0,0,9
2026,1022600012,1611661330,ATL,1642291,Angel Reese,0,2,2,9
2026,1022600012,1611661330,ATL,1643469,Indya Nivar,0,0,0,3
2026,1022600012,1611661330,ATL,1642302,Isobel Borlase,0,0,0,6
2026,1022600012,1611661330,ATL,1628886,Jordin Canada,0,5,5,9
2026,1022600012,1611661330,ATL,1643431,Madina Okot,0,0,0,8
2026,1022600012,1611661330,ATL,1631044,Naz Hillmon,0,1,1,9
2026,1022600012,1611661330,ATL,1631009,Rhyne Howard,0,4,4,9
2026,1022600012,1611661330,ATL,1631021,Sika Kone,0,0,0,3
2026,1022600012,1611661330,ATL,1642804,Te-Hina Paopao,0,0,1,7
2026,1022600012,1611661321,DAL,1629501,Alanna Smith,0,4,3,9
2026,1022600012,1611661321,DAL,202252,Alysha Clark,0,0,0,6
2026,1022600012,1611661321,DAL,1629481,Arike Ogunbowale,0,0,1,8
2026,1022600012,1611661321,DAL,1630386,Awak Kuier,0,1,1,9
2026,1022600012,1611661321,DAL,1642793,Aziaha James,0,0,0,8
2026,1022600012,1611661321,DAL,1629491,Jessica Shepard,0,3,3,8
2026,1022600012,1611661321,DAL,1641652,Maddy Siegrist,0,0,0,6
2026,1022600012,1611661321,DAL,203824,Odyssey Sims,0,3,4,7
2026,1022600012,1611661321,DAL,1642784,Paige Bueckers,0,3,3,7
2026,1022600013,1611661324,MIN,1642797,Anastasiia Olairi Kosu,0,1,2,7
2026,1022600013,1611661324,MIN,1643489,Antonia Delaere,0,0,1,8
2026,1022600013,1611661324,MIN,1627675,Courtney Williams,0,4,5,9
2026,1022600013,1611661324,MIN,1643490,Eliska Joklova,0,0,0,4
2026,1022600013,1611661324,MIN,1643488,Emma Cechova,0,0,0,9
2026,1022600013,1611661324,MIN,203825,Kayla McBride,0,2,3,9
2026,1022600013,1611661324,MIN,1630471,Maya Caldwell,0,0,0,7
2026,1022600013,1611661324,MIN,203827,Natasha Howard,0,2,2,9
2026,1022600013,1611661324,MIN,1628269,Nia Coffey,0,0,0,8
2026,1022600013,1611661324,MIN,1643426,Olivia Miles,0,7,7,9
2026,1022600013,1611661317,PHX,203826,Alyssa Thomas,0,6,8,10
2026,1022600013,1611661317,PHX,201886,DeWanna Bonner,0,2,2,9
2026,1022600013,1611661317,PHX,1643505,Jovana Nogic,0,1,2,9
2026,1022600013,1611661317,PHX,1627674,Kahleah Copper,0,1,2,9
2026,1022600013,1611661317,PHX,1630461,Kiana Williams,0,1,1,8
2026,1022600013,1611661317,PHX,1642768,Kyara Linskens,0,1,1,8
2026,1022600013,1611661317,PHX,1630442,Natasha Mack,0,0,0,8
2026,1022600013,1611661317,PHX,1643493,Noemie Brochant,0,0,1,9
2026,1022600013,1611661317,PHX,204468,Valeriane Ayayi,0,1,3,7
2026,1022600014,1611661313,NYL,204335,Betnijah Laney-Hamilton,0,5,3,8
2026,1022600014,1611661313,NYL,1627668,Breanna Stewart,0,3,4,10
2026,1022600014,1611661313,NYL,1627673,Jonquel Jones,0,3,3,10
2026,1022600014,1611661313,NYL,1642210,Julie Vanloo,0,2,2,8
2026,1022600014,1611661313,NYL,1629546,Marine Johannes,0,3,4,10
2026,1022600014,1611661313,NYL,1631136,Pauline Astier,0,3,3,10
2026,1022600014,1611661313,NYL,203822,Rebekah Gardner,0,5,4,10
2026,1022600014,1611661313,NYL,1629566,Xu Han,0,0,0,5
2026,1022600014,1611661327,PDX,1629524,Bridget Carleton,0,0,0,9
2026,1022600014,1611661327,PDX,1642304,Carla Leite,0,7,6,9
2026,1022600014,1611661327,PDX,1631083,Emily Engstler,0,1,1,8
2026,1022600014,1611661327,PDX,1643494,Frieda Buhner,0,0,0,7
2026,1022600014,1611661327,PDX,1641650,Haley Jones,0,0,1,8
2026,1022600014,1611661327,PDX,1630154,Kamiah Smalls,0,2,2,8
2026,1022600014,1611661327,PDX,1630143,Luisa Geiselsoder,0,2,2,8
2026,1022600014,1611661327,PDX,1629484,Megan DiLeo,0,0,0,8
2026,1022600014,1611661327,PDX,1642296,Nyadiew Puoch,0,0,0,7
2026,1022600014,1611661327,PDX,1642782,Sarah Ashlee Barker,0,4,3,8
2026,1022600015,1611661328,SEA,1642798,Dominique Malonga,0,1,1,10
2026,1022600015,1611661328,SEA,1643428,Flau'jae Johnson,0,3,2,10
2026,1022600015,1611661328,SEA,1643453,Grace VanSlooten,0,0,0,6
2026,1022600015,1611661328,SEA,1631141,Jade Melbourne,0,6,6,10
2026,1022600015,1611661328,SEA,1641651,Jordan Horston,0,1,1,7
2026,1022600015,1611661328,SEA,1628882,Lexie Brown,0,1,1,10
2026,1022600015,1611661328,SEA,1642307,Mackenzie Holmes,0,0,0,5
2026,1022600015,1611661328,SEA,1629567,Natisha Hiedeman,0,5,5,10
2026,1022600015,1611661328,SEA,203828,Stefanie Dolson,0,0,0,9
2026,1022600015,1611661328,SEA,1641660,Zia Cooke,0,2,2,11
2026,1022600015,1611661332,TOR,1628279,Brittney Sykes,0,8,6,9
2026,1022600015,1611661332,TOR,1627700,Julie Allemand,0,4,6,10
2026,1022600015,1611661332,TOR,1628915,Kia Nurse,0,1,1,7
2026,1022600015,1611661332,TOR,1643445,Kiki Rice,0,1,1,10
2026,1022600015,1611661332,TOR,1643420,Laura Juskaite,0,0,0,8
2026,1022600015,1611661332,TOR,1631118,Lexi Held,0,0,0,3
2026,1022600015,1611661332,TOR,1629576,Maria Conde,0,0,0,10
2026,1022600015,1611661332,TOR,1629497,Marina Mabrey,0,2,3,9
2026,1022600015,1611661332,TOR,1631263,Nikolina Milic,0,1,1,7
2026,1022600015,1611661332,TOR,1631055,Nyara Sabally,0,4,3,9
2026,1022600015,1611661332,TOR,1643457,Teonni Key,0,0,0,8
2026,1022600016,1611661323,CON,1642800,Aneesah Morrow,0,0,0,9
2026,1022600016,1611661323,CON,1643449,Charlisse Leger-Walker,0,2,2,8
2026,1022600016,1611661323,CON,1641649,Diamond Miller,0,1,1,10
2026,1022600016,1611661323,CON,1643429,Gianna Kneepkens,0,0,0,9
2026,1022600016,1611661323,CON,1642817,Hailey Van Lith,0,1,1,9
2026,1022600016,1611661323,CON,1629568,Kennedy Burke,0,4,5,10
2026,1022600016,1611661323,CON,1631135,Olivia Nelson-Ododa,0,4,3,9
2026,1022600016,1611661323,CON,1643441,Raegan Beers,0,0,0,8
2026,1022600016,1611661323,CON,1642809,Saniya Rivers,0,4,4,10
2026,1022600016,1611661319,LVA,1628932,A'ja Wilson,0,1,1,9
2026,1022600016,1611661319,LVA,1629488,Brianna Turner,0,0,0,9
2026,1022600016,1611661319,LVA,203833,Chelsea Gray,0,6,6,9
2026,1022600016,1611661319,LVA,1630150,Chennedy Carter,0,5,4,9
2026,1022600016,1611661319,LVA,204323,Cheyenne Parker-Tyus,0,1,1,9
2026,1022600016,1611661319,LVA,1629498,Jackie Young,0,5,6,9
2026,1022600016,1611661319,LVA,204319,Jewell Loyd,0,0,1,9
2026,1022600016,1611661319,LVA,1631006,Kierstan Bell,0,0,0,7
2026,1022600016,1611661319,LVA,1631019,NaLyssa Smith,0,2,2,9
2026,1022600016,1611661319,LVA,203855,Stephanie Talbot,0,0,0,6
2026,1022600017,1611661329,CHI,204322,Elizabeth Williams,0,0,0,8
2026,1022600017,1611661329,CHI,1643447,Gabriela Jaquez,0,3,2,8
2026,1022600017,1611661329,CHI,1642292,Jacy Sheldon,0,2,4,8
2026,1022600017,1611661329,CHI,1642289,Kamilla Cardoso,0,1,1,7
2026,1022600017,1611661329,CHI,204333,Natasha Cloud,0,0,0,8
2026,1022600017,1611661329,CHI,1627671,Rachel Banham,0,0,0,7
2026,1022600017,1611661329,CHI,1642288,Rickea Jackson,0,4,5,8
2026,1022600017,1611661329,CHI,203400,Skylar Diggins,0,7,7,8
2026,1022600017,1611661331,GSV,1628931,Gabby Williams,0,1,1,8
2026,1022600017,1611661331,GSV,1642767,Janelle Salaun,0,0,0,8
2026,1022600017,1611661331,GSV,1630097,Kaila Charles,0,2,2,8
2026,1022600017,1611661331,GSV,1642822,Kaitlyn Chen,0,0,0,8
2026,1022600017,1611661331,GSV,203866,Kayla Thornton,0,0,0,8
2026,1022600017,1611661331,GSV,204329,Kiah Stokes,0,3,2,8
2026,1022600017,1611661331,GSV,1641656,Laeticia Amihere,0,1,1,8
2026,1022600017,1611661331,GSV,1631007,Veronica Burton,0,4,4,8
2026,1022600018,1611661325,IND,1641648,Aliyah Boston,0,1,2,8
2026,1022600018,1611661325,IND,1642286,Caitlin Clark,0,8,9,9
2026,1022600018,1611661325,IND,203024,Damiris Dantas,0,0,0,8
2026,1022600018,1611661325,IND,1628909,Kelsey Mitchell,0,0,0,9
2026,1022600018,1611661325,IND,1631086,Lexie Hull,0,0,0,8
2026,1022600018,1611661325,IND,1642815,Makayla Timpson,0,1,1,8
2026,1022600018,1611661325,IND,1628881,Monique Billings,0,1,2,8
2026,1022600018,1611661325,IND,1628899,Myisha Hines-Allen,0,2,3,6
2026,1022600018,1611661325,IND,1643433,Raven Johnson,0,2,2,6
2026,1022600018,1611661325,IND,1629482,Sophie Cunningham,0,1,1,8
2026,1022600018,1611661325,IND,1630112,Tyasha Harris,0,3,3,7
2026,1022600018,1611661320,LAS,1628878,Ariel Atkins,0,2,2,7
2026,1022600018,1611661320,LAS,1642287,Cameron Brink,0,1,1,7
2026,1022600018,1611661320,LAS,1643462,Chance Gray,0,0,0,7
2026,1022600018,1611661320,LAS,204324,Dearica Hamby,0,1,1,11
2026,1022600018,1611661320,LAS,204365,Erica Wheeler,0,1,4,7
2026,1022600018,1611661320,LAS,1628276,Kelsey Plum,0,4,4,11
2026,1022600018,1611661320,LAS,203014,Nneka Ogwumike,0,0,0,11
2026,1022600018,1611661320,LAS,1630996,Rae Burrell,0,1,1,9
2026,1022600018,1611661320,LAS,1643444,Ta'Niya Latson,0,0,0,2
2026,1022600019,1611661321,DAL,1629501,Alanna Smith,0,4,5,9
2026,1022600019,1611661321,DAL,202252,Alysha Clark,0,0,0,3
2026,1022600019,1611661321,DAL,1629481,Arike Ogunbowale,0,1,1,8
2026,1022600019,1611661321,DAL,1630386,Awak Kuier,0,0,0,8
2026,1022600019,1611661321,DAL,1642793,Aziaha James,0,0,0,8
2026,1022600019,1611661321,DAL,1643425,Azzi Fudd,0,0,0,9
2026,1022600019,1611661321,DAL,1629491,Jessica Shepard,0,5,4,9
2026,1022600019,1611661321,DAL,1641652,Maddy Siegrist,0,1,1,9
2026,1022600019,1611661321,DAL,203824,Odyssey Sims,0,3,3,9
2026,1022600019,1611661321,DAL,1642784,Paige Bueckers,0,8,8,9
2026,1022600019,1611661324,MIN,1642797,Anastasiia Olairi Kosu,0,1,1,8
2026,1022600019,1611661324,MIN,1643489,Antonia Delaere,0,1,1,7
2026,1022600019,1611661324,MIN,1627675,Courtney Williams,0,3,3,9
2026,1022600019,1611661324,MIN,1643488,Emma Cechova,0,0,0,8
2026,1022600019,1611661324,MIN,203825,Kayla McBride,0,1,1,10
2026,1022600019,1611661324,MIN,1630471,Maya Caldwell,0,3,3,9
2026,1022600019,1611661324,MIN,203827,Natasha Howard,0,4,4,10
2026,1022600019,1611661324,MIN,1628269,Nia Coffey,0,1,1,8
2026,1022600019,1611661324,MIN,1643426,Olivia Miles,0,8,6,10
2026,1022600020,1611661313,NYL,1643525,Alex Fowler,0,1,1,10
2026,1022600020,1611661313,NYL,1642826,Aubrey Griffin,0,0,0,4
2026,1022600020,1611661313,NYL,204335,Betnijah Laney-Hamilton,0,2,2,10
2026,1022600020,1611661313,NYL,1627668,Breanna Stewart,0,1,1,10
2026,1022600020,1611661313,NYL,1627673,Jonquel Jones,0,3,3,10
2026,1022600020,1611661313,NYL,1642210,Julie Vanloo,0,3,4,10
2026,1022600020,1611661313,NYL,1629546,Marine Johannes,0,11,11,11
2026,1022600020,1611661313,NYL,1631136,Pauline Astier,0,2,2,11
2026,1022600020,1611661313,NYL,204296,Rebecca Allen,0,1,1,11
2026,1022600020,1611661313,NYL,203822,Rebekah Gardner,0,3,5,10
2026,1022600020,1611661313,NYL,1629566,Xu Han,0,3,2,7
2026,1022600020,1611661327,PDX,1629524,Bridget Carleton,0,4,2,10
2026,1022600020,1611661327,PDX,1631083,Emily Engstler,0,0,0,9
2026,1022600020,1611661327,PDX,1643494,Frieda Buhner,0,0,0,9
2026,1022600020,1611661327,PDX,1641650,Haley Jones,0,3,2,11
2026,1022600020,1611661327,PDX,1630154,Kamiah Smalls,0,3,4,10
2026,1022600020,1611661327,PDX,1630143,Luisa Geiselsoder,0,1,1,10
2026,1022600020,1611661327,PDX,1629484,Megan DiLeo,0,0,0,10
2026,1022600020,1611661327,PDX,1642296,Nyadiew Puoch,0,3,2,11
2026,1022600020,1611661327,PDX,1642782,Sarah Ashlee Barker,0,3,2,11
2026,1022600020,1611661327,PDX,1643436,Serah Williams,0,1,1,7
2026,1022600020,1611661327,PDX,1630134,Sug Sutton,0,9,8,10
2026,1022600021,1611661323,CON,1642290,Aaliyah Edwards,0,0,0,8
2026,1022600021,1611661323,CON,1642800,Aneesah Morrow,0,2,2,9
2026,1022600021,1611661323,CON,1643449,Charlisse Leger-Walker,0,3,4,8
2026,1022600021,1611661323,CON,1641649,Diamond Miller,0,0,0,8
2026,1022600021,1611661323,CON,1643429,Gianna Kneepkens,0,1,1,7
2026,1022600021,1611661323,CON,1642817,Hailey Van Lith,0,4,4,7
2026,1022600021,1611661323,CON,1629568,Kennedy Burke,0,3,3,8
2026,1022600021,1611661323,CON,1643448,Nell Angloma,0,1,1,8
2026,1022600021,1611661323,CON,1643441,Raegan Beers,0,2,2,9
2026,1022600021,1611661323,CON,1642809,Saniya Rivers,0,7,7,9
2026,1022600021,1611661319,LVA,1628932,A'ja Wilson,0,3,3,10
2026,1022600021,1611661319,LVA,1629488,Brianna Turner,0,0,0,4
2026,1022600021,1611661319,LVA,203833,Chelsea Gray,0,10,10,10
2026,1022600021,1611661319,LVA,1630150,Chennedy Carter,0,1,1,10
2026,1022600021,1611661319,LVA,204323,Cheyenne Parker-Tyus,0,1,1,9
2026,1022600021,1611661319,LVA,1629498,Jackie Young,0,6,6,10
2026,1022600021,1611661319,LVA,204319,Jewell Loyd,0,1,1,10
2026,1022600021,1611661319,LVA,1631019,NaLyssa Smith,0,0,0,10
2026,1022600021,1611661319,LVA,203855,Stephanie Talbot,0,2,2,10
2026,1022600022,1611661325,IND,1641648,Aliyah Boston,0,0,1,10
2026,1022600022,1611661325,IND,1642286,Caitlin Clark,0,10,10,10
2026,1022600022,1611661325,IND,203024,Damiris Dantas,0,0,0,7
2026,1022600022,1611661325,IND,1628909,Kelsey Mitchell,0,0,0,10
2026,1022600022,1611661325,IND,1631086,Lexie Hull,0,1,1,9
2026,1022600022,1611661325,IND,1642815,Makayla Timpson,0,0,0,6
2026,1022600022,1611661325,IND,1628881,Monique Billings,0,3,3,10
2026,1022600022,1611661325,IND,1628899,Myisha Hines-Allen,0,3,5,9
2026,1022600022,1611661325,IND,1643433,Raven Johnson,0,0,0,6
2026,1022600022,1611661325,IND,1629482,Sophie Cunningham,0,1,2,8
2026,1022600022,1611661325,IND,1630112,Tyasha Harris,0,2,1,9
2026,1022600022,1611661322,WAS,1642775,Alex Wilson,0,0,0,7
2026,1022600022,1611661322,WAS,1643455,Angela Dugalic,0,0,0,6
2026,1022600022,1611661322,WAS,1643467,Cassandre Prosper,0,0,0,9
2026,1022600022,1611661322,WAS,1643430,Cotie McMahon,0,2,2,10
2026,1022600022,1611661322,WAS,1642781,Georgia Amoore,0,4,4,10
2026,1022600022,1611661322,WAS,1642792,Kiki Iriafen,0,2,2,9
2026,1022600022,1611661322,WAS,1643427,Lauren Betts,0,0,0,8
2026,1022600022,1611661322,WAS,1643450,Rori Harmon,0,1,1,8
2026,1022600022,1611661322,WAS,1631022,Shakira Austin,0,5,5,10
2026,1022600022,1611661322,WAS,1642785,Sonia Citron,0,4,4,10
2026,1022600023,1611661320,LAS,1642287,Cameron Brink,0,1,1,9
2026,1022600023,1611661320,LAS,1643462,Chance Gray,0,0,0,9
2026,1022600023,1611661320,LAS,204324,Dearica Hamby,0,4,4,11
2026,1022600023,1611661320,LAS,204365,Erica Wheeler,0,6,7,10
2026,1022600023,1611661320,LAS,1642324,Kate Martin,0,0,0,8
2026,1022600023,1611661320,LAS,1628276,Kelsey Plum,0,10,9,11
2026,1022600023,1611661320,LAS,203014,Nneka Ogwumike,0,4,3,11
2026,1022600023,1611661320,LAS,1630996,Rae Burrell,0,2,2,11
2026,1022600023,1611661320,LAS,1643444,Ta'Niya Latson,0,0,0,3
2026,1022600023,1611661332,TOR,1628279,Brittney Sykes,0,6,7,8
2026,1022600023,1611661332,TOR,1627700,Julie Allemand,0,4,4,9
2026,1022600023,1611661332,TOR,1628915,Kia Nurse,0,1,1,6
2026,1022600023,1611661332,TOR,1643445,Kiki Rice,0,1,2,9
2026,1022600023,1611661332,TOR,1643420,Laura Juskaite,0,3,4,8
2026,1022600023,1611661332,TOR,1631118,Lexi Held,0,0,0,6
2026,1022600023,1611661332,TOR,1629576,Maria Conde,0,0,0,8
2026,1022600023,1611661332,TOR,1629497,Marina Mabrey,0,0,0,7
2026,1022600023,1611661332,TOR,1631263,Nikolina Milic,0,0,0,4
2026,1022600023,1611661332,TOR,1631055,Nyara Sabally,0,3,3,8
2026,1022600023,1611661332,TOR,1643457,Teonni Key,0,3,1,8
2026,1022600024,1611661329,CHI,1642786,Aicha Coulibaly,0,0,0,8
2026,1022600024,1611661329,CHI,204322,Elizabeth Williams,0,2,1,9
2026,1022600024,1611661329,CHI,1643447,Gabriela Jaquez,0,0,0,8
2026,1022600024,1611661329,CHI,1642292,Jacy Sheldon,0,3,3,9
2026,1022600024,1611661329,CHI,1642289,Kamilla Cardoso,0,1,1,8
2026,1022600024,1611661329,CHI,204333,Natasha Cloud,0,6,7,9
2026,1022600024,1611661329,CHI,1627671,Rachel Banham,0,1,1,8
2026,1022600024,1611661329,CHI,1642288,Rickea Jackson,0,0,0,9
2026,1022600024,1611661329,CHI,203400,Skylar Diggins,0,4,3,7
2026,1022600024,1611661329,CHI,1642321,Sydney Taylor,0,0,0,6
2026,1022600024,1611661317,PHX,203826,Alyssa Thomas,0,6,6,10
2026,1022600024,1611661317,PHX,201886,DeWanna Bonner,0,0,0,10
2026,1022600024,1611661317,PHX,1643505,Jovana Nogic,0,0,0,10
2026,1022600024,1611661317,PHX,1627674,Kahleah Copper,0,2,1,10
2026,1022600024,1611661317,PHX,1630461,Kiana Williams,0,0,0,6
2026,1022600024,1611661317,PHX,1642768,Kyara Linskens,0,1,1,7
2026,1022600024,1611661317,PHX,1630442,Natasha Mack,0,3,3,10
2026,1022600024,1611661317,PHX,1643493,Noemie Brochant,0,0,0,8
2026,1022600024,1611661317,PHX,204468,Valeriane Ayayi,0,1,1,10
2026,1022600025,1611661329,CHI,1642786,Aicha Coulibaly,0,1,1,10
2026,1022600025,1611661329,CHI,204322,Elizabeth Williams,0,0,0,8
2026,1022600025,1611661329,CHI,1643447,Gabriela Jaquez,0,0,1,8
2026,1022600025,1611661329,CHI,1642292,Jacy Sheldon,0,1,2,8
2026,1022600025,1611661329,CHI,1642289,Kamilla Cardoso,0,6,4,8
2026,1022600025,1611661329,CHI,204333,Natasha Cloud,0,6,7,9
2026,1022600025,1611661329,CHI,1627671,Rachel Banham,0,0,0,9
2026,1022600025,1611661329,CHI,1642288,Rickea Jackson,0,0,0,8
2026,1022600025,1611661329,CHI,1642321,Sydney Taylor,0,2,2,8
2026,1022600025,1611661324,MIN,1642797,Anastasiia Olairi Kosu,0,0,0,8
2026,1022600025,1611661324,MIN,1643489,Antonia Delaere,0,1,1,7
2026,1022600025,1611661324,MIN,1627675,Courtney Williams,0,2,3,9
2026,1022600025,1611661324,MIN,1643490,Eliska Joklova,0,0,0,3
2026,1022600025,1611661324,MIN,1629581,Emese Hof,0,2,2,8
2026,1022600025,1611661324,MIN,203825,Kayla McBride,0,1,1,9
2026,1022600025,1611661324,MIN,1630471,Maya Caldwell,0,2,2,9
2026,1022600025,1611661324,MIN,203827,Natasha Howard,0,8,7,8
2026,1022600025,1611661324,MIN,1628269,Nia Coffey,0,1,2,8
2026,1022600025,1611661324,MIN,1643426,Olivia Miles,0,2,2,9
2026,1022600026,1611661330,ATL,1642801,Aaliyah Nye,0,0,0,3
2026,1022600026,1611661330,ATL,1628277,Allisha Gray,0,1,1,9
2026,1022600026,1611661330,ATL,1642291,Angel Reese,0,5,3,9
2026,1022600026,1611661330,ATL,1643469,Indya Nivar,0,3,3,8
2026,1022600026,1611661330,ATL,1642302,Isobel Borlase,0,0,0,6
2026,1022600026,1611661330,ATL,1628886,Jordin Canada,0,5,5,9
2026,1022600026,1611661330,ATL,1643431,Madina Okot,0,1,1,9
2026,1022600026,1611661330,ATL,1631044,Naz Hillmon,0,0,0,9
2026,1022600026,1611661330,ATL,1631021,Sika Kone,0,0,0,3
2026,1022600026,1611661330,ATL,1642804,Te-Hina Paopao,0,2,2,9
2026,1022600026,1611661319,LVA,1628932,A'ja Wilson,0,1,1,9
2026,1022600026,1611661319,LVA,1629488,Brianna Turner,0,0,0,8
2026,1022600026,1611661319,LVA,203833,Chelsea Gray,0,4,6,9
2026,1022600026,1611661319,LVA,1630150,Chennedy Carter,0,3,3,8
2026,1022600026,1611661319,LVA,204323,Cheyenne Parker-Tyus,0,0,0,8
2026,1022600026,1611661319,LVA,1629498,Jackie Young,0,8,7,8
2026,1022600026,1611661319,LVA,204319,Jewell Loyd,0,2,1,10
2026,1022600026,1611661319,LVA,1631019,NaLyssa Smith,0,2,1,8
2026,1022600026,1611661319,LVA,203855,Stephanie Talbot,0,2,2,7
2026,1022600027,1611661325,IND,1642286,Caitlin Clark,0,7,10,9
2026,1022600027,1611661325,IND,203024,Damiris Dantas,0,0,0,7
2026,1022600027,1611661325,IND,1628909,Kelsey Mitchell,0,2,2,9
2026,1022600027,1611661325,IND,1631086,Lexie Hull,0,2,2,8
2026,1022600027,1611661325,IND,1642815,Makayla Timpson,0,1,1,8
2026,1022600027,1611661325,IND,1628881,Monique Billings,0,1,1,8
2026,1022600027,1611661325,IND,1628899,Myisha Hines-Allen,0,3,4,9
2026,1022600027,1611661325,IND,1643433,Raven Johnson,0,1,1,9
2026,1022600027,1611661325,IND,1628278,Shatori Walker-Kimbrough,0,0,0,3
2026,1022600027,1611661325,IND,1629482,Sophie Cunningham,0,0,0,9
2026,1022600027,1611661325,IND,1630112,Tyasha Harris,0,1,1,8
2026,1022600027,1611661328,SEA,1643428,Flau'jae Johnson,0,0,0,10
2026,1022600027,1611661328,SEA,1643453,Grace VanSlooten,0,3,3,10
2026,1022600027,1611661328,SEA,1631141,Jade Melbourne,0,4,3,11
2026,1022600027,1611661328,SEA,1641651,Jordan Horston,0,3,3,9
2026,1022600027,1611661328,SEA,1628882,Lexie Brown,0,0,0,9
2026,1022600027,1611661328,SEA,1642307,Mackenzie Holmes,0,0,0,9
2026,1022600027,1611661328,SEA,1629567,Natisha Hiedeman,0,2,2,11
2026,1022600027,1611661328,SEA,203828,Stefanie Dolson,0,2,2,10
2026,1022600027,1611661328,SEA,1641660,Zia Cooke,0,3,4,11
2026,1022600028,1611661320,LAS,1642287,Cameron Brink,0,2,2,9
2026,1022600028,1611661320,LAS,1643462,Chance Gray,0,0,0,8
2026,1022600028,1611661320,LAS,204324,Dearica Hamby,0,4,3,9
2026,1022600028,1611661320,LAS,204365,Erica Wheeler,0,7,7,9
2026,1022600028,1611661320,LAS,1630148,Jihyun Park,0,3,2,7
2026,1022600028,1611661320,LAS,1642324,Kate Martin,0,0,0,7
2026,1022600028,1611661320,LAS,1628276,Kelsey Plum,0,6,7,8
2026,1022600028,1611661320,LAS,203014,Nneka Ogwumike,0,3,3,9
2026,1022600028,1611661320,LAS,1630996,Rae Burrell,0,3,2,9
2026,1022600028,1611661332,TOR,1628279,Brittney Sykes,0,4,3,9
2026,1022600028,1611661332,TOR,1628915,Kia Nurse,0,0,0,9
2026,1022600028,1611661332,TOR,1643445,Kiki Rice,0,1,2,9
2026,1022600028,1611661332,TOR,1643420,Laura Juskaite,0,1,1,9
2026,1022600028,1611661332,TOR,1631118,Lexi Held,0,0,0,4
2026,1022600028,1611661332,TOR,1629576,Maria Conde,0,3,3,9
2026,1022600028,1611661332,TOR,1629497,Marina Mabrey,0,3,4,9
2026,1022600028,1611661332,TOR,1631055,Nyara Sabally,0,5,4,8
2026,1022600028,1611661332,TOR,1643457,Teonni Key,0,0,0,9
2026,1022600029,1611661321,DAL,1629501,Alanna Smith,0,2,1,8
2026,1022600029,1611661321,DAL,202252,Alysha Clark,0,0,0,8
2026,1022600029,1611661321,DAL,1629481,Arike Ogunbowale,0,3,3,10
2026,1022600029,1611661321,DAL,1630386,Awak Kuier,0,5,4,10
2026,1022600029,1611661321,DAL,1642793,Aziaha James,0,0,0,10
2026,1022600029,1611661321,DAL,1643425,Azzi Fudd,0,4,3,11
2026,1022600029,1611661321,DAL,1629491,Jessica Shepard,0,5,6,10
2026,1022600029,1611661321,DAL,1629574,Li Yueru,0,0,0,5
2026,1022600029,1611661321,DAL,1641652,Maddy Siegrist,0,2,2,11
2026,1022600029,1611661321,DAL,203824,Odyssey Sims,0,5,4,10
2026,1022600029,1611661321,DAL,1642784,Paige Bueckers,0,6,7,11
2026,1022600029,1611661322,WAS,1642775,Alex Wilson,0,0,0,7
2026,1022600029,1611661322,WAS,1643455,Angela Dugalic,0,2,1,10
2026,1022600029,1611661322,WAS,1643467,Cassandre Prosper,0,2,3,11
2026,1022600029,1611661322,WAS,1643430,Cotie McMahon,0,1,1,8
2026,1022600029,1611661322,WAS,1642781,Georgia Amoore,0,3,3,11
2026,1022600029,1611661322,WAS,1642792,Kiki Iriafen,0,3,2,10
2026,1022600029,1611661322,WAS,1643427,Lauren Betts,0,0,0,9
2026,1022600029,1611661322,WAS,1642802,Lucy Olsen,0,3,2,7
2026,1022600029,1611661322,WAS,1643450,Rori Harmon,0,3,2,8
2026,1022600029,1611661322,WAS,1631022,Shakira Austin,0,2,1,11
2026,1022600029,1611661322,WAS,1642785,Sonia Citron,0,2,1,10
2026,1022600030,1611661323,CON,1642290,Aaliyah Edwards,0,0,0,9
2026,1022600030,1611661323,CON,1642800,Aneesah Morrow,0,4,4,10
2026,1022600030,1611661323,CON,203398,Brittney Griner,0,5,4,10
2026,1022600030,1611661323,CON,1643449,Charlisse Leger-Walker,0,2,2,10
2026,1022600030,1611661323,CON,1641649,Diamond Miller,0,1,1,9
2026,1022600030,1611661323,CON,1643429,Gianna Kneepkens,0,0,0,7
2026,1022600030,1611661323,CON,1642817,Hailey Van Lith,0,3,3,10
2026,1022600030,1611661323,CON,1629568,Kennedy Burke,0,2,3,9
2026,1022600030,1611661323,CON,1643448,Nell Angloma,0,0,0,6
2026,1022600030,1611661323,CON,1643441,Raegan Beers,0,0,0,8
2026,1022600030,1611661323,CON,1642809,Saniya Rivers,0,5,6,10
2026,1022600030,1611661327,PDX,1629524,Bridget Carleton,0,4,3,9
2026,1022600030,1611661327,PDX,1631083,Emily Engstler,0,1,2,11
2026,1022600030,1611661327,PDX,1641650,Haley Jones,0,1,1,8
2026,1022600030,1611661327,PDX,1641683,Holly Winterburn,0,4,4,9
2026,1022600030,1611661327,PDX,1630143,Luisa Geiselsoder,0,6,4,10
2026,1022600030,1611661327,PDX,1629484,Megan DiLeo,0,1,1,7
2026,1022600030,1611661327,PDX,1642296,Nyadiew Puoch,0,0,0,11
2026,1022600030,1611661327,PDX,1642782,Sarah Ashlee Barker,0,2,3,11
2026,1022600030,1611661327,PDX,1643436,Serah Williams,0,0,0,9
2026,1022600030,1611661327,PDX,1630134,Sug Sutton,0,5,5,9
2026,1022600031,1611661317,PHX,203826,Alyssa Thomas,0,10,8,9
2026,1022600031,1611661317,PHX,201886,DeWanna Bonner,0,1,1,9
2026,1022600031,1611661317,PHX,1643505,Jovana Nogic,0,2,3,9
2026,1022600031,1611661317,PHX,1627674,Kahleah Copper,0,4,4,9
2026,1022600031,1611661317,PHX,1630461,Kiana Williams,0,0,0,8
2026,1022600031,1611661317,PHX,1642768,Kyara Linskens,0,0,0,5
2026,1022600031,1611661317,PHX,1630442,Natasha Mack,0,3,3,9
2026,1022600031,1611661317,PHX,1643493,Noemie Brochant,0,0,0,8
2026,1022600031,1611661317,PHX,204468,Valeriane Ayayi,0,0,1,9
2026,1022600031,1611661332,TOR,1628279,Brittney Sykes,0,5,6,7
2026,1022600031,1611661332,TOR,1628915,Kia Nurse,0,0,0,9
2026,1022600031,1611661332,TOR,1643445,Kiki Rice,0,2,3,9
2026,1022600031,1611661332,TOR,1643420,Laura Juskaite,0,0,0,9
2026,1022600031,1611661332,TOR,1631118,Lexi Held,0,1,1,8
2026,1022600031,1611661332,TOR,1629576,Maria Conde,0,2,2,8
2026,1022600031,1611661332,TOR,1629497,Marina Mabrey,0,2,3,8
2026,1022600031,1611661332,TOR,1631263,Nikolina Milic,0,0,0,8
2026,1022600031,1611661332,TOR,1643457,Teonni Key,0,0,0,7
2026,1022600032,1611661325,IND,1641648,Aliyah Boston,0,3,3,11
2026,1022600032,1611661325,IND,1628909,Kelsey Mitchell,0,5,4,11
2026,1022600032,1611661325,IND,1631086,Lexie Hull,0,1,1,11
2026,1022600032,1611661325,IND,1642815,Makayla Timpson,0,0,0,10
2026,1022600032,1611661325,IND,1628881,Monique Billings,0,1,1,11
2026,1022600032,1611661325,IND,1628899,Myisha Hines-Allen,0,3,3,11
2026,1022600032,1611661325,IND,1643433,Raven Johnson,0,0,1,11
2026,1022600032,1611661325,IND,1628278,Shatori Walker-Kimbrough,0,0,0,5
2026,1022600032,1611661325,IND,1629482,Sophie Cunningham,0,0,1,10
2026,1022600032,1611661325,IND,1630112,Tyasha Harris,0,6,7,11
2026,1022600032,1611661327,PDX,1629524,Bridget Carleton,0,0,0,9
2026,1022600032,1611661327,PDX,1642304,Carla Leite,0,1,1,9
2026,1022600032,1611661327,PDX,1631083,Emily Engstler,0,0,0,9
2026,1022600032,1611661327,PDX,1641650,Haley Jones,0,1,1,8
2026,1022600032,1611661327,PDX,1641683,Holly Winterburn,0,1,1,8
2026,1022600032,1611661327,PDX,1630143,Luisa Geiselsoder,0,0,1,9
2026,1022600032,1611661327,PDX,1629484,Megan DiLeo,0,0,0,10
2026,1022600032,1611661327,PDX,1642296,Nyadiew Puoch,0,0,0,8
2026,1022600032,1611661327,PDX,1642782,Sarah Ashlee Barker,0,0,1,9
2026,1022600032,1611661327,PDX,1643436,Serah Williams,0,0,0,9
2026,1022600032,1611661327,PDX,1630134,Sug Sutton,0,2,4,10
2026,1022600033,1611661329,CHI,1642786,Aicha Coulibaly,0,1,1,8
2026,1022600033,1611661329,CHI,204322,Elizabeth Williams,0,1,1,10
2026,1022600033,1611661329,CHI,1643447,Gabriela Jaquez,0,2,2,9
2026,1022600033,1611661329,CHI,1642292,Jacy Sheldon,0,1,1,9
2026,1022600033,1611661329,CHI,1642289,Kamilla Cardoso,0,4,5,10
2026,1022600033,1611661329,CHI,204333,Natasha Cloud,0,6,5,9
2026,1022600033,1611661329,CHI,1627671,Rachel Banham,0,1,1,9
2026,1022600033,1611661329,CHI,203400,Skylar Diggins,0,3,4,9
2026,1022600033,1611661321,DAL,1629501,Alanna Smith,0,0,0,8
2026,1022600033,1611661321,DAL,1629481,Arike Ogunbowale,0,6,5,8
2026,1022600033,1611661321,DAL,1630386,Awak Kuier,0,0,0,7
2026,1022600033,1611661321,DAL,1642793,Aziaha James,0,0,0,8
2026,1022600033,1611661321,DAL,1643425,Azzi Fudd,0,2,1,8
2026,1022600033,1611661321,DAL,1629491,Jessica Shepard,0,13,12,8
2026,1022600033,1611661321,DAL,1629574,Li Yueru,0,3,3,8
2026,1022600033,1611661321,DAL,1641652,Maddy Siegrist,0,0,0,5
2026,1022600033,1611661321,DAL,203824,Odyssey Sims,0,2,3,8
2026,1022600033,1611661321,DAL,1642784,Paige Bueckers,0,4,4,8
2026,1022600034,1611661323,CON,1642290,Aaliyah Edwards,0,4,3,9
2026,1022600034,1611661323,CON,1642800,Aneesah Morrow,0,0,0,7
2026,1022600034,1611661323,CON,1643437,Ashlon Jackson,0,1,1,7
2026,1022600034,1611661323,CON,1643449,Charlisse Leger-Walker,0,2,3,10
2026,1022600034,1611661323,CON,1641649,Diamond Miller,0,0,0,10
2026,1022600034,1611661323,CON,1643429,Gianna Kneepkens,0,0,0,4
2026,1022600034,1611661323,CON,1642817,Hailey Van Lith,0,1,1,9
2026,1022600034,1611661323,CON,1629568,Kennedy Burke,0,1,1,10
2026,1022600034,1611661323,CON,1643448,Nell Angloma,0,0,0,9
2026,1022600034,1611661323,CON,1643441,Raegan Beers,0,2,2,10
2026,1022600034,1611661323,CON,1642809,Saniya Rivers,0,2,3,9
2026,1022600034,1611661328,SEA,1643428,Flau'jae Johnson,0,0,0,11
2026,1022600034,1611661328,SEA,1631141,Jade Melbourne,0,3,3,11
2026,1022600034,1611661328,SEA,1641651,Jordan Horston,0,0,0,11
2026,1022600034,1611661328,SEA,1628882,Lexie Brown,0,2,2,8
2026,1022600034,1611661328,SEA,1642307,Mackenzie Holmes,0,1,1,9
2026,1022600034,1611661328,SEA,1629567,Natisha Hiedeman,0,7,5,11
2026,1022600034,1611661328,SEA,203828,Stefanie Dolson,0,2,2,9
2026,1022600034,1611661328,SEA,1643473,Taina Mair,0,1,1,5
2026,1022600034,1611661328,SEA,1642814,Taylor Thierry,0,0,0,7
2026,1022600034,1611661328,SEA,1641660,Zia Cooke,0,1,1,10
2026,1022600035,1611661331,GSV,1628931,Gabby Williams,0,2,2,10
2026,1022600035,1611661331,GSV,1642767,Janelle Salaun,0,1,1,10
2026,1022600035,1611661331,GSV,1630097,Kaila Charles,0,0,1,10
2026,1022600035,1611661331,GSV,1642822,Kaitlyn Chen,0,1,1,10
2026,1022600035,1611661331,GSV,203866,Kayla Thornton,0,1,1,9
2026,1022600035,1611661331,GSV,204329,Kiah Stokes,0,3,3,10
2026,1022600035,1611661331,GSV,1641656,Laeticia Amihere,0,0,0,10
2026,1022600035,1611661331,GSV,1631039,Miela Sowah,0,0,0,5
2026,1022600035,1611661331,GSV,1643479,Ndjakalenga Mwenentanda,0,0,0,3
2026,1022600035,1611661331,GSV,203026,Tiffany Hayes,0,3,2,10
2026,1022600035,1611661331,GSV,1631007,Veronica Burton,0,9,7,10
2026,1022600035,1611661313,NYL,1643525,Alex Fowler,0,0,0,11
2026,1022600035,1611661313,NYL,1627668,Breanna Stewart,0,2,2,9
2026,1022600035,1611661313,NYL,1627673,Jonquel Jones,0,3,3,8
2026,1022600035,1611661313,NYL,1642210,Julie Vanloo,0,6,8,11
2026,1022600035,1611661313,NYL,1629546,Marine Johannes,0,1,1,9
2026,1022600035,1611661313,NYL,1631136,Pauline Astier,0,3,2,9
2026,1022600035,1611661313,NYL,204296,Rebecca Allen,0,2,2,9
2026,1022600035,1611661313,NYL,203822,Rebekah Gardner,0,0,0,10
2026,1022600035,1611661313,NYL,1630149,Satou Sabally,0,3,2,9
2026,1022600035,1611661313,NYL,1629566,Xu Han,0,0,0,7
2026,1022600036,1611661324,MIN,1642797,Anastasiia Olairi Kosu,0,0,0,9
2026,1022600036,1611661324,MIN,1643489,Antonia Delaere,0,4,4,10
2026,1022600036,1611661324,MIN,1627675,Courtney Williams,0,1,3,10
2026,1022600036,1611661324,MIN,1643490,Eliska Joklova,0,2,2,7
2026,1022600036,1611661324,MIN,203825,Kayla McBride,0,2,2,9
2026,1022600036,1611661324,MIN,1642820,Liatu King,0,0,0,9
2026,1022600036,1611661324,MIN,1630471,Maya Caldwell,0,3,3,10
2026,1022600036,1611661324,MIN,203827,Natasha Howard,0,4,3,10
2026,1022600036,1611661324,MIN,1628269,Nia Coffey,0,2,2,10
2026,1022600036,1611661324,MIN,1643426,Olivia Miles,0,3,5,10
2026,1022600036,1611661332,TOR,1628279,Brittney Sykes,0,4,4,9
2026,1022600036,1611661332,TOR,1628915,Kia Nurse,0,2,2,10
2026,1022600036,1611661332,TOR,1643445,Kiki Rice,0,5,4,9
2026,1022600036,1611661332,TOR,1643420,Laura Juskaite,0,1,2,10
2026,1022600036,1611661332,TOR,1631118,Lexi Held,0,3,3,10
2026,1022600036,1611661332,TOR,1629576,Maria Conde,0,1,1,8
2026,1022600036,1611661332,TOR,1630108,Mariella Fasoula,0,1,1,8
2026,1022600036,1611661332,TOR,1629497,Marina Mabrey,0,2,1,9
2026,1022600036,1611661332,TOR,1631263,Nikolina Milic,0,1,1,10
2026,1022600036,1611661332,TOR,1643457,Teonni Key,0,0,0,10
2026,1022600037,1611661320,LAS,1628878,Ariel Atkins,0,2,2,8
2026,1022600037,1611661320,LAS,1642287,Cameron Brink,0,1,1,9
2026,1022600037,1611661320,LAS,1643462,Chance Gray,0,0,1,2
2026,1022600037,1611661320,LAS,204324,Dearica Hamby,0,3,3,9
2026,1022600037,1611661320,LAS,204365,Erica Wheeler,0,4,4,9
2026,1022600037,1611661320,LAS,1630148,Jihyun Park,0,1,1,7
2026,1022600037,1611661320,LAS,1642324,Kate Martin,0,0,0,2
2026,1022600037,1611661320,LAS,1628276,Kelsey Plum,0,8,7,8
2026,1022600037,1611661320,LAS,203014,Nneka Ogwumike,0,2,2,9
2026,1022600037,1611661320,LAS,1630996,Rae Burrell,0,2,2,9
2026,1022600037,1611661317,PHX,203826,Alyssa Thomas,0,7,7,10
2026,1022600037,1611661317,PHX,201886,DeWanna Bonner,0,1,1,8
2026,1022600037,1611661317,PHX,1643505,Jovana Nogic,0,2,3,9
2026,1022600037,1611661317,PHX,1627674,Kahleah Copper,0,2,2,8
2026,1022600037,1611661317,PHX,1630461,Kiana Williams,0,0,1,9
2026,1022600037,1611661317,PHX,1643438,Marta Suarez,0,0,0,8
2026,1022600037,1611661317,PHX,1630442,Natasha Mack,0,2,2,8
2026,1022600037,1611661317,PHX,1643493,Noemie Brochant,0,1,1,9
2026,1022600037,1611661317,PHX,204468,Valeriane Ayayi,0,1,0,7
2026,1022600038,1611661330,ATL,1642801,Aaliyah Nye,0,0,0,4
2026,1022600038,1611661330,ATL,1628277,Allisha Gray,0,1,1,10
2026,1022600038,1611661330,ATL,1642291,Angel Reese,0,2,2,11
2026,1022600038,1611661330,ATL,1643469,Indya Nivar,0,1,1,6
2026,1022600038,1611661330,ATL,1642302,Isobel Borlase,0,0,0,5
2026,1022600038,1611661330,ATL,1628886,Jordin Canada,0,6,6,9
2026,1022600038,1611661330,ATL,1643431,Madina Okot,0,0,0,8
2026,1022600038,1611661330,ATL,1631044,Naz Hillmon,0,2,2,10
2026,1022600038,1611661330,ATL,1631009,Rhyne Howard,0,8,8,10
2026,1022600038,1611661330,ATL,1631021,Sika Kone,0,0,0,8
2026,1022600038,1611661330,ATL,1642804,Te-Hina Paopao,0,2,2,11
2026,1022600038,1611661321,DAL,1629501,Alanna Smith,0,0,0,7
2026,1022600038,1611661321,DAL,202252,Alysha Clark,0,0,0,4
2026,1022600038,1611661321,DAL,1629481,Arike Ogunbowale,0,1,1,8
2026,1022600038,1611661321,DAL,1630386,Awak Kuier,0,0,0,6
2026,1022600038,1611661321,DAL,1642793,Aziaha James,0,7,5,9
2026,1022600038,1611661321,DAL,1643425,Azzi Fudd,0,0,0,9
2026,1022600038,1611661321,DAL,1629491,Jessica Shepard,0,2,2,9
2026,1022600038,1611661321,DAL,1629574,Li Yueru,0,0,0,8
2026,1022600038,1611661321,DAL,1641652,Maddy Siegrist,0,1,1,8
2026,1022600038,1611661321,DAL,203824,Odyssey Sims,0,5,5,8
2026,1022600038,1611661321,DAL,1642784,Paige Bueckers,0,4,7,8
2026,1022600039,1611661331,GSV,1628931,Gabby Williams,0,4,3,8
2026,1022600039,1611661331,GSV,1642767,Janelle Salaun,0,0,0,9
2026,1022600039,1611661331,GSV,1630097,Kaila Charles,0,1,1,8
2026,1022600039,1611661331,GSV,1642822,Kaitlyn Chen,0,0,0,9
2026,1022600039,1611661331,GSV,203866,Kayla Thornton,0,0,0,10
2026,1022600039,1611661331,GSV,204329,Kiah Stokes,0,1,1,9
2026,1022600039,1611661331,GSV,1641656,Laeticia Amihere,0,1,1,9
2026,1022600039,1611661331,GSV,203026,Tiffany Hayes,0,3,2,10
2026,1022600039,1611661331,GSV,1631007,Veronica Burton,0,3,3,9
2026,1022600039,1611661325,IND,1641648,Aliyah Boston,0,3,3,9
2026,1022600039,1611661325,IND,1642286,Caitlin Clark,0,8,9,9
2026,1022600039,1611661325,IND,1643453,Grace VanSlooten,0,0,0,4
2026,1022600039,1611661325,IND,1628909,Kelsey Mitchell,0,3,3,9
2026,1022600039,1611661325,IND,1631086,Lexie Hull,0,2,2,8
2026,1022600039,1611661325,IND,1642815,Makayla Timpson,0,0,0,8
2026,1022600039,1611661325,IND,1628881,Monique Billings,0,0,0,9
2026,1022600039,1611661325,IND,1628899,Myisha Hines-Allen,0,2,2,7
2026,1022600039,1611661325,IND,1643433,Raven Johnson,0,3,2,9
2026,1022600039,1611661325,IND,1629482,Sophie Cunningham,0,1,1,9
2026,1022600039,1611661325,IND,1630112,Tyasha Harris,0,0,0,3
2026,1022600040,1611661323,CON,1642290,Aaliyah Edwards,0,1,2,9
2026,1022600040,1611661323,CON,1642800,Aneesah Morrow,0,0,0,9
2026,1022600040,1611661323,CON,1643437,Ashlon Jackson,0,0,0,6
2026,1022600040,1611661323,CON,1643449,Charlisse Leger-Walker,0,4,5,10
2026,1022600040,1611661323,CON,1641649,Diamond Miller,0,2,2,10
2026,1022600040,1611661323,CON,1643429,Gianna Kneepkens,0,0,0,8
2026,1022600040,1611661323,CON,1642817,Hailey Van Lith,0,2,1,7
2026,1022600040,1611661323,CON,1629568,Kennedy Burke,0,1,1,10
2026,1022600040,1611661323,CON,1643448,Nell Angloma,0,1,1,6
2026,1022600040,1611661323,CON,1643441,Raegan Beers,0,1,1,9
2026,1022600040,1611661323,CON,1642809,Saniya Rivers,0,2,2,8
2026,1022600040,1611661328,SEA,1643428,Flau'jae Johnson,0,5,5,11
2026,1022600040,1611661328,SEA,1631141,Jade Melbourne,0,4,4,10
2026,1022600040,1611661328,SEA,1641651,Jordan Horston,0,0,0,10
2026,1022600040,1611661328,SEA,1630115,Joyner Holmes,0,0,1,8
2026,1022600040,1611661328,SEA,1628882,Lexie Brown,0,0,0,8
2026,1022600040,1611661328,SEA,1642307,Mackenzie Holmes,0,1,1,11
2026,1022600040,1611661328,SEA,1629567,Natisha Hiedeman,0,5,6,11
2026,1022600040,1611661328,SEA,203828,Stefanie Dolson,0,4,4,11
2026,1022600040,1611661328,SEA,1642814,Taylor Thierry,0,0,0,5
2026,1022600040,1611661328,SEA,1641660,Zia Cooke,0,1,1,11
2026,1022600041,1611661329,CHI,1628922,Azura Stevens,0,1,1,8
2026,1022600041,1611661329,CHI,204322,Elizabeth Williams,0,1,1,8
2026,1022600041,1611661329,CHI,1643447,Gabriela Jaquez,0,0,0,9
2026,1022600041,1611661329,CHI,1642292,Jacy Sheldon,0,0,1,7
2026,1022600041,1611661329,CHI,1642289,Kamilla Cardoso,0,0,0,9
2026,1022600041,1611661329,CHI,204333,Natasha Cloud,0,1,1,9
2026,1022600041,1611661329,CHI,1627671,Rachel Banham,0,3,3,7
2026,1022600041,1611661329,CHI,203400,Skylar Diggins,0,8,6,8
2026,1022600041,1611661329,CHI,1642321,Sydney Taylor,0,1,1,9
2026,1022600041,1611661324,MIN,1643489,Antonia Delaere,0,0,0,9
2026,1022600041,1611661324,MIN,1627675,Courtney Williams,0,4,3,9
2026,1022600041,1611661324,MIN,1629581,Emese Hof,0,0,0,3
2026,1022600041,1611661324,MIN,203825,Kayla McBride,0,5,4,9
2026,1022600041,1611661324,MIN,1642820,Liatu King,0,0,0,8
2026,1022600041,1611661324,MIN,1630471,Maya Caldwell,0,2,2,9
2026,1022600041,1611661324,MIN,203827,Natasha Howard,0,5,5,9
2026,1022600041,1611661324,MIN,1628269,Nia Coffey,0,0,0,8
2026,1022600041,1611661324,MIN,1643426,Olivia Miles,0,5,5,9
2026,1022600042,1611661327,PDX,1629524,Bridget Carleton,0,3,3,10
2026,1022600042,1611661327,PDX,1642304,Carla Leite,0,11,9,7
2026,1022600042,1611661327,PDX,1631083,Emily Engstler,0,0,0,10
2026,1022600042,1611661327,PDX,1643494,Frieda Buhner,0,1,1,9
2026,1022600042,1611661327,PDX,1641683,Holly Winterburn,0,0,0,1
2026,1022600042,1611661327,PDX,1630143,Luisa Geiselsoder,0,0,0,10
2026,1022600042,1611661327,PDX,1629484,Megan DiLeo,0,0,0,11
2026,1022600042,1611661327,PDX,1642296,Nyadiew Puoch,0,1,1,10
2026,1022600042,1611661327,PDX,1642782,Sarah Ashlee Barker,0,1,1,10
2026,1022600042,1611661327,PDX,1643436,Serah Williams,0,0,0,10
2026,1022600042,1611661327,PDX,1643506,Teja Oblak,0,9,9,10
2026,1022600042,1611661332,TOR,1628279,Brittney Sykes,0,5,5,10
2026,1022600042,1611661332,TOR,1628915,Kia Nurse,0,0,0,11
2026,1022600042,1611661332,TOR,1643445,Kiki Rice,0,0,3,10
2026,1022600042,1611661332,TOR,1643420,Laura Juskaite,0,0,1,9
2026,1022600042,1611661332,TOR,1631118,Lexi Held,0,0,1,6
2026,1022600042,1611661332,TOR,1629576,Maria Conde,0,1,1,10
2026,1022600042,1611661332,TOR,1630108,Mariella Fasoula,0,0,0,8
2026,1022600042,1611661332,TOR,1629497,Marina Mabrey,0,6,8,10
2026,1022600042,1611661332,TOR,1631263,Nikolina Milic,0,0,0,10
2026,1022600042,1611661332,TOR,1631055,Nyara Sabally,0,0,0,10
2026,1022600042,1611661332,TOR,1643457,Teonni Key,0,0,0,9
2026,1022600043,1611661320,LAS,1628878,Ariel Atkins,0,2,3,8
2026,1022600043,1611661320,LAS,1642287,Cameron Brink,0,1,0,8
2026,1022600043,1611661320,LAS,204324,Dearica Hamby,0,4,4,8
2026,1022600043,1611661320,LAS,1628242,Emma Cannon,0,0,0,2
2026,1022600043,1611661320,LAS,204365,Erica Wheeler,0,5,6,7
2026,1022600043,1611661320,LAS,1630148,Jihyun Park,0,1,1,8
2026,1022600043,1611661320,LAS,1642324,Kate Martin,0,1,1,7
2026,1022600043,1611661320,LAS,1628276,Kelsey Plum,0,7,9,8
2026,1022600043,1611661320,LAS,1630996,Rae Burrell,0,2,2,8
2026,1022600043,1611661319,LVA,1628932,A'ja Wilson,0,4,4,8
2026,1022600043,1611661319,LVA,1629488,Brianna Turner,0,1,1,8
2026,1022600043,1611661319,LVA,203833,Chelsea Gray,0,5,7,9
2026,1022600043,1611661319,LVA,1630150,Chennedy Carter,0,4,3,7
2026,1022600043,1611661319,LVA,1629498,Jackie Young,0,2,2,7
2026,1022600043,1611661319,LVA,204319,Jewell Loyd,0,3,2,8
2026,1022600043,1611661319,LVA,1631019,NaLyssa Smith,0,1,1,8
2026,1022600043,1611661319,LVA,203855,Stephanie Talbot,0,1,1,8
2026,1022600044,1611661330,ATL,1628277,Allisha Gray,0,0,0,9
2026,1022600044,1611661330,ATL,1642291,Angel Reese,0,3,4,9
2026,1022600044,1611661330,ATL,1643469,Indya Nivar,0,0,0,4
2026,1022600044,1611661330,ATL,1642302,Isobel Borlase,0,3,2,8
2026,1022600044,1611661330,ATL,1628886,Jordin Canada,0,13,14,9
2026,1022600044,1611661330,ATL,1643431,Madina Okot,0,0,0,9
2026,1022600044,1611661330,ATL,1631044,Naz Hillmon,0,0,0,9
2026,1022600044,1611661330,ATL,1631009,Rhyne Howard,0,0,0,9
2026,1022600044,1611661330,ATL,1631021,Sika Kone,0,0,0,4
2026,1022600044,1611661330,ATL,1642804,Te-Hina Paopao,0,2,2,8
2026,1022600044,1611661317,PHX,203826,Alyssa Thomas,0,6,7,9
2026,1022600044,1611661317,PHX,201886,DeWanna Bonner,0,1,1,9
2026,1022600044,1611661317,PHX,1643505,Jovana Nogic,0,1,1,9
2026,1022600044,1611661317,PHX,1627674,Kahleah Copper,0,1,1,9
2026,1022600044,1611661317,PHX,1630461,Kiana Williams,0,1,1,8
2026,1022600044,1611661317,PHX,1642768,Kyara Linskens,0,0,0,8
2026,1022600044,1611661317,PHX,1643438,Marta Suarez,0,0,0,9
2026,1022600044,1611661317,PHX,1630442,Natasha Mack,0,1,1,8
2026,1022600044,1611661317,PHX,1643493,Noemie Brochant,0,2,2,9
2026,1022600045,1611661321,DAL,1629501,Alanna Smith,0,2,3,8
2026,1022600045,1611661321,DAL,1629481,Arike Ogunbowale,0,5,5,9
2026,1022600045,1611661321,DAL,1630386,Awak Kuier,0,1,1,10
2026,1022600045,1611661321,DAL,1642793,Aziaha James,0,0,0,7
2026,1022600045,1611661321,DAL,1643425,Azzi Fudd,0,3,3,10
2026,1022600045,1611661321,DAL,1629491,Jessica Shepard,0,8,6,9
2026,1022600045,1611661321,DAL,1629574,Li Yueru,0,0,0,7
2026,1022600045,1611661321,DAL,1641652,Maddy Siegrist,0,0,0,8
2026,1022600045,1611661321,DAL,203824,Odyssey Sims,0,2,2,8
2026,1022600045,1611661321,DAL,1642784,Paige Bueckers,0,2,2,10
2026,1022600045,1611661313,NYL,1630993,Anneli Maley,0,0,0,8
2026,1022600045,1611661313,NYL,1627668,Breanna Stewart,0,2,3,8
2026,1022600045,1611661313,NYL,1627673,Jonquel Jones,0,2,2,9
2026,1022600045,1611661313,NYL,1629546,Marine Johannes,0,4,5,7
2026,1022600045,1611661313,NYL,1631136,Pauline Astier,0,2,1,9
2026,1022600045,1611661313,NYL,1630384,Raquel Carrera,0,1,1,2
2026,1022600045,1611661313,NYL,203822,Rebekah Gardner,0,0,0,8
2026,1022600045,1611661313,NYL,1629477,Sabrina Ionescu,0,8,7,9
2026,1022600045,1611661313,NYL,1630149,Satou Sabally,0,2,2,7
2026,1022600045,1611661313,NYL,1629566,Xu Han,0,0,0,8
2026,1022600046,1611661328,SEA,1643443,Awa Fam,0,0,0,10
2026,1022600046,1611661328,SEA,1643428,Flau'jae Johnson,0,2,1,9
2026,1022600046,1611661328,SEA,1631141,Jade Melbourne,0,6,6,11
2026,1022600046,1611661328,SEA,1641651,Jordan Horston,0,1,1,10
2026,1022600046,1611661328,SEA,1629478,Katie Lou Samuelson,0,3,2,10
2026,1022600046,1611661328,SEA,1628882,Lexie Brown,0,1,1,7
2026,1022600046,1611661328,SEA,1642307,Mackenzie Holmes,0,0,0,11
2026,1022600046,1611661328,SEA,1629567,Natisha Hiedeman,0,3,5,11
2026,1022600046,1611661328,SEA,203828,Stefanie Dolson,0,2,2,9
2026,1022600046,1611661328,SEA,1641660,Zia Cooke,0,2,2,10
2026,1022600046,1611661322,WAS,1643455,Angela Dugalic,0,1,1,10
2026,1022600046,1611661322,WAS,1643467,Cassandre Prosper,0,2,2,10
2026,1022600046,1611661322,WAS,1643430,Cotie McMahon,0,1,1,10
2026,1022600046,1611661322,WAS,1642781,Georgia Amoore,0,8,6,10
2026,1022600046,1611661322,WAS,1642792,Kiki Iriafen,0,0,0,10
2026,1022600046,1611661322,WAS,1643427,Lauren Betts,0,0,0,8
2026,1022600046,1611661322,WAS,1642802,Lucy Olsen,0,0,2,5
2026,1022600046,1611661322,WAS,1630446,Michaela Onyenwere,0,0,0,10
2026,1022600046,1611661322,WAS,1643450,Rori Harmon,0,0,0,5
2026,1022600046,1611661322,WAS,1631022,Shakira Austin,0,0,0,10
2026,1022600046,1611661322,WAS,1642785,Sonia Citron,0,2,2,10
2026,1022600047,1611661313,NYL,1630993,Anneli Maley,0,0,0,8
2026,1022600047,1611661313,NYL,1627668,Breanna Stewart,0,0,0,10
2026,1022600047,1611661313,NYL,1627673,Jonquel Jones,0,5,4,10
2026,1022600047,1611661313,NYL,1629546,Marine Johannes,0,7,6,10
2026,1022600047,1611661313,NYL,1631136,Pauline Astier,0,2,3,10
2026,1022600047,1611661313,NYL,204296,Rebecca Allen,0,1,1,9
2026,1022600047,1611661313,NYL,203822,Rebekah Gardner,0,1,1,10
2026,1022600047,1611661313,NYL,1630149,Satou Sabally,0,0,0,4
2026,1022600047,1611661313,NYL,1629566,Xu Han,0,1,2,10
2026,1022600047,1611661327,PDX,1629524,Bridget Carleton,0,1,2,9
2026,1022600047,1611661327,PDX,1642304,Carla Leite,0,2,2,8
2026,1022600047,1611661327,PDX,1631083,Emily Engstler,0,1,2,9
2026,1022600047,1611661327,PDX,1628317,Karlie Samuelson,0,1,1,8
2026,1022600047,1611661327,PDX,1630143,Luisa Geiselsoder,0,2,2,9
2026,1022600047,1611661327,PDX,1629484,Megan DiLeo,0,0,0,8
2026,1022600047,1611661327,PDX,1642296,Nyadiew Puoch,0,1,2,9
2026,1022600047,1611661327,PDX,1642782,Sarah Ashlee Barker,0,4,3,8
2026,1022600047,1611661327,PDX,1643436,Serah Williams,0,0,0,8
2026,1022600047,1611661327,PDX,1643506,Teja Oblak,0,5,4,8
2026,1022600048,1611661323,CON,1642290,Aaliyah Edwards,0,0,0,10
2026,1022600048,1611661323,CON,1642800,Aneesah Morrow,0,2,2,10
2026,1022600048,1611661323,CON,1643437,Ashlon Jackson,0,1,1,9
2026,1022600048,1611661323,CON,1643449,Charlisse Leger-Walker,0,2,2,12
2026,1022600048,1611661323,CON,1641649,Diamond Miller,0,0,0,9
2026,1022600048,1611661323,CON,1643429,Gianna Kneepkens,0,1,1,9
2026,1022600048,1611661323,CON,1642817,Hailey Van Lith,0,2,2,13
2026,1022600048,1611661323,CON,1629568,Kennedy Burke,0,0,0,13
2026,1022600048,1611661323,CON,1643448,Nell Angloma,0,0,0,9
2026,1022600048,1611661323,CON,1631135,Olivia Nelson-Ododa,0,5,5,10
2026,1022600048,1611661323,CON,1643441,Raegan Beers,0,0,0,12
2026,1022600048,1611661323,CON,1642809,Saniya Rivers,0,0,0,13
2026,1022600048,1611661331,GSV,1641695,Ashten Prechtel,0,0,0,7
2026,1022600048,1611661331,GSV,1628508,Cecilia Zandalasini,0,1,1,10
2026,1022600048,1611661331,GSV,1628931,Gabby Williams,0,1,1,10
2026,1022600048,1611661331,GSV,1642767,Janelle Salaun,0,2,2,11
2026,1022600048,1611661331,GSV,1642794,Juste Jocyte,0,1,2,6
2026,1022600048,1611661331,GSV,1630097,Kaila Charles,0,0,0,10
2026,1022600048,1611661331,GSV,1642822,Kaitlyn Chen,0,1,2,9
2026,1022600048,1611661331,GSV,203866,Kayla Thornton,0,2,2,9
2026,1022600048,1611661331,GSV,204329,Kiah Stokes,0,1,1,9
2026,1022600048,1611661331,GSV,1641656,Laeticia Amihere,0,3,3,10
2026,1022600048,1611661331,GSV,1643479,Ndjakalenga Mwenentanda,0,2,1,6
2026,1022600048,1611661331,GSV,203026,Tiffany Hayes,0,4,3,11
2026,1022600048,1611661331,GSV,1631007,Veronica Burton,0,6,6,10
2026,1022600049,1611661313,NYL,204335,Betnijah Laney-Hamilton,0,2,2,10
2026,1022600049,1611661313,NYL,1627668,Breanna Stewart,0,2,2,10
2026,1022600049,1611661313,NYL,1627673,Jonquel Jones,0,3,4,10
2026,1022600049,1611661313,NYL,1630142,Leonie Fiebich,0,2,1,10
2026,1022600049,1611661313,NYL,1629546,Marine Johannes,0,7,5,9
2026,1022600049,1611661313,NYL,1631136,Pauline Astier,0,5,4,10
2026,1022600049,1611661313,NYL,1630384,Raquel Carrera,0,0,0,2
2026,1022600049,1611661313,NYL,204296,Rebecca Allen,0,0,0,8
2026,1022600049,1611661313,NYL,203822,Rebekah Gardner,0,1,1,10
2026,1022600049,1611661313,NYL,1629566,Xu Han,0,0,0,5
2026,1022600049,1611661317,PHX,203826,Alyssa Thomas,0,9,9,9
2026,1022600049,1611661317,PHX,201886,DeWanna Bonner,0,0,0,9
2026,1022600049,1611661317,PHX,1643505,Jovana Nogic,0,1,1,10
2026,1022600049,1611661317,PHX,1627674,Kahleah Copper,0,2,2,9
2026,1022600049,1611661317,PHX,1630461,Kiana Williams,0,0,0,5
2026,1022600049,1611661317,PHX,1642768,Kyara Linskens,0,2,1,8
2026,1022600049,1611661317,PHX,1642777,Monique Akoa Makani,0,4,4,9
2026,1022600049,1611661317,PHX,1630442,Natasha Mack,0,1,1,9
2026,1022600049,1611661317,PHX,1643493,Noemie Brochant,0,1,1,9
2026,1022600049,1611661317,PHX,204468,Valeriane Ayayi,0,0,0,10
2026,1022600050,1611661329,CHI,1642786,Aicha Coulibaly,0,1,1,10
2026,1022600050,1611661329,CHI,1628922,Azura Stevens,0,3,3,7
2026,1022600050,1611661329,CHI,204322,Elizabeth Williams,0,3,3,10
2026,1022600050,1611661329,CHI,1642292,Jacy Sheldon,0,0,0,7
2026,1022600050,1611661329,CHI,1642289,Kamilla Cardoso,0,3,3,9
2026,1022600050,1611661329,CHI,204333,Natasha Cloud,0,8,9,10
2026,1022600050,1611661329,CHI,1627671,Rachel Banham,0,1,1,8
2026,1022600050,1611661329,CHI,203400,Skylar Diggins,0,9,9,10
2026,1022600050,1611661329,CHI,1642321,Sydney Taylor,0,2,2,10
2026,1022600050,1611661332,TOR,1628279,Brittney Sykes,0,2,2,9
2026,1022600050,1611661332,TOR,1628915,Kia Nurse,0,0,0,6
2026,1022600050,1611661332,TOR,1643445,Kiki Rice,0,9,7,9
2026,1022600050,1611661332,TOR,1643420,Laura Juskaite,0,2,2,9
2026,1022600050,1611661332,TOR,1631118,Lexi Held,0,2,2,5
2026,1022600050,1611661332,TOR,1629576,Maria Conde,0,0,0,9
2026,1022600050,1611661332,TOR,1629497,Marina Mabrey,0,10,7,9
2026,1022600050,1611661332,TOR,1631263,Nikolina Milic,0,0,0,8
2026,1022600050,1611661332,TOR,1631055,Nyara Sabally,0,2,2,9
2026,1022600050,1611661332,TOR,1643457,Teonni Key,0,0,0,8
2026,1022600051,1611661330,ATL,1642801,Aaliyah Nye,0,0,0,3
2026,1022600051,1611661330,ATL,1628277,Allisha Gray,0,3,3,9
2026,1022600051,1611661330,ATL,1642291,Angel Reese,0,4,5,9
2026,1022600051,1611661330,ATL,1643469,Indya Nivar,0,1,1,8
2026,1022600051,1611661330,ATL,1642302,Isobel Borlase,0,3,3,8
2026,1022600051,1611661330,ATL,1628886,Jordin Canada,0,6,5,9
2026,1022600051,1611661330,ATL,1643431,Madina Okot,0,0,0,8
2026,1022600051,1611661330,ATL,1631044,Naz Hillmon,0,1,1,8
2026,1022600051,1611661330,ATL,1631009,Rhyne Howard,0,4,4,9
2026,1022600051,1611661330,ATL,1631021,Sika Kone,0,0,0,9
2026,1022600051,1611661330,ATL,1642804,Te-Hina Paopao,0,1,1,7
2026,1022600051,1611661324,MIN,1642797,Anastasiia Olairi Kosu,0,1,1,10
2026,1022600051,1611661324,MIN,1643489,Antonia Delaere,0,0,0,9
2026,1022600051,1611661324,MIN,1627675,Courtney Williams,0,7,7,9
2026,1022600051,1611661324,MIN,203825,Kayla McBride,0,2,1,7
2026,1022600051,1611661324,MIN,1642820,Liatu King,0,0,0,9
2026,1022600051,1611661324,MIN,1630471,Maya Caldwell,0,1,1,11
2026,1022600051,1611661324,MIN,203827,Natasha Howard,0,5,5,10
2026,1022600051,1611661324,MIN,1628269,Nia Coffey,0,3,3,9
2026,1022600051,1611661324,MIN,1643426,Olivia Miles,0,7,8,11
2026,1022600052,1611661323,CON,1642290,Aaliyah Edwards,0,0,0,8
2026,1022600052,1611661323,CON,1642800,Aneesah Morrow,0,0,1,11
2026,1022600052,1611661323,CON,1643437,Ashlon Jackson,0,2,3,11
2026,1022600052,1611661323,CON,1643449,Charlisse Leger-Walker,0,2,3,11
2026,1022600052,1611661323,CON,1641649,Diamond Miller,0,1,1,11
2026,1022600052,1611661323,CON,1643429,Gianna Kneepkens,0,0,0,8
2026,1022600052,1611661323,CON,1642817,Hailey Van Lith,0,0,0,10
2026,1022600052,1611661323,CON,1629568,Kennedy Burke,0,1,1,11
2026,1022600052,1611661323,CON,1643448,Nell Angloma,0,0,0,2
2026,1022600052,1611661323,CON,1631135,Olivia Nelson-Ododa,0,3,4,11
2026,1022600052,1611661323,CON,1643441,Raegan Beers,0,2,2,11
2026,1022600052,1611661323,CON,1642809,Saniya Rivers,0,1,2,11
2026,1022600052,1611661327,PDX,1629524,Bridget Carleton,0,5,3,12
2026,1022600052,1611661327,PDX,1642304,Carla Leite,0,3,3,12
2026,1022600052,1611661327,PDX,1631083,Emily Engstler,0,2,2,10
2026,1022600052,1611661327,PDX,1643494,Frieda Buhner,0,0,0,9
2026,1022600052,1611661327,PDX,1628317,Karlie Samuelson,0,1,1,10
2026,1022600052,1611661327,PDX,1630143,Luisa Geiselsoder,0,2,2,11
2026,1022600052,1611661327,PDX,1629484,Megan DiLeo,0,2,2,10
2026,1022600052,1611661327,PDX,1642296,Nyadiew Puoch,0,0,0,11
2026,1022600052,1611661327,PDX,1642782,Sarah Ashlee Barker,0,1,1,11
2026,1022600052,1611661327,PDX,1643436,Serah Williams,0,0,0,10
2026,1022600052,1611661327,PDX,1643506,Teja Oblak,0,2,2,11
2026,1022600053,1611661328,SEA,1643443,Awa Fam,0,0,0,10
2026,1022600053,1611661328,SEA,1643428,Flau'jae Johnson,0,1,2,10
2026,1022600053,1611661328,SEA,1631141,Jade Melbourne,0,2,3,9
2026,1022600053,1611661328,SEA,1641651,Jordan Horston,0,3,3,9
2026,1022600053,1611661328,SEA,1629478,Katie Lou Samuelson,0,0,0,8
2026,1022600053,1611661328,SEA,1628882,Lexie Brown,0,0,1,8
2026,1022600053,1611661328,SEA,1642307,Mackenzie Holmes,0,1,1,9
2026,1022600053,1611661328,SEA,1629567,Natisha Hiedeman,0,1,1,10
2026,1022600053,1611661328,SEA,203828,Stefanie Dolson,0,1,1,9
2026,1022600053,1611661328,SEA,1641660,Zia Cooke,0,3,2,9
2026,1022600053,1611661322,WAS,1643644,Alicia Florez,0,2,3,10
2026,1022600053,1611661322,WAS,1643455,Angela Dugalic,0,2,2,10
2026,1022600053,1611661322,WAS,1643467,Cassandre Prosper,0,0,0,9
2026,1022600053,1611661322,WAS,1643430,Cotie McMahon,0,2,2,8
2026,1022600053,1611661322,WAS,1642781,Georgia Amoore,0,2,2,9
2026,1022600053,1611661322,WAS,1642792,Kiki Iriafen,0,0,0,10
2026,1022600053,1611661322,WAS,1643427,Lauren Betts,0,0,0,8
2026,1022600053,1611661322,WAS,1630446,Michaela Onyenwere,0,2,2,7
2026,1022600053,1611661322,WAS,1631022,Shakira Austin,0,6,5,9
2026,1022600053,1611661322,WAS,1642785,Sonia Citron,0,3,3,10
2026,1022600054,1611661321,DAL,202252,Alysha Clark,0,1,1,8
2026,1022600054,1611661321,DAL,1629481,Arike Ogunbowale,0,2,2,8
2026,1022600054,1611661321,DAL,1630386,Awak Kuier,0,0,0,8
2026,1022600054,1611661321,DAL,1642793,Aziaha James,0,1,1,7
2026,1022600054,1611661321,DAL,1643425,Azzi Fudd,0,2,2,9
2026,1022600054,1611661321,DAL,1629491,Jessica Shepard,0,10,10,9
2026,1022600054,1611661321,DAL,1641652,Maddy Siegrist,0,1,1,8
2026,1022600054,1611661321,DAL,203824,Odyssey Sims,0,0,0,5
2026,1022600054,1611661321,DAL,1642784,Paige Bueckers,0,4,6,9
2026,1022600054,1611661319,LVA,1628932,A'ja Wilson,0,3,3,8
2026,1022600054,1611661319,LVA,203833,Chelsea Gray,0,7,8,8
2026,1022600054,1611661319,LVA,1630150,Chennedy Carter,0,0,0,9
2026,1022600054,1611661319,LVA,204323,Cheyenne Parker-Tyus,0,0,0,8
2026,1022600054,1611661319,LVA,1629498,Jackie Young,0,8,7,9
2026,1022600054,1611661319,LVA,204319,Jewell Loyd,0,2,1,8
2026,1022600054,1611661319,LVA,1631006,Kierstan Bell,0,0,1,6
2026,1022600054,1611661319,LVA,1631019,NaLyssa Smith,0,0,0,9
2026,1022600054,1611661319,LVA,203855,Stephanie Talbot,0,0,1,5
2026,1022600055,1611661331,GSV,1628508,Cecilia Zandalasini,0,3,3,9
2026,1022600055,1611661331,GSV,1628931,Gabby Williams,0,5,6,9
2026,1022600055,1611661331,GSV,1642767,Janelle Salaun,0,4,3,9
2026,1022600055,1611661331,GSV,1642794,Juste Jocyte,0,1,2,8
2026,1022600055,1611661331,GSV,1630097,Kaila Charles,0,0,1,8
2026,1022600055,1611661331,GSV,1642822,Kaitlyn Chen,0,2,3,7
2026,1022600055,1611661331,GSV,203866,Kayla Thornton,0,0,0,9
2026,1022600055,1611661331,GSV,204329,Kiah Stokes,0,4,2,9
2026,1022600055,1611661331,GSV,1641656,Laeticia Amihere,0,1,1,9
2026,1022600055,1611661331,GSV,203026,Tiffany Hayes,0,0,0,7
2026,1022600055,1611661331,GSV,1631007,Veronica Burton,0,3,3,9
2026,1022600055,1611661325,IND,1641648,Aliyah Boston,0,4,4,10
2026,1022600055,1611661325,IND,1642286,Caitlin Clark,0,6,6,10
2026,1022600055,1611661325,IND,1628909,Kelsey Mitchell,0,4,3,11
2026,1022600055,1611661325,IND,1631086,Lexie Hull,0,0,0,10
2026,1022600055,1611661325,IND,1642815,Makayla Timpson,0,2,2,11
2026,1022600055,1611661325,IND,1628881,Monique Billings,0,2,2,11
2026,1022600055,1611661325,IND,1628899,Myisha Hines-Allen,0,1,1,10
2026,1022600055,1611661325,IND,1643433,Raven Johnson,0,2,2,11
2026,1022600055,1611661325,IND,1629482,Sophie Cunningham,0,2,2,11
2026,1022600056,1611661313,NYL,204335,Betnijah Laney-Hamilton,0,1,2,8
2026,1022600056,1611661313,NYL,1627668,Breanna Stewart,0,4,4,9
2026,1022600056,1611661313,NYL,1627673,Jonquel Jones,0,2,2,8
2026,1022600056,1611661313,NYL,1630142,Leonie Fiebich,0,1,1,9
2026,1022600056,1611661313,NYL,1629546,Marine Johannes,0,1,1,7
2026,1022600056,1611661313,NYL,1631136,Pauline Astier,0,7,6,9
2026,1022600056,1611661313,NYL,204296,Rebecca Allen,0,0,0,2
2026,1022600056,1611661313,NYL,203822,Rebekah Gardner,0,0,0,7
2026,1022600056,1611661313,NYL,1630149,Satou Sabally,0,2,1,5
2026,1022600056,1611661313,NYL,1629566,Xu Han,0,1,1,9
2026,1022600056,1611661317,PHX,203826,Alyssa Thomas,0,8,8,10
2026,1022600056,1611661317,PHX,201886,DeWanna Bonner,0,0,0,10
2026,1022600056,1611661317,PHX,1643505,Jovana Nogic,0,0,0,9
2026,1022600056,1611661317,PHX,1627674,Kahleah Copper,0,1,1,9
2026,1022600056,1611661317,PHX,1642768,Kyara Linskens,0,1,1,9
2026,1022600056,1611661317,PHX,1642777,Monique Akoa Makani,0,3,3,9
2026,1022600056,1611661317,PHX,1630442,Natasha Mack,0,0,0,10
2026,1022600056,1611661317,PHX,1643493,Noemie Brochant,0,0,0,9
2026,1022600056,1611661317,PHX,204468,Valeriane Ayayi,0,0,1,5
2026,1022600057,1611661320,LAS,1628878,Ariel Atkins,0,1,2,9
2026,1022600057,1611661320,LAS,1642287,Cameron Brink,0,0,1,9
2026,1022600057,1611661320,LAS,1643462,Chance Gray,0,0,0,8
2026,1022600057,1611661320,LAS,204324,Dearica Hamby,0,9,9,8
2026,1022600057,1611661320,LAS,204365,Erica Wheeler,0,6,8,9
2026,1022600057,1611661320,LAS,1630148,Jihyun Park,0,0,0,5
2026,1022600057,1611661320,LAS,203014,Nneka Ogwumike,0,2,2,10
2026,1022600057,1611661320,LAS,1630996,Rae Burrell,0,1,1,10
2026,1022600057,1611661320,LAS,1643444,Ta'Niya Latson,0,0,0,5
2026,1022600057,1611661322,WAS,1643644,Alicia Florez,0,8,7,9
2026,1022600057,1611661322,WAS,1643455,Angela Dugalic,0,2,1,8
2026,1022600057,1611661322,WAS,1643467,Cassandre Prosper,0,0,0,5
2026,1022600057,1611661322,WAS,1643430,Cotie McMahon,0,0,0,3
2026,1022600057,1611661322,WAS,1642781,Georgia Amoore,0,3,3,7
2026,1022600057,1611661322,WAS,1642792,Kiki Iriafen,0,1,1,9
2026,1022600057,1611661322,WAS,1643427,Lauren Betts,0,0,0,8
2026,1022600057,1611661322,WAS,1630446,Michaela Onyenwere,0,3,3,8
2026,1022600057,1611661322,WAS,1631022,Shakira Austin,0,3,3,8
2026,1022600057,1611661322,WAS,1642785,Sonia Citron,0,8,8,7
2026,1022600058,1611661329,CHI,1642786,Aicha Coulibaly,0,0,0,9
2026,1022600058,1611661329,CHI,1628922,Azura Stevens,0,2,2,10
2026,1022600058,1611661329,CHI,204322,Elizabeth Williams,0,1,1,9
2026,1022600058,1611661329,CHI,1642292,Jacy Sheldon,0,2,2,8
2026,1022600058,1611661329,CHI,1642289,Kamilla Cardoso,0,1,1,10
2026,1022600058,1611661329,CHI,204333,Natasha Cloud,0,1,2,9
2026,1022600058,1611661329,CHI,1627671,Rachel Banham,0,0,0,9
2026,1022600058,1611661329,CHI,1643458,Saylor Poffenbarger,0,0,0,2
2026,1022600058,1611661329,CHI,203400,Skylar Diggins,0,4,3,9
2026,1022600058,1611661329,CHI,1642321,Sydney Taylor,0,4,4,9
2026,1022600058,1611661324,MIN,1642797,Anastasiia Olairi Kosu,0,0,0,7
2026,1022600058,1611661324,MIN,1643489,Antonia Delaere,0,1,1,10
2026,1022600058,1611661324,MIN,1627675,Courtney Williams,0,5,5,9
2026,1022600058,1611661324,MIN,203825,Kayla McBride,0,3,2,9
2026,1022600058,1611661324,MIN,1642820,Liatu King,0,0,0,9
2026,1022600058,1611661324,MIN,1630471,Maya Caldwell,0,0,0,10
2026,1022600058,1611661324,MIN,203827,Natasha Howard,0,3,3,9
2026,1022600058,1611661324,MIN,1628269,Nia Coffey,0,2,2,9
2026,1022600058,1611661324,MIN,1643426,Olivia Miles,0,5,6,10
2026,1022600058,1611661324,MIN,1629479,Teaira McCowan,0,1,1,8
2026,1022600059,1611661330,ATL,1642801,Aaliyah Nye,0,0,1,4
2026,1022600059,1611661330,ATL,1628277,Allisha Gray,0,1,1,10
2026,1022600059,1611661330,ATL,1642291,Angel Reese,0,5,5,10
2026,1022600059,1611661330,ATL,1643469,Indya Nivar,0,0,0,5
2026,1022600059,1611661330,ATL,1642302,Isobel Borlase,0,0,1,9
2026,1022600059,1611661330,ATL,1628886,Jordin Canada,0,4,4,10
2026,1022600059,1611661330,ATL,1643431,Madina Okot,0,0,1,7
2026,1022600059,1611661330,ATL,1631044,Naz Hillmon,0,4,4,10
2026,1022600059,1611661330,ATL,1631009,Rhyne Howard,0,4,4,10
2026,1022600059,1611661330,ATL,1631021,Sika Kone,0,0,0,8
2026,1022600059,1611661330,ATL,1642804,Te-Hina Paopao,0,1,1,9
2026,1022600059,1611661327,PDX,1642304,Carla Leite,0,3,4,8
2026,1022600059,1611661327,PDX,1631083,Emily Engstler,0,0,0,9
2026,1022600059,1611661327,PDX,1643494,Frieda Buhner,0,0,0,10
2026,1022600059,1611661327,PDX,1641683,Holly Winterburn,0,7,7,10
2026,1022600059,1611661327,PDX,1628317,Karlie Samuelson,0,1,1,11
2026,1022600059,1611661327,PDX,1630143,Luisa Geiselsoder,0,3,2,10
2026,1022600059,1611661327,PDX,1629484,Megan DiLeo,0,1,1,9
2026,1022600059,1611661327,PDX,1642296,Nyadiew Puoch,0,2,1,6
2026,1022600059,1611661327,PDX,1642782,Sarah Ashlee Barker,0,0,0,9
2026,1022600059,1611661327,PDX,1643436,Serah Williams,0,3,2,10
2026,1022600060,1611661328,SEA,1643443,Awa Fam,0,0,0,10
2026,1022600060,1611661328,SEA,1643428,Flau'jae Johnson,0,4,3,9
2026,1022600060,1611661328,SEA,1631141,Jade Melbourne,0,2,4,9
2026,1022600060,1611661328,SEA,1641651,Jordan Horston,0,1,1,10
2026,1022600060,1611661328,SEA,1629478,Katie Lou Samuelson,0,1,2,8
2026,1022600060,1611661328,SEA,1628882,Lexie Brown,0,2,1,10
2026,1022600060,1611661328,SEA,1642307,Mackenzie Holmes,0,1,1,10
2026,1022600060,1611661328,SEA,1629567,Natisha Hiedeman,0,8,7,9
2026,1022600060,1611661328,SEA,203828,Stefanie Dolson,0,2,2,9
2026,1022600060,1611661328,SEA,1641660,Zia Cooke,0,0,0,7
2026,1022600060,1611661332,TOR,1628279,Brittney Sykes,0,3,2,10
2026,1022600060,1611661332,TOR,1627700,Julie Allemand,0,4,4,10
2026,1022600060,1611661332,TOR,1628915,Kia Nurse,0,0,0,9
2026,1022600060,1611661332,TOR,1643445,Kiki Rice,0,1,1,10
2026,1022600060,1611661332,TOR,1643420,Laura Juskaite,0,2,1,10
2026,1022600060,1611661332,TOR,1629576,Maria Conde,0,2,2,10
2026,1022600060,1611661332,TOR,1629497,Marina Mabrey,0,3,4,10
2026,1022600060,1611661332,TOR,1631055,Nyara Sabally,0,0,0,9
2026,1022600060,1611661332,TOR,1643457,Teonni Key,0,0,0,9
2026,1022600060,1611661332,TOR,1643647,Tima Pouye,0,0,0,4
2026,1022600061,1611661323,CON,1642800,Aneesah Morrow,0,2,2,8
2026,1022600061,1611661323,CON,203398,Brittney Griner,0,1,1,7
2026,1022600061,1611661323,CON,1643449,Charlisse Leger-Walker,0,3,3,8
2026,1022600061,1611661323,CON,1641649,Diamond Miller,0,3,2,7
2026,1022600061,1611661323,CON,1643429,Gianna Kneepkens,0,0,0,7
2026,1022600061,1611661323,CON,1629568,Kennedy Burke,0,0,0,8
2026,1022600061,1611661323,CON,1642303,Leila Lacan,0,3,3,9
2026,1022600061,1611661323,CON,1643448,Nell Angloma,0,0,0,8
2026,1022600061,1611661323,CON,1631135,Olivia Nelson-Ododa,0,1,1,8
2026,1022600061,1611661323,CON,1643441,Raegan Beers,0,2,2,8
2026,1022600061,1611661323,CON,1642809,Saniya Rivers,0,4,4,9
2026,1022600061,1611661320,LAS,1628878,Ariel Atkins,0,1,1,10
2026,1022600061,1611661320,LAS,1642287,Cameron Brink,0,3,3,10
2026,1022600061,1611661320,LAS,1643462,Chance Gray,0,1,1,9
2026,1022600061,1611661320,LAS,204324,Dearica Hamby,0,2,2,9
2026,1022600061,1611661320,LAS,204365,Erica Wheeler,0,4,6,11
2026,1022600061,1611661320,LAS,1642324,Kate Martin,0,0,0,8
2026,1022600061,1611661320,LAS,203014,Nneka Ogwumike,0,2,2,10
2026,1022600061,1611661320,LAS,1630996,Rae Burrell,0,2,1,11
2026,1022600061,1611661320,LAS,1643444,Ta'Niya Latson,0,0,0,6
2026,1022600062,1611661325,IND,1641648,Aliyah Boston,0,2,2,8
2026,1022600062,1611661325,IND,1642286,Caitlin Clark,0,4,6,8
2026,1022600062,1611661325,IND,1643453,Grace VanSlooten,0,0,0,9
2026,1022600062,1611661325,IND,1628909,Kelsey Mitchell,0,5,4,9
2026,1022600062,1611661325,IND,1631086,Lexie Hull,0,1,1,8
2026,1022600062,1611661325,IND,1642815,Makayla Timpson,0,2,1,10
2026,1022600062,1611661325,IND,1628881,Monique Billings,0,0,0,7
2026,1022600062,1611661325,IND,1628899,Myisha Hines-Allen,0,1,2,8
2026,1022600062,1611661325,IND,1643433,Raven Johnson,0,0,0,8
2026,1022600062,1611661325,IND,1629482,Sophie Cunningham,0,5,4,8
2026,1022600062,1611661325,IND,1630112,Tyasha Harris,0,1,1,10
2026,1022600062,1611661327,PDX,1629524,Bridget Carleton,0,2,3,11
2026,1022600062,1611661327,PDX,1642304,Carla Leite,0,17,12,11
2026,1022600062,1611661327,PDX,1631083,Emily Engstler,0,3,4,10
2026,1022600062,1611661327,PDX,1643494,Frieda Buhner,0,0,0,11
2026,1022600062,1611661327,PDX,1641683,Holly Winterburn,0,1,1,4
2026,1022600062,1611661327,PDX,1630143,Luisa Geiselsoder,0,1,1,10
2026,1022600062,1611661327,PDX,1629484,Megan DiLeo,0,0,0,11
2026,1022600062,1611661327,PDX,1642296,Nyadiew Puoch,0,1,1,10
2026,1022600062,1611661327,PDX,1642782,Sarah Ashlee Barker,0,5,4,10
2026,1022600062,1611661327,PDX,1643506,Teja Oblak,0,0,0,8
2026,1022600063,1611661331,GSV,1628508,Cecilia Zandalasini,0,2,1,7
2026,1022600063,1611661331,GSV,1628931,Gabby Williams,0,1,1,6
2026,1022600063,1611661331,GSV,1642767,Janelle Salaun,0,1,1,8
2026,1022600063,1611661331,GSV,1642794,Juste Jocyte,0,1,1,6
2026,1022600063,1611661331,GSV,1630097,Kaila Charles,0,1,1,7
2026,1022600063,1611661331,GSV,1642822,Kaitlyn Chen,0,4,3,7
2026,1022600063,1611661331,GSV,203866,Kayla Thornton,0,0,0,7
2026,1022600063,1611661331,GSV,204329,Kiah Stokes,0,0,0,8
2026,1022600063,1611661331,GSV,1641656,Laeticia Amihere,0,2,2,7
2026,1022600063,1611661331,GSV,1643479,Ndjakalenga Mwenentanda,0,0,0,6
2026,1022600063,1611661331,GSV,203026,Tiffany Hayes,0,1,1,8
2026,1022600063,1611661331,GSV,1631007,Veronica Burton,0,4,5,7
2026,1022600063,1611661319,LVA,1628932,A'ja Wilson,0,5,4,12
2026,1022600063,1611661319,LVA,1629488,Brianna Turner,0,0,0,9
2026,1022600063,1611661319,LVA,203833,Chelsea Gray,0,6,6,12
2026,1022600063,1611661319,LVA,1630150,Chennedy Carter,0,0,0,8
2026,1022600063,1611661319,LVA,1629498,Jackie Young,0,10,9,12
2026,1022600063,1611661319,LVA,1631006,Kierstan Bell,0,2,2,9
2026,1022600063,1611661319,LVA,1631019,NaLyssa Smith,0,1,1,12
2026,1022600063,1611661319,LVA,203855,Stephanie Talbot,0,4,4,11
2026,1022600064,1611661321,DAL,1629501,Alanna Smith,0,3,3,9
2026,1022600064,1611661321,DAL,202252,Alysha Clark,0,1,1,10
2026,1022600064,1611661321,DAL,1629481,Arike Ogunbowale,0,0,0,10
2026,1022600064,1611661321,DAL,1642793,Aziaha James,0,1,1,9
2026,1022600064,1611661321,DAL,1643425,Azzi Fudd,0,0,0,10
2026,1022600064,1611661321,DAL,1629491,Jessica Shepard,0,1,1,10
2026,1022600064,1611661321,DAL,1629574,Li Yueru,0,0,0,6
2026,1022600064,1611661321,DAL,1641652,Maddy Siegrist,0,3,2,9
2026,1022600064,1611661321,DAL,203824,Odyssey Sims,0,3,4,10
2026,1022600064,1611661321,DAL,1642784,Paige Bueckers,0,6,7,8
2026,1022600064,1611661328,SEA,1643443,Awa Fam,0,2,1,10
2026,1022600064,1611661328,SEA,1643428,Flau'jae Johnson,0,1,1,10
2026,1022600064,1611661328,SEA,1631141,Jade Melbourne,0,1,1,10
2026,1022600064,1611661328,SEA,1641651,Jordan Horston,0,1,1,10
2026,1022600064,1611661328,SEA,1629478,Katie Lou Samuelson,0,2,2,8
2026,1022600064,1611661328,SEA,1628882,Lexie Brown,0,0,1,7
2026,1022600064,1611661328,SEA,1642307,Mackenzie Holmes,0,2,2,10
2026,1022600064,1611661328,SEA,1629567,Natisha Hiedeman,0,2,2,10
2026,1022600064,1611661328,SEA,203828,Stefanie Dolson,0,0,0,8
2026,1022600064,1611661328,SEA,1641660,Zia Cooke,0,0,0,9
2026,1022600065,1611661324,MIN,1642797,Anastasiia Olairi Kosu,0,0,0,11
2026,1022600065,1611661324,MIN,1643489,Antonia Delaere,0,6,6,10
2026,1022600065,1611661324,MIN,1627675,Courtney Williams,0,2,2,10
2026,1022600065,1611661324,MIN,203825,Kayla McBride,0,4,5,8
2026,1022600065,1611661324,MIN,1630471,Maya Caldwell,0,0,0,9
2026,1022600065,1611661324,MIN,203827,Natasha Howard,0,4,3,8
2026,1022600065,1611661324,MIN,1628269,Nia Coffey,0,1,2,7
2026,1022600065,1611661324,MIN,1643426,Olivia Miles,0,9,10,11
2026,1022600065,1611661324,MIN,1629479,Teaira McCowan,0,0,0,11
2026,1022600065,1611661317,PHX,203826,Alyssa Thomas,0,6,5,8
2026,1022600065,1611661317,PHX,201886,DeWanna Bonner,0,0,0,7
2026,1022600065,1611661317,PHX,1643505,Jovana Nogic,0,0,0,9
2026,1022600065,1611661317,PHX,1627674,Kahleah Copper,0,1,1,9
2026,1022600065,1611661317,PHX,1642768,Kyara Linskens,0,0,0,9
2026,1022600065,1611661317,PHX,1631118,Lexi Held,0,0,0,6
2026,1022600065,1611661317,PHX,1642777,Monique Akoa Makani,0,5,5,9
2026,1022600065,1611661317,PHX,1630442,Natasha Mack,0,1,1,9
2026,1022600065,1611661317,PHX,1643493,Noemie Brochant,0,0,0,9
2026,1022600065,1611661317,PHX,1643487,Quionche Carter,0,2,2,6
2026,1022600065,1611661317,PHX,204468,Valeriane Ayayi,0,4,4,6
2026,1022600066,1611661330,ATL,1642801,Aaliyah Nye,0,0,0,4
2026,1022600066,1611661330,ATL,1628277,Allisha Gray,0,2,2,10
2026,1022600066,1611661330,ATL,1642291,Angel Reese,0,6,5,9
2026,1022600066,1611661330,ATL,1643469,Indya Nivar,0,0,0,2
2026,1022600066,1611661330,ATL,1642302,Isobel Borlase,0,0,0,5
2026,1022600066,1611661330,ATL,1628886,Jordin Canada,0,9,10,9
2026,1022600066,1611661330,ATL,1643431,Madina Okot,0,0,0,8
2026,1022600066,1611661330,ATL,1631044,Naz Hillmon,0,3,3,9
2026,1022600066,1611661330,ATL,1631009,Rhyne Howard,0,2,2,10
2026,1022600066,1611661330,ATL,1631021,Sika Kone,0,0,0,7
2026,1022600066,1611661330,ATL,1642804,Te-Hina Paopao,0,0,0,10
2026,1022600066,1611661323,CON,1642800,Aneesah Morrow,0,2,2,8
2026,1022600066,1611661323,CON,203398,Brittney Griner,0,2,3,10
2026,1022600066,1611661323,CON,1643449,Charlisse Leger-Walker,0,4,3,9
2026,1022600066,1611661323,CON,1641649,Diamond Miller,0,1,1,10
2026,1022600066,1611661323,CON,1643429,Gianna Kneepkens,0,1,1,4
2026,1022600066,1611661323,CON,1629568,Kennedy Burke,0,0,0,8
2026,1022600066,1611661323,CON,1642303,Leila Lacan,0,5,5,9
2026,1022600066,1611661323,CON,1643448,Nell Angloma,0,0,0,7
2026,1022600066,1611661323,CON,1631135,Olivia Nelson-Ododa,0,0,0,8
2026,1022600066,1611661323,CON,1642809,Saniya Rivers,0,2,2,6
2026,1022600067,1611661329,CHI,1628922,Azura Stevens,0,3,3,8
2026,1022600067,1611661329,CHI,204322,Elizabeth Williams,0,2,3,11
2026,1022600067,1611661329,CHI,1642292,Jacy Sheldon,0,1,1,11
2026,1022600067,1611661329,CHI,1642289,Kamilla Cardoso,0,5,5,10
2026,1022600067,1611661329,CHI,204333,Natasha Cloud,0,3,3,10
2026,1022600067,1611661329,CHI,1627671,Rachel Banham,0,1,2,11
2026,1022600067,1611661329,CHI,1643458,Saylor Poffenbarger,0,0,0,6
2026,1022600067,1611661329,CHI,203400,Skylar Diggins,0,1,1,9
2026,1022600067,1611661329,CHI,1642321,Sydney Taylor,0,2,1,11
2026,1022600067,1611661322,WAS,1643644,Alicia Florez,0,3,3,8
2026,1022600067,1611661322,WAS,1643455,Angela Dugalic,0,0,1,9
2026,1022600067,1611661322,WAS,1643467,Cassandre Prosper,0,0,0,9
2026,1022600067,1611661322,WAS,1643430,Cotie McMahon,0,3,4,8
2026,1022600067,1611661322,WAS,1642781,Georgia Amoore,0,2,2,8
2026,1022600067,1611661322,WAS,1642792,Kiki Iriafen,0,2,2,9
2026,1022600067,1611661322,WAS,1643427,Lauren Betts,0,0,0,8
2026,1022600067,1611661322,WAS,1642802,Lucy Olsen,0,2,2,7
2026,1022600067,1611661322,WAS,1630446,Michaela Onyenwere,0,2,2,8
2026,1022600067,1611661322,WAS,1643450,Rori Harmon,0,1,1,1
2026,1022600067,1611661322,WAS,1631022,Shakira Austin,0,1,1,9
2026,1022600068,1611661331,GSV,1628508,Cecilia Zandalasini,0,3,3,11
2026,1022600068,1611661331,GSV,1628931,Gabby Williams,0,2,2,11
2026,1022600068,1611661331,GSV,1642767,Janelle Salaun,0,1,1,11
2026,1022600068,1611661331,GSV,1642794,Juste Jocyte,0,1,1,12
2026,1022600068,1611661331,GSV,1630097,Kaila Charles,0,1,1,10
2026,1022600068,1611661331,GSV,1642822,Kaitlyn Chen,0,2,2,10
2026,1022600068,1611661331,GSV,203866,Kayla Thornton,0,0,0,12
2026,1022600068,1611661331,GSV,204329,Kiah Stokes,0,0,1,9
2026,1022600068,1611661331,GSV,1641656,Laeticia Amihere,0,0,0,4
2026,1022600068,1611661331,GSV,1643479,Ndjakalenga Mwenentanda,0,2,1,4
2026,1022600068,1611661331,GSV,203026,Tiffany Hayes,0,4,4,11
2026,1022600068,1611661331,GSV,1631007,Veronica Burton,0,11,9,11
2026,1022600068,1611661327,PDX,1629524,Bridget Carleton,0,1,1,10
2026,1022600068,1611661327,PDX,1642304,Carla Leite,0,7,7,8
2026,1022600068,1611661327,PDX,1631083,Emily Engstler,0,1,1,10
2026,1022600068,1611661327,PDX,1643494,Frieda Buhner,0,1,1,7
2026,1022600068,1611661327,PDX,1641683,Holly Winterburn,0,1,1,6
2026,1022600068,1611661327,PDX,1628317,Karlie Samuelson,0,1,1,8
2026,1022600068,1611661327,PDX,1630143,Luisa Geiselsoder,0,0,0,11
2026,1022600068,1611661327,PDX,1629484,Megan DiLeo,0,2,2,9
2026,1022600068,1611661327,PDX,1642296,Nyadiew Puoch,0,0,0,10
2026,1022600068,1611661327,PDX,1642782,Sarah Ashlee Barker,0,3,3,10
2026,1022600068,1611661327,PDX,1643436,Serah Williams,0,0,0,11
2026,1022600068,1611661327,PDX,1643506,Teja Oblak,0,2,2,9
2026,1022600069,1611661320,LAS,1628878,Ariel Atkins,0,0,2,8
2026,1022600069,1611661320,LAS,1642287,Cameron Brink,0,3,3,8
2026,1022600069,1611661320,LAS,1643462,Chance Gray,0,1,1,8
2026,1022600069,1611661320,LAS,204324,Dearica Hamby,0,2,2,8
2026,1022600069,1611661320,LAS,204365,Erica Wheeler,0,1,1,7
2026,1022600069,1611661320,LAS,1630148,Jihyun Park,0,0,0,5
2026,1022600069,1611661320,LAS,203014,Nneka Ogwumike,0,3,2,8
2026,1022600069,1611661320,LAS,1630996,Rae Burrell,0,2,1,8
2026,1022600069,1611661320,LAS,1643444,Ta'Niya Latson,0,1,1,7
2026,1022600069,1611661319,LVA,1628932,A'ja Wilson,0,1,1,7
2026,1022600069,1611661319,LVA,1629488,Brianna Turner,0,1,1,9
2026,1022600069,1611661319,LVA,203833,Chelsea Gray,0,8,11,9
2026,1022600069,1611661319,LVA,204323,Cheyenne Parker-Tyus,0,2,2,7
2026,1022600069,1611661319,LVA,1629498,Jackie Young,0,11,9,9
2026,1022600069,1611661319,LVA,1631006,Kierstan Bell,0,0,0,9
2026,1022600069,1611661319,LVA,1631019,NaLyssa Smith,0,0,0,7
2026,1022600069,1611661319,LVA,203855,Stephanie Talbot,0,0,0,9
2026,1022600070,1611661313,NYL,204335,Betnijah Laney-Hamilton,0,2,3,10
2026,1022600070,1611661313,NYL,1627668,Breanna Stewart,0,5,4,10
2026,1022600070,1611661313,NYL,1627673,Jonquel Jones,0,3,2,10
2026,1022600070,1611661313,NYL,1630142,Leonie Fiebich,0,3,4,10
2026,1022600070,1611661313,NYL,1629546,Marine Johannes,0,1,2,10
2026,1022600070,1611661313,NYL,1631136,Pauline Astier,0,6,5,11
2026,1022600070,1611661313,NYL,203822,Rebekah Gardner,0,2,3,8
2026,1022600070,1611661313,NYL,1630149,Satou Sabally,0,0,0,9
2026,1022600070,1611661313,NYL,1629566,Xu Han,0,1,1,10
2026,1022600070,1611661332,TOR,1628279,Brittney Sykes,0,1,1,9
2026,1022600070,1611661332,TOR,1627700,Julie Allemand,0,0,2,9
2026,1022600070,1611661332,TOR,1628915,Kia Nurse,0,0,0,5
2026,1022600070,1611661332,TOR,1643445,Kiki Rice,0,3,2,9
2026,1022600070,1611661332,TOR,1643420,Laura Juskaite,0,2,2,9
2026,1022600070,1611661332,TOR,1629576,Maria Conde,0,1,1,9
2026,1022600070,1611661332,TOR,1629497,Marina Mabrey,0,4,4,9
2026,1022600070,1611661332,TOR,1631263,Nikolina Milic,0,1,1,8
2026,1022600070,1611661332,TOR,1631055,Nyara Sabally,0,3,3,9
2026,1022600070,1611661332,TOR,1643457,Teonni Key,0,1,1,7
2026,1022600070,1611661332,TOR,1643647,Tima Pouye,0,0,0,5
2026,1022600071,1611661317,PHX,203826,Alyssa Thomas,0,5,5,9
2026,1022600071,1611661317,PHX,201886,DeWanna Bonner,0,1,1,9
2026,1022600071,1611661317,PHX,1643505,Jovana Nogic,0,2,2,8
2026,1022600071,1611661317,PHX,1627674,Kahleah Copper,0,1,1,9
2026,1022600071,1611661317,PHX,1631118,Lexi Held,0,3,2,8
2026,1022600071,1611661317,PHX,1642777,Monique Akoa Makani,0,2,2,8
2026,1022600071,1611661317,PHX,1630442,Natasha Mack,0,3,2,9
2026,1022600071,1611661317,PHX,1643493,Noemie Brochant,0,1,1,9
2026,1022600071,1611661317,PHX,204468,Valeriane Ayayi,0,1,1,5
2026,1022600071,1611661328,SEA,1643443,Awa Fam,0,2,2,9
2026,1022600071,1611661328,SEA,1643428,Flau'jae Johnson,0,5,5,9
2026,1022600071,1611661328,SEA,1631141,Jade Melbourne,0,2,2,9
2026,1022600071,1611661328,SEA,1641651,Jordan Horston,0,1,1,9
2026,1022600071,1611661328,SEA,1629478,Katie Lou Samuelson,0,2,1,9
2026,1022600071,1611661328,SEA,1642307,Mackenzie Holmes,0,2,1,8
2026,1022600071,1611661328,SEA,1629567,Natisha Hiedeman,0,3,4,8
2026,1022600071,1611661328,SEA,203828,Stefanie Dolson,0,1,1,9
2026,1022600071,1611661328,SEA,1641660,Zia Cooke,0,0,0,9
2026,1022600072,1611661330,ATL,1642801,Aaliyah Nye,0,0,0,2
2026,1022600072,1611661330,ATL,1628277,Allisha Gray,0,2,2,8
2026,1022600072,1611661330,ATL,1642291,Angel Reese,0,3,3,9
2026,1022600072,1611661330,ATL,1643469,Indya Nivar,0,0,0,3
2026,1022600072,1611661330,ATL,1642302,Isobel Borlase,0,0,0,6
2026,1022600072,1611661330,ATL,1628886,Jordin Canada,0,6,7,9
2026,1022600072,1611661330,ATL,1643431,Madina Okot,0,0,0,9
2026,1022600072,1611661330,ATL,1631044,Naz Hillmon,0,1,1,9
2026,1022600072,1611661330,ATL,1631009,Rhyne Howard,0,0,0,9
2026,1022600072,1611661330,ATL,1631021,Sika Kone,0,0,0,3
2026,1022600072,1611661330,ATL,1642804,Te-Hina Paopao,0,1,1,8
2026,1022600072,1611661325,IND,1641648,Aliyah Boston,0,2,2,8
2026,1022600072,1611661325,IND,1642286,Caitlin Clark,0,8,8,8
2026,1022600072,1611661325,IND,1628909,Kelsey Mitchell,0,3,2,8
2026,1022600072,1611661325,IND,1631086,Lexie Hull,0,0,0,9
2026,1022600072,1611661325,IND,1642815,Makayla Timpson,0,0,0,8
2026,1022600072,1611661325,IND,1628881,Monique Billings,0,0,0,6
2026,1022600072,1611661325,IND,1628899,Myisha Hines-Allen,0,1,1,10
2026,1022600072,1611661325,IND,1643433,Raven Johnson,0,4,3,10
2026,1022600072,1611661325,IND,1629482,Sophie Cunningham,0,0,0,9
2026,1022600073,1611661331,GSV,1628508,Cecilia Zandalasini,0,3,3,8
2026,1022600073,1611661331,GSV,1628931,Gabby Williams,0,3,3,9
2026,1022600073,1611661331,GSV,1642767,Janelle Salaun,0,3,3,8
2026,1022600073,1611661331,GSV,1642794,Juste Jocyte,0,0,0,8
2026,1022600073,1611661331,GSV,1630097,Kaila Charles,0,0,0,7
2026,1022600073,1611661331,GSV,1642822,Kaitlyn Chen,0,6,5,7
2026,1022600073,1611661331,GSV,203866,Kayla Thornton,0,0,0,9
2026,1022600073,1611661331,GSV,204329,Kiah Stokes,0,1,1,8
2026,1022600073,1611661331,GSV,203026,Tiffany Hayes,0,3,3,9
2026,1022600073,1611661331,GSV,1631007,Veronica Burton,0,3,3,8
2026,1022600073,1611661324,MIN,1642797,Anastasiia Olairi Kosu,0,0,0,10
2026,1022600073,1611661324,MIN,1643489,Antonia Delaere,0,0,0,8
2026,1022600073,1611661324,MIN,1627675,Courtney Williams,0,2,3,9
2026,1022600073,1611661324,MIN,203825,Kayla McBride,0,2,2,9
2026,1022600073,1611661324,MIN,1630471,Maya Caldwell,0,1,1,8
2026,1022600073,1611661324,MIN,203827,Natasha Howard,0,0,0,10
2026,1022600073,1611661324,MIN,1628269,Nia Coffey,0,6,5,10
2026,1022600073,1611661324,MIN,1643426,Olivia Miles,0,5,7,10
2026,1022600073,1611661324,MIN,1629479,Teaira McCowan,0,0,0,4
2026,1022600074,1611661329,CHI,1628922,Azura Stevens,0,1,1,7
2026,1022600074,1611661329,CHI,204322,Elizabeth Williams,0,3,3,11
2026,1022600074,1611661329,CHI,1642292,Jacy Sheldon,0,1,2,10
2026,1022600074,1611661329,CHI,1642289,Kamilla Cardoso,0,2,3,9
2026,1022600074,1611661329,CHI,204333,Natasha Cloud,0,4,5,11
2026,1022600074,1611661329,CHI,1627671,Rachel Banham,0,4,3,11
2026,1022600074,1611661329,CHI,1643458,Saylor Poffenbarger,0,0,0,4
2026,1022600074,1611661329,CHI,203400,Skylar Diggins,0,3,4,10
2026,1022600074,1611661329,CHI,1642321,Sydney Taylor,0,0,0,9
2026,1022600074,1611661323,CON,1642800,Aneesah Morrow,0,3,3,9
2026,1022600074,1611661323,CON,1643437,Ashlon Jackson,0,0,0,2
2026,1022600074,1611661323,CON,203398,Brittney Griner,0,7,5,9
2026,1022600074,1611661323,CON,1643449,Charlisse Leger-Walker,0,0,1,9
2026,1022600074,1611661323,CON,1641649,Diamond Miller,0,3,3,8
2026,1022600074,1611661323,CON,1643429,Gianna Kneepkens,0,0,0,8
2026,1022600074,1611661323,CON,1642817,Hailey Van Lith,0,0,0,4
2026,1022600074,1611661323,CON,1642303,Leila Lacan,0,2,2,8
2026,1022600074,1611661323,CON,1643448,Nell Angloma,0,0,0,9
2026,1022600074,1611661323,CON,1631135,Olivia Nelson-Ododa,0,0,0,9
2026,1022600074,1611661323,CON,1643441,Raegan Beers,0,3,2,8
2026,1022600074,1611661323,CON,1642809,Saniya Rivers,0,3,3,8
2026,1022600075,1611661321,DAL,1629501,Alanna Smith,0,0,0,8
2026,1022600075,1611661321,DAL,202252,Alysha Clark,0,0,0,4
2026,1022600075,1611661321,DAL,1629481,Arike Ogunbowale,0,4,6,9
2026,1022600075,1611661321,DAL,1642793,Aziaha James,0,2,3,8
2026,1022600075,1611661321,DAL,1643425,Azzi Fudd,0,2,2,9
2026,1022600075,1611661321,DAL,1629491,Jessica Shepard,0,5,5,9
2026,1022600075,1611661321,DAL,1641652,Maddy Siegrist,0,0,0,8
2026,1022600075,1611661321,DAL,203824,Odyssey Sims,0,0,0,6
2026,1022600075,1611661321,DAL,1642784,Paige Bueckers,0,14,14,9
2026,1022600075,1611661320,LAS,1628878,Ariel Atkins,0,4,3,8
2026,1022600075,1611661320,LAS,1642287,Cameron Brink,0,0,0,9
2026,1022600075,1611661320,LAS,1643462,Chance Gray,0,0,0,5
2026,1022600075,1611661320,LAS,204324,Dearica Hamby,0,1,1,9
2026,1022600075,1611661320,LAS,204365,Erica Wheeler,0,6,6,9
2026,1022600075,1611661320,LAS,1642324,Kate Martin,0,0,0,4
2026,1022600075,1611661320,LAS,1628276,Kelsey Plum,0,6,6,7
2026,1022600075,1611661320,LAS,203014,Nneka Ogwumike,0,6,5,8
2026,1022600075,1611661320,LAS,1630996,Rae Burrell,0,4,4,8
2026,1022600076,1611661327,PDX,1629524,Bridget Carleton,0,2,2,8
2026,1022600076,1611661327,PDX,1642304,Carla Leite,0,6,4,9
2026,1022600076,1611661327,PDX,1631083,Emily Engstler,0,2,1,9
2026,1022600076,1611661327,PDX,1643494,Frieda Buhner,0,0,0,10
2026,1022600076,1611661327,PDX,1628317,Karlie Samuelson,0,1,1,9
2026,1022600076,1611661327,PDX,1630143,Luisa Geiselsoder,0,2,3,9
2026,1022600076,1611661327,PDX,1629484,Megan DiLeo,0,0,0,8
2026,1022600076,1611661327,PDX,1642296,Nyadiew Puoch,0,0,0,10
2026,1022600076,1611661327,PDX,1642782,Sarah Ashlee Barker,0,2,3,9
2026,1022600076,1611661327,PDX,1643506,Teja Oblak,0,5,4,10
2026,1022600076,1611661317,PHX,201886,DeWanna Bonner,0,4,5,10
2026,1022600076,1611661317,PHX,1643505,Jovana Nogic,0,5,6,10
2026,1022600076,1611661317,PHX,1642768,Kyara Linskens,0,0,0,6
2026,1022600076,1611661317,PHX,1631118,Lexi Held,0,2,3,10
2026,1022600076,1611661317,PHX,1643438,Marta Suarez,0,3,1,10
2026,1022600076,1611661317,PHX,1642777,Monique Akoa Makani,0,2,2,9
2026,1022600076,1611661317,PHX,1630442,Natasha Mack,0,2,2,9
2026,1022600076,1611661317,PHX,1643493,Noemie Brochant,0,2,2,9
2026,1022600076,1611661317,PHX,1643487,Quionche Carter,0,0,0,7
2026,1022600076,1611661317,PHX,204468,Valeriane Ayayi,0,0,0,6
2026,1022600078,1611661331,GSV,1628508,Cecilia Zandalasini,0,0,0,6
2026,1022600078,1611661331,GSV,1628931,Gabby Williams,0,1,1,7
2026,1022600078,1611661331,GSV,1642767,Janelle Salaun,0,2,2,8
2026,1022600078,1611661331,GSV,1630097,Kaila Charles,0,3,3,8
2026,1022600078,1611661331,GSV,1642822,Kaitlyn Chen,0,0,0,7
2026,1022600078,1611661331,GSV,203866,Kayla Thornton,0,1,1,8
2026,1022600078,1611661331,GSV,204329,Kiah Stokes,0,1,1,6
2026,1022600078,1611661331,GSV,203026,Tiffany Hayes,0,3,3,8
2026,1022600078,1611661331,GSV,1631007,Veronica Burton,0,3,3,8
2026,1022600078,1611661319,LVA,1628932,A'ja Wilson,0,3,3,9
2026,1022600078,1611661319,LVA,1629488,Brianna Turner,0,0,0,7
2026,1022600078,1611661319,LVA,203833,Chelsea Gray,0,6,6,9
2026,1022600078,1611661319,LVA,1629498,Jackie Young,0,5,5,9
2026,1022600078,1611661319,LVA,204319,Jewell Loyd,0,3,3,9
2026,1022600078,1611661319,LVA,1631006,Kierstan Bell,0,0,0,6
2026,1022600078,1611661319,LVA,1631019,NaLyssa Smith,0,1,1,9
2026,1022600078,1611661319,LVA,203855,Stephanie Talbot,0,3,4,8
2026,1022600079,1611661330,ATL,1642801,Aaliyah Nye,0,0,0,7
2026,1022600079,1611661330,ATL,1628277,Allisha Gray,0,5,5,10
2026,1022600079,1611661330,ATL,1642291,Angel Reese,0,0,0,10
2026,1022600079,1611661330,ATL,1643469,Indya Nivar,0,0,0,9
2026,1022600079,1611661330,ATL,1642302,Isobel Borlase,0,1,2,11
2026,1022600079,1611661330,ATL,1628886,Jordin Canada,0,5,5,10
2026,1022600079,1611661330,ATL,1643431,Madina Okot,0,0,0,11
2026,1022600079,1611661330,ATL,1631044,Naz Hillmon,0,1,1,10
2026,1022600079,1611661330,ATL,1631009,Rhyne Howard,0,3,3,10
2026,1022600079,1611661330,ATL,1631021,Sika Kone,0,2,2,10
2026,1022600079,1611661330,ATL,1642804,Te-Hina Paopao,0,2,3,10
2026,1022600079,1611661322,WAS,1643644,Alicia Florez,0,0,0,11
2026,1022600079,1611661322,WAS,1643455,Angela Dugalic,0,1,1,10
2026,1022600079,1611661322,WAS,1643467,Cassandre Prosper,0,1,1,8
2026,1022600079,1611661322,WAS,1643430,Cotie McMahon,0,0,0,10
2026,1022600079,1611661322,WAS,1642781,Georgia Amoore,0,2,1,8
2026,1022600079,1611661322,WAS,1642792,Kiki Iriafen,0,3,3,9
2026,1022600079,1611661322,WAS,1643427,Lauren Betts,0,1,1,8
2026,1022600079,1611661322,WAS,1630446,Michaela Onyenwere,0,0,0,9
2026,1022600079,1611661322,WAS,1643450,Rori Harmon,0,0,0,3
2026,1022600079,1611661322,WAS,1631022,Shakira Austin,0,4,4,10
2026,1022600079,1611661322,WAS,1642785,Sonia Citron,0,7,6,11
2026,1022600080,1611661325,IND,1641648,Aliyah Boston,0,1,1,9
2026,1022600080,1611661325,IND,1642286,Caitlin Clark,0,8,9,10
2026,1022600080,1611661325,IND,1628909,Kelsey Mitchell,0,2,2,10
2026,1022600080,1611661325,IND,1631086,Lexie Hull,0,2,1,7
2026,1022600080,1611661325,IND,1642815,Makayla Timpson,0,0,0,6
2026,1022600080,1611661325,IND,1628881,Monique Billings,0,1,1,9
2026,1022600080,1611661325,IND,1628899,Myisha Hines-Allen,0,0,0,10
2026,1022600080,1611661325,IND,1643433,Raven Johnson,0,4,4,10
2026,1022600080,1611661325,IND,1629482,Sophie Cunningham,0,2,2,10
2026,1022600080,1611661313,NYL,204335,Betnijah Laney-Hamilton,0,0,0,8
2026,1022600080,1611661313,NYL,1627668,Breanna Stewart,0,2,2,9
2026,1022600080,1611661313,NYL,1627673,Jonquel Jones,0,3,4,7
2026,1022600080,1611661313,NYL,1630142,Leonie Fiebich,0,2,2,9
2026,1022600080,1611661313,NYL,1630469,Marine Fauthoux,0,0,0,5
2026,1022600080,1611661313,NYL,1629546,Marine Johannes,0,0,0,8
2026,1022600080,1611661313,NYL,1631136,Pauline Astier,0,5,3,8
2026,1022600080,1611661313,NYL,203822,Rebekah Gardner,0,0,1,8
2026,1022600080,1611661313,NYL,1630149,Satou Sabally,0,1,1,9
2026,1022600080,1611661313,NYL,1629566,Xu Han,0,1,1,8
2026,1022600081,1611661329,CHI,1628922,Azura Stevens,0,0,0,9
2026,1022600081,1611661329,CHI,204322,Elizabeth Williams,0,2,2,10
2026,1022600081,1611661329,CHI,1643447,Gabriela Jaquez,0,1,1,9
2026,1022600081,1611661329,CHI,1642292,Jacy Sheldon,0,2,2,10
2026,1022600081,1611661329,CHI,1642289,Kamilla Cardoso,0,2,2,8
2026,1022600081,1611661329,CHI,204333,Natasha Cloud,0,3,3,10
2026,1022600081,1611661329,CHI,1627671,Rachel Banham,0,1,1,10
2026,1022600081,1611661329,CHI,1643458,Saylor Poffenbarger,0,1,1,7
2026,1022600081,1611661329,CHI,203400,Skylar Diggins,0,2,3,9
2026,1022600081,1611661329,CHI,1642321,Sydney Taylor,0,0,0,9
2026,1022600081,1611661332,TOR,1628279,Brittney Sykes,0,3,3,9
2026,1022600081,1611661332,TOR,204330,Isabelle Harrison,0,2,2,9
2026,1022600081,1611661332,TOR,1627700,Julie Allemand,0,3,3,10
2026,1022600081,1611661332,TOR,1628915,Kia Nurse,0,0,0,9
2026,1022600081,1611661332,TOR,1643420,Laura Juskaite,0,1,1,10
2026,1022600081,1611661332,TOR,1629576,Maria Conde,0,2,2,10
2026,1022600081,1611661332,TOR,1629497,Marina Mabrey,0,6,6,10
2026,1022600081,1611661332,TOR,1631055,Nyara Sabally,0,0,1,10
2026,1022600081,1611661332,TOR,1643457,Teonni Key,0,0,0,10
2026,1022600081,1611661332,TOR,1643647,Tima Pouye,0,1,1,5
2026,1022600082,1611661320,LAS,1628878,Ariel Atkins,0,2,2,8
2026,1022600082,1611661320,LAS,1642287,Cameron Brink,0,0,0,9
2026,1022600082,1611661320,LAS,1643462,Chance Gray,0,0,0,8
2026,1022600082,1611661320,LAS,204324,Dearica Hamby,0,0,0,10
2026,1022600082,1611661320,LAS,204365,Erica Wheeler,0,4,4,9
2026,1022600082,1611661320,LAS,1642324,Kate Martin,0,2,1,8
2026,1022600082,1611661320,LAS,1628276,Kelsey Plum,0,8,7,10
2026,1022600082,1611661320,LAS,203014,Nneka Ogwumike,0,3,2,10
2026,1022600082,1611661320,LAS,1630996,Rae Burrell,0,1,1,10
2026,1022600082,1611661327,PDX,1629524,Bridget Carleton,0,1,2,9
2026,1022600082,1611661327,PDX,1642304,Carla Leite,0,4,4,9
2026,1022600082,1611661327,PDX,1631083,Emily Engstler,0,0,0,9
2026,1022600082,1611661327,PDX,1643494,Frieda Buhner,0,1,1,9
2026,1022600082,1611661327,PDX,1628317,Karlie Samuelson,0,0,0,8
2026,1022600082,1611661327,PDX,1630143,Luisa Geiselsoder,0,0,0,7
2026,1022600082,1611661327,PDX,1629484,Megan DiLeo,0,0,0,9
2026,1022600082,1611661327,PDX,1642296,Nyadiew Puoch,0,0,0,8
2026,1022600082,1611661327,PDX,1642782,Sarah Ashlee Barker,0,8,7,7
2026,1022600082,1611661327,PDX,1643506,Teja Oblak,0,6,5,9
2026,1022600083,1611661323,CON,1642290,Aaliyah Edwards,0,0,0,10
2026,1022600083,1611661323,CON,1643449,Charlisse Leger-Walker,0,2,2,10
2026,1022600083,1611661323,CON,1641649,Diamond Miller,0,1,2,9
2026,1022600083,1611661323,CON,1643429,Gianna Kneepkens,0,5,4,10
2026,1022600083,1611661323,CON,1629568,Kennedy Burke,0,0,0,10
2026,1022600083,1611661323,CON,1642303,Leila Lacan,0,6,7,9
2026,1022600083,1611661323,CON,1643448,Nell Angloma,0,3,2,10
2026,1022600083,1611661323,CON,1631135,Olivia Nelson-Ododa,0,1,1,10
2026,1022600083,1611661323,CON,1643441,Raegan Beers,0,0,0,9
2026,1022600083,1611661323,CON,1642809,Saniya Rivers,0,3,3,10
2026,1022600083,1611661313,NYL,204335,Betnijah Laney-Hamilton,0,0,0,10
2026,1022600083,1611661313,NYL,1627668,Breanna Stewart,0,2,3,10
2026,1022600083,1611661313,NYL,1630142,Leonie Fiebich,0,2,1,10
2026,1022600083,1611661313,NYL,1630469,Marine Fauthoux,0,0,1,7
2026,1022600083,1611661313,NYL,1629546,Marine Johannes,0,2,3,10
2026,1022600083,1611661313,NYL,1631136,Pauline Astier,0,4,4,10
2026,1022600083,1611661313,NYL,1630384,Raquel Carrera,0,1,1,9
2026,1022600083,1611661313,NYL,203822,Rebekah Gardner,0,0,0,7
2026,1022600083,1611661313,NYL,1630149,Satou Sabally,0,3,2,9
2026,1022600083,1611661313,NYL,1629566,Xu Han,0,3,2,9
2026,1022600084,1611661325,IND,1641648,Aliyah Boston,0,2,3,10
2026,1022600084,1611661325,IND,1642286,Caitlin Clark,0,4,5,10
2026,1022600084,1611661325,IND,203024,Damiris Dantas,0,0,0,9
2026,1022600084,1611661325,IND,1628909,Kelsey Mitchell,0,3,3,10
2026,1022600084,1611661325,IND,1631086,Lexie Hull,0,0,0,10
2026,1022600084,1611661325,IND,1642815,Makayla Timpson,0,1,1,5
2026,1022600084,1611661325,IND,1628881,Monique Billings,0,0,0,10
2026,1022600084,1611661325,IND,1628899,Myisha Hines-Allen,0,2,1,9
2026,1022600084,1611661325,IND,1643433,Raven Johnson,0,0,0,6
2026,1022600084,1611661325,IND,1629482,Sophie Cunningham,0,2,3,10
2026,1022600084,1611661325,IND,1630112,Tyasha Harris,0,2,3,8
2026,1022600084,1611661322,WAS,1643644,Alicia Florez,0,1,1,7
2026,1022600084,1611661322,WAS,1643455,Angela Dugalic,0,1,1,11
2026,1022600084,1611661322,WAS,1643467,Cassandre Prosper,0,0,0,8
2026,1022600084,1611661322,WAS,1643430,Cotie McMahon,0,2,3,11
2026,1022600084,1611661322,WAS,1642781,Georgia Amoore,0,5,4,10
2026,1022600084,1611661322,WAS,1642792,Kiki Iriafen,0,1,1,8
2026,1022600084,1611661322,WAS,1643427,Lauren Betts,0,2,1,7
2026,1022600084,1611661322,WAS,1630446,Michaela Onyenwere,0,1,1,9
2026,1022600084,1611661322,WAS,1631022,Shakira Austin,0,4,4,11
2026,1022600084,1611661322,WAS,1642785,Sonia Citron,0,6,5,11
2026,1022600085,1611661319,LVA,1628932,A'ja Wilson,0,11,9,10
2026,1022600085,1611661319,LVA,1629488,Brianna Turner,0,0,0,7
2026,1022600085,1611661319,LVA,203833,Chelsea Gray,0,6,8,10
2026,1022600085,1611661319,LVA,204323,Cheyenne Parker-Tyus,0,1,1,9
2026,1022600085,1611661319,LVA,1629498,Jackie Young,0,7,6,10
2026,1022600085,1611661319,LVA,204319,Jewell Loyd,0,0,0,10
2026,1022600085,1611661319,LVA,1631006,Kierstan Bell,0,0,0,8
2026,1022600085,1611661319,LVA,1631019,NaLyssa Smith,0,1,0,10
2026,1022600085,1611661319,LVA,203855,Stephanie Talbot,0,3,3,9
2026,1022600085,1611661328,SEA,1643443,Awa Fam,0,1,1,8
2026,1022600085,1611661328,SEA,1642798,Dominique Malonga,0,0,0,9
2026,1022600085,1611661328,SEA,1643428,Flau'jae Johnson,0,7,7,8
2026,1022600085,1611661328,SEA,1631141,Jade Melbourne,0,6,5,9
2026,1022600085,1611661328,SEA,1641651,Jordan Horston,0,1,1,8
2026,1022600085,1611661328,SEA,1629478,Katie Lou Samuelson,0,0,0,8
2026,1022600085,1611661328,SEA,1642307,Mackenzie Holmes,0,0,0,9
2026,1022600085,1611661328,SEA,1629567,Natisha Hiedeman,0,4,5,8
2026,1022600085,1611661328,SEA,203828,Stefanie Dolson,0,2,2,8
2026,1022600085,1611661328,SEA,1641660,Zia Cooke,0,1,1,9
2026,1022600086,1611661330,ATL,1642801,Aaliyah Nye,0,0,0,4
2026,1022600086,1611661330,ATL,1628277,Allisha Gray,0,1,1,8
2026,1022600086,1611661330,ATL,1642291,Angel Reese,0,4,4,9
2026,1022600086,1611661330,ATL,1643469,Indya Nivar,0,0,0,2
2026,1022600086,1611661330,ATL,1642302,Isobel Borlase,0,0,0,9
2026,1022600086,1611661330,ATL,1628886,Jordin Canada,0,6,6,9
2026,1022600086,1611661330,ATL,1643431,Madina Okot,0,0,0,5
2026,1022600086,1611661330,ATL,1631044,Naz Hillmon,0,1,1,8
2026,1022600086,1611661330,ATL,1631009,Rhyne Howard,0,7,5,8
2026,1022600086,1611661330,ATL,1631021,Sika Kone,0,0,0,1
2026,1022600086,1611661330,ATL,1642804,Te-Hina Paopao,0,1,1,7
2026,1022600086,1611661329,CHI,1628922,Azura Stevens,0,0,0,7
2026,1022600086,1611661329,CHI,204322,Elizabeth Williams,0,2,2,9
2026,1022600086,1611661329,CHI,1643447,Gabriela Jaquez,0,0,0,7
2026,1022600086,1611661329,CHI,1642292,Jacy Sheldon,0,3,3,8
2026,1022600086,1611661329,CHI,1642289,Kamilla Cardoso,0,6,5,8
2026,1022600086,1611661329,CHI,204333,Natasha Cloud,0,4,4,7
2026,1022600086,1611661329,CHI,1627671,Rachel Banham,0,0,0,8
2026,1022600086,1611661329,CHI,203400,Skylar Diggins,0,3,3,7
2026,1022600086,1611661329,CHI,1642321,Sydney Taylor,0,0,0,7
2026,1022600087,1611661321,DAL,1629501,Alanna Smith,0,1,1,7
2026,1022600087,1611661321,DAL,202252,Alysha Clark,0,0,0,9
2026,1022600087,1611661321,DAL,1629481,Arike Ogunbowale,0,5,6,7
2026,1022600087,1611661321,DAL,1642793,Aziaha James,0,0,0,9
2026,1022600087,1611661321,DAL,1643425,Azzi Fudd,0,0,0,8
2026,1022600087,1611661321,DAL,1643424,Costanza Verona,0,1,2,6
2026,1022600087,1611661321,DAL,1642808,JJ Quinerly,0,2,2,8
2026,1022600087,1611661321,DAL,1629491,Jessica Shepard,0,5,4,8
2026,1022600087,1611661321,DAL,1629574,Li Yueru,0,0,0,5
2026,1022600087,1611661321,DAL,1641652,Maddy Siegrist,0,2,2,6
2026,1022600087,1611661321,DAL,1642784,Paige Bueckers,0,2,2,8
2026,1022600087,1611661324,MIN,1642797,Anastasiia Olairi Kosu,0,2,2,11
2026,1022600087,1611661324,MIN,1643489,Antonia Delaere,0,3,2,10
2026,1022600087,1611661324,MIN,1627675,Courtney Williams,0,2,2,11
2026,1022600087,1611661324,MIN,203825,Kayla McBride,0,5,4,11
2026,1022600087,1611661324,MIN,1630471,Maya Caldwell,0,0,0,10
2026,1022600087,1611661324,MIN,203827,Natasha Howard,0,4,4,9
2026,1022600087,1611661324,MIN,1628269,Nia Coffey,0,1,1,9
2026,1022600087,1611661324,MIN,1643426,Olivia Miles,0,5,6,10
2026,1022600087,1611661324,MIN,1629479,Teaira McCowan,0,0,0,6
2026,1022600088,1611661331,GSV,1628508,Cecilia Zandalasini,0,1,1,8
2026,1022600088,1611661331,GSV,1628931,Gabby Williams,0,1,1,8
2026,1022600088,1611661331,GSV,1642767,Janelle Salaun,0,0,0,9
2026,1022600088,1611661331,GSV,1630097,Kaila Charles,0,0,0,8
2026,1022600088,1611661331,GSV,1642822,Kaitlyn Chen,0,0,0,2
2026,1022600088,1611661331,GSV,203866,Kayla Thornton,0,2,2,9
2026,1022600088,1611661331,GSV,204329,Kiah Stokes,0,3,3,6
2026,1022600088,1611661331,GSV,203026,Tiffany Hayes,0,3,3,9
2026,1022600088,1611661331,GSV,1631007,Veronica Burton,0,8,8,8
2026,1022600088,1611661317,PHX,203826,Alyssa Thomas,0,9,9,8
2026,1022600088,1611661317,PHX,201886,DeWanna Bonner,0,0,0,8
2026,1022600088,1611661317,PHX,1643505,Jovana Nogic,0,1,1,9
2026,1022600088,1611661317,PHX,1627674,Kahleah Copper,0,2,1,8
2026,1022600088,1611661317,PHX,1631118,Lexi Held,0,1,2,8
2026,1022600088,1611661317,PHX,1642777,Monique Akoa Makani,0,3,3,8
2026,1022600088,1611661317,PHX,1630442,Natasha Mack,0,1,1,8
2026,1022600088,1611661317,PHX,1643493,Noemie Brochant,0,4,6,8
2026,1022600088,1611661317,PHX,1643487,Quionche Carter,0,0,0,3
2026,1022600089,1611661323,CON,1642290,Aaliyah Edwards,0,0,0,9
2026,1022600089,1611661323,CON,1643449,Charlisse Leger-Walker,0,0,1,8
2026,1022600089,1611661323,CON,1641649,Diamond Miller,0,1,1,8
2026,1022600089,1611661323,CON,1643429,Gianna Kneepkens,0,0,0,1
2026,1022600089,1611661323,CON,1629568,Kennedy Burke,0,2,2,8
2026,1022600089,1611661323,CON,1642303,Leila Lacan,0,7,7,9
2026,1022600089,1611661323,CON,1643448,Nell Angloma,0,1,1,9
2026,1022600089,1611661323,CON,1631135,Olivia Nelson-Ododa,0,1,1,9
2026,1022600089,1611661323,CON,1643441,Raegan Beers,0,1,1,8
2026,1022600089,1611661323,CON,1642809,Saniya Rivers,0,7,7,8
2026,1022600089,1611661332,TOR,1628279,Brittney Sykes,0,0,1,10
2026,1022600089,1611661332,TOR,204330,Isabelle Harrison,0,2,2,8
2026,1022600089,1611661332,TOR,1627700,Julie Allemand,0,3,4,8
2026,1022600089,1611661332,TOR,1628915,Kia Nurse,0,0,0,4
2026,1022600089,1611661332,TOR,1643420,Laura Juskaite,0,2,2,9
2026,1022600089,1611661332,TOR,1629576,Maria Conde,0,2,2,7
2026,1022600089,1611661332,TOR,1629497,Marina Mabrey,0,2,1,9
2026,1022600089,1611661332,TOR,1631055,Nyara Sabally,0,4,3,9
2026,1022600089,1611661332,TOR,1643457,Teonni Key,0,1,1,8
2026,1022600089,1611661332,TOR,1643647,Tima Pouye,0,3,2,7
2026,1022600090,1611661320,LAS,1628878,Ariel Atkins,0,2,3,9
2026,1022600090,1611661320,LAS,1642287,Cameron Brink,0,1,1,10
2026,1022600090,1611661320,LAS,1643462,Chance Gray,0,2,2,6
2026,1022600090,1611661320,LAS,204324,Dearica Hamby,0,0,0,10
2026,1022600090,1611661320,LAS,204365,Erica Wheeler,0,1,1,8
2026,1022600090,1611661320,LAS,1630148,Jihyun Park,0,0,0,4
2026,1022600090,1611661320,LAS,1628276,Kelsey Plum,0,13,11,10
2026,1022600090,1611661320,LAS,203014,Nneka Ogwumike,0,3,1,10
2026,1022600090,1611661320,LAS,1630996,Rae Burrell,0,1,1,10
2026,1022600090,1611661328,SEA,1643443,Awa Fam,0,4,4,7
2026,1022600090,1611661328,SEA,1642798,Dominique Malonga,0,2,2,8
2026,1022600090,1611661328,SEA,1643428,Flau'jae Johnson,0,7,6,8
2026,1022600090,1611661328,SEA,1631141,Jade Melbourne,0,3,3,9
2026,1022600090,1611661328,SEA,1641651,Jordan Horston,0,4,4,8
2026,1022600090,1611661328,SEA,1629478,Katie Lou Samuelson,0,0,0,7
2026,1022600090,1611661328,SEA,1642307,Mackenzie Holmes,0,0,0,7
2026,1022600090,1611661328,SEA,1629567,Natisha Hiedeman,0,6,5,8
2026,1022600090,1611661328,SEA,203828,Stefanie Dolson,0,2,2,8
2026,1022600090,1611661328,SEA,1641660,Zia Cooke,0,0,0,8
2026,1022600091,1611661329,CHI,1642786,Aicha Coulibaly,0,1,1,10
2026,1022600091,1611661329,CHI,1628922,Azura Stevens,0,5,6,8
2026,1022600091,1611661329,CHI,204322,Elizabeth Williams,0,1,1,9
2026,1022600091,1611661329,CHI,1643447,Gabriela Jaquez,0,0,1,9
2026,1022600091,1611661329,CHI,1642292,Jacy Sheldon,0,3,4,8
2026,1022600091,1611661329,CHI,1642289,Kamilla Cardoso,0,2,1,9
2026,1022600091,1611661329,CHI,204333,Natasha Cloud,0,4,5,10
2026,1022600091,1611661329,CHI,1627671,Rachel Banham,0,0,0,5
2026,1022600091,1611661329,CHI,203400,Skylar Diggins,0,1,1,10
2026,1022600091,1611661329,CHI,1642321,Sydney Taylor,0,2,2,10
2026,1022600091,1611661325,IND,1641648,Aliyah Boston,0,4,3,9
2026,1022600091,1611661325,IND,1642286,Caitlin Clark,0,12,10,10
2026,1022600091,1611661325,IND,203024,Damiris Dantas,0,0,0,5
2026,1022600091,1611661325,IND,1628909,Kelsey Mitchell,0,3,3,9
2026,1022600091,1611661325,IND,1631086,Lexie Hull,0,0,1,9
2026,1022600091,1611661325,IND,1642815,Makayla Timpson,0,0,0,8
2026,1022600091,1611661325,IND,1628881,Monique Billings,0,1,1,8
2026,1022600091,1611661325,IND,1628899,Myisha Hines-Allen,0,3,3,9
2026,1022600091,1611661325,IND,1643433,Raven Johnson,0,0,0,8
2026,1022600091,1611661325,IND,1630112,Tyasha Harris,0,1,1,9
2026,1022600092,1611661330,ATL,1642801,Aaliyah Nye,0,1,1,5
2026,1022600092,1611661330,ATL,1628277,Allisha Gray,0,2,2,11
2026,1022600092,1611661330,ATL,1642291,Angel Reese,0,3,3,11
2026,1022600092,1611661330,ATL,1643469,Indya Nivar,0,0,0,4
2026,1022600092,1611661330,ATL,1642302,Isobel Borlase,0,0,0,11
2026,1022600092,1611661330,ATL,1628886,Jordin Canada,0,7,7,10
2026,1022600092,1611661330,ATL,1643431,Madina Okot,0,1,1,8
2026,1022600092,1611661330,ATL,1631044,Naz Hillmon,0,3,3,10
2026,1022600092,1611661330,ATL,1631009,Rhyne Howard,0,3,3,10
2026,1022600092,1611661330,ATL,1631021,Sika Kone,0,0,0,5
2026,1022600092,1611661330,ATL,1642804,Te-Hina Paopao,0,2,2,11
2026,1022600092,1611661313,NYL,204335,Betnijah Laney-Hamilton,0,3,3,10
2026,1022600092,1611661313,NYL,1627668,Breanna Stewart,0,4,5,8
2026,1022600092,1611661313,NYL,1627673,Jonquel Jones,0,7,5,9
2026,1022600092,1611661313,NYL,1630142,Leonie Fiebich,0,1,1,9
2026,1022600092,1611661313,NYL,1630469,Marine Fauthoux,0,1,1,5
2026,1022600092,1611661313,NYL,1629546,Marine Johannes,0,0,0,7
2026,1022600092,1611661313,NYL,1631136,Pauline Astier,0,4,5,10
2026,1022600092,1611661313,NYL,1630384,Raquel Carrera,0,0,0,7
2026,1022600092,1611661313,NYL,203822,Rebekah Gardner,0,3,2,8
2026,1022600092,1611661313,NYL,1630149,Satou Sabally,0,0,0,7
2026,1022600092,1611661313,NYL,1629566,Xu Han,0,2,2,8
2026,1022600093,1611661321,DAL,1629501,Alanna Smith,0,2,1,9
2026,1022600093,1611661321,DAL,202252,Alysha Clark,0,1,1,6
2026,1022600093,1611661321,DAL,1629481,Arike Ogunbowale,0,2,1,8
2026,1022600093,1611661321,DAL,1630386,Awak Kuier,0,1,1,9
2026,1022600093,1611661321,DAL,1642793,Aziaha James,0,3,4,8
2026,1022600093,1611661321,DAL,1643425,Azzi Fudd,0,4,4,8
2026,1022600093,1611661321,DAL,1642808,JJ Quinerly,0,0,0,4
2026,1022600093,1611661321,DAL,1629491,Jessica Shepard,0,8,7,8
2026,1022600093,1611661321,DAL,1629574,Li Yueru,0,0,0,6
2026,1022600093,1611661321,DAL,1641652,Maddy Siegrist,0,0,0,8
2026,1022600093,1611661321,DAL,1642784,Paige Bueckers,0,5,5,9
2026,1022600093,1611661317,PHX,203826,Alyssa Thomas,0,9,10,11
2026,1022600093,1611661317,PHX,201886,DeWanna Bonner,0,1,1,10
2026,1022600093,1611661317,PHX,1643505,Jovana Nogic,0,1,1,6
2026,1022600093,1611661317,PHX,1627674,Kahleah Copper,0,3,3,11
2026,1022600093,1611661317,PHX,1631118,Lexi Held,0,2,1,11
2026,1022600093,1611661317,PHX,1642777,Monique Akoa Makani,0,1,1,10
2026,1022600093,1611661317,PHX,1630442,Natasha Mack,0,2,2,8
2026,1022600093,1611661317,PHX,1643493,Noemie Brochant,0,1,1,10
2026,1022600093,1611661317,PHX,1643487,Quionche Carter,0,1,1,6
2026,1022600094,1611661319,LVA,1628932,A'ja Wilson,0,4,4,11
2026,1022600094,1611661319,LVA,1629488,Brianna Turner,0,0,0,4
2026,1022600094,1611661319,LVA,203833,Chelsea Gray,0,3,3,11
2026,1022600094,1611661319,LVA,1630150,Chennedy Carter,0,0,0,9
2026,1022600094,1611661319,LVA,204323,Cheyenne Parker-Tyus,0,0,0,9
2026,1022600094,1611661319,LVA,1629498,Jackie Young,0,11,10,11
2026,1022600094,1611661319,LVA,204319,Jewell Loyd,0,2,2,11
2026,1022600094,1611661319,LVA,1631019,NaLyssa Smith,0,3,3,11
2026,1022600094,1611661319,LVA,203855,Stephanie Talbot,0,3,3,10
2026,1022600094,1611661327,PDX,1629524,Bridget Carleton,0,0,0,9
2026,1022600094,1611661327,PDX,1642304,Carla Leite,0,7,8,8
2026,1022600094,1611661327,PDX,1631083,Emily Engstler,0,0,0,8
2026,1022600094,1611661327,PDX,1643494,Frieda Buhner,0,0,0,6
2026,1022600094,1611661327,PDX,1628317,Karlie Samuelson,0,1,2,8
2026,1022600094,1611661327,PDX,1630143,Luisa Geiselsoder,0,0,0,8
2026,1022600094,1611661327,PDX,1629484,Megan DiLeo,0,1,0,8
2026,1022600094,1611661327,PDX,1642296,Nyadiew Puoch,0,0,1,5
2026,1022600094,1611661327,PDX,1642782,Sarah Ashlee Barker,0,5,4,8
2026,1022600094,1611661327,PDX,1643436,Serah Williams,0,1,1,7
2026,1022600094,1611661327,PDX,1643506,Teja Oblak,0,5,6,8
2026,1022600095,1611661332,TOR,1628279,Brittney Sykes,0,3,3,9
2026,1022600095,1611661332,TOR,204330,Isabelle Harrison,0,3,3,9
2026,1022600095,1611661332,TOR,1627700,Julie Allemand,0,3,3,9
2026,1022600095,1611661332,TOR,1628915,Kia Nurse,0,0,1,5
2026,1022600095,1611661332,TOR,1643420,Laura Juskaite,0,0,0,8
2026,1022600095,1611661332,TOR,1629576,Maria Conde,0,4,4,8
2026,1022600095,1611661332,TOR,1629497,Marina Mabrey,0,3,3,9
2026,1022600095,1611661332,TOR,1627701,Temi Fagbenle,0,1,1,6
2026,1022600095,1611661332,TOR,1643457,Teonni Key,0,2,2,9
2026,1022600095,1611661332,TOR,1643647,Tima Pouye,0,3,3,8
2026,1022600095,1611661322,WAS,1643644,Alicia Florez,0,4,4,10
2026,1022600095,1611661322,WAS,1643455,Angela Dugalic,0,0,0,8
2026,1022600095,1611661322,WAS,1643467,Cassandre Prosper,0,0,0,4
2026,1022600095,1611661322,WAS,1643430,Cotie McMahon,0,3,3,10
2026,1022600095,1611661322,WAS,1642781,Georgia Amoore,0,6,7,8
2026,1022600095,1611661322,WAS,1643427,Lauren Betts,0,1,1,9
2026,1022600095,1611661322,WAS,1630446,Michaela Onyenwere,0,1,1,10
2026,1022600095,1611661322,WAS,1631022,Shakira Austin,0,3,3,9
2026,1022600095,1611661322,WAS,1642785,Sonia Citron,0,4,3,8
2026,1022600096,1611661331,GSV,1628508,Cecilia Zandalasini,0,0,0,8
2026,1022600096,1611661331,GSV,1628931,Gabby Williams,0,3,4,9
2026,1022600096,1611661331,GSV,1642767,Janelle Salaun,0,1,1,10
2026,1022600096,1611661331,GSV,1630097,Kaila Charles,0,0,0,8
2026,1022600096,1611661331,GSV,1642822,Kaitlyn Chen,0,0,0,9
2026,1022600096,1611661331,GSV,203866,Kayla Thornton,0,1,1,9
2026,1022600096,1611661331,GSV,204329,Kiah Stokes,0,1,1,9
2026,1022600096,1611661331,GSV,203026,Tiffany Hayes,0,3,3,10
2026,1022600096,1611661331,GSV,1631007,Veronica Burton,0,6,8,7
2026,1022600096,1611661328,SEA,1643443,Awa Fam,0,1,1,9
2026,1022600096,1611661328,SEA,1642798,Dominique Malonga,0,2,2,9
2026,1022600096,1611661328,SEA,1643428,Flau'jae Johnson,0,1,1,9
2026,1022600096,1611661328,SEA,1631141,Jade Melbourne,0,2,2,9
2026,1022600096,1611661328,SEA,1641651,Jordan Horston,0,5,5,8
2026,1022600096,1611661328,SEA,1629478,Katie Lou Samuelson,0,0,0,9
2026,1022600096,1611661328,SEA,1642307,Mackenzie Holmes,0,1,1,5
2026,1022600096,1611661328,SEA,1629567,Natisha Hiedeman,0,5,5,9
2026,1022600096,1611661328,SEA,203828,Stefanie Dolson,0,0,0,7
2026,1022600096,1611661328,SEA,1641660,Zia Cooke,0,0,0,5
2026,1022600097,1611661323,CON,1642290,Aaliyah Edwards,0,1,1,6
2026,1022600097,1611661323,CON,1642800,Aneesah Morrow,0,2,2,10
2026,1022600097,1611661323,CON,203398,Brittney Griner,0,4,4,9
2026,1022600097,1611661323,CON,1643449,Charlisse Leger-Walker,0,5,4,9
2026,1022600097,1611661323,CON,1641649,Diamond Miller,0,1,1,9
2026,1022600097,1611661323,CON,1629568,Kennedy Burke,0,0,0,9
2026,1022600097,1611661323,CON,1642303,Leila Lacan,0,7,7,9
2026,1022600097,1611661323,CON,1643448,Nell Angloma,0,0,0,6
2026,1022600097,1611661323,CON,1631135,Olivia Nelson-Ododa,0,1,1,9
2026,1022600097,1611661323,CON,1643441,Raegan Beers,0,0,0,3
2026,1022600097,1611661323,CON,1642809,Saniya Rivers,0,4,4,8
2026,1022600097,1611661325,IND,1641648,Aliyah Boston,0,6,5,11
2026,1022600097,1611661325,IND,1642286,Caitlin Clark,0,3,5,11
2026,1022600097,1611661325,IND,1628909,Kelsey Mitchell,0,5,5,10
2026,1022600097,1611661325,IND,1631086,Lexie Hull,0,3,2,10
2026,1022600097,1611661325,IND,1642815,Makayla Timpson,0,0,0,8
2026,1022600097,1611661325,IND,1628881,Monique Billings,0,1,2,10
2026,1022600097,1611661325,IND,1628899,Myisha Hines-Allen,0,0,0,4
2026,1022600097,1611661325,IND,1643433,Raven Johnson,0,0,0,6
2026,1022600097,1611661325,IND,1629482,Sophie Cunningham,0,0,0,8
2026,1022600097,1611661325,IND,1630112,Tyasha Harris,0,0,0,5
2026,1022600098,1611661319,LVA,1628932,A'ja Wilson,0,1,1,9
2026,1022600098,1611661319,LVA,1629488,Brianna Turner,0,0,0,3
2026,1022600098,1611661319,LVA,203833,Chelsea Gray,0,5,7,9
2026,1022600098,1611661319,LVA,1630150,Chennedy Carter,0,1,1,10
2026,1022600098,1611661319,LVA,204323,Cheyenne Parker-Tyus,0,1,1,10
2026,1022600098,1611661319,LVA,1629498,Jackie Young,0,10,10,9
2026,1022600098,1611661319,LVA,204319,Jewell Loyd,0,3,3,10
2026,1022600098,1611661319,LVA,1631006,Kierstan Bell,0,0,0,4
2026,1022600098,1611661319,LVA,1631019,NaLyssa Smith,0,1,0,10
2026,1022600098,1611661319,LVA,203855,Stephanie Talbot,0,1,1,9
2026,1022600098,1611661324,MIN,1642797,Anastasiia Olairi Kosu,0,0,0,8
2026,1022600098,1611661324,MIN,1643489,Antonia Delaere,0,2,2,8
2026,1022600098,1611661324,MIN,1627675,Courtney Williams,0,3,4,9
2026,1022600098,1611661324,MIN,203825,Kayla McBride,0,4,5,8
2026,1022600098,1611661324,MIN,1642820,Liatu King,0,0,0,9
2026,1022600098,1611661324,MIN,1630471,Maya Caldwell,0,0,0,5
2026,1022600098,1611661324,MIN,203827,Natasha Howard,0,2,2,9
2026,1022600098,1611661324,MIN,1628269,Nia Coffey,0,2,2,9
2026,1022600098,1611661324,MIN,1643426,Olivia Miles,0,2,1,9
2026,1022600098,1611661324,MIN,1629479,Teaira McCowan,0,0,0,3
2026,1022600099,1611661321,DAL,1629501,Alanna Smith,0,0,0,9
2026,1022600099,1611661321,DAL,202252,Alysha Clark,0,1,2,10
2026,1022600099,1611661321,DAL,1629481,Arike Ogunbowale,0,2,2,10
2026,1022600099,1611661321,DAL,1630386,Awak Kuier,0,2,3,10
2026,1022600099,1611661321,DAL,1642793,Aziaha James,0,5,4,10
2026,1022600099,1611661321,DAL,1643425,Azzi Fudd,0,2,3,10
2026,1022600099,1611661321,DAL,1629491,Jessica Shepard,0,1,2,10
2026,1022600099,1611661321,DAL,1641652,Maddy Siegrist,0,3,2,10
2026,1022600099,1611661327,PDX,1629524,Bridget Carleton,0,1,1,8
2026,1022600099,1611661327,PDX,1642304,Carla Leite,0,9,8,8
2026,1022600099,1611661327,PDX,1631083,Emily Engstler,0,1,2,8
2026,1022600099,1611661327,PDX,1643494,Frieda Buhner,0,0,0,8
2026,1022600099,1611661327,PDX,1628317,Karlie Samuelson,0,2,3,7
2026,1022600099,1611661327,PDX,1630143,Luisa Geiselsoder,0,3,3,7
2026,1022600099,1611661327,PDX,1629484,Megan DiLeo,0,3,4,8
2026,1022600099,1611661327,PDX,1642782,Sarah Ashlee Barker,0,3,3,8
2026,1022600099,1611661327,PDX,1643436,Serah Williams,0,0,0,7
2026,1022600099,1611661327,PDX,1643506,Teja Oblak,0,3,2,7
2026,1022600100,1611661320,LAS,1628878,Ariel Atkins,0,3,3,9
2026,1022600100,1611661320,LAS,1642287,Cameron Brink,0,2,2,8
2026,1022600100,1611661320,LAS,1643462,Chance Gray,0,0,0,8
2026,1022600100,1611661320,LAS,204324,Dearica Hamby,0,0,0,9
2026,1022600100,1611661320,LAS,204365,Erica Wheeler,0,5,5,9
2026,1022600100,1611661320,LAS,1630148,Jihyun Park,0,0,0,4
2026,1022600100,1611661320,LAS,1642324,Kate Martin,0,0,0,4
2026,1022600100,1611661320,LAS,1628276,Kelsey Plum,0,5,7,9
2026,1022600100,1611661320,LAS,203014,Nneka Ogwumike,0,3,3,9
2026,1022600100,1611661320,LAS,1630996,Rae Burrell,0,1,1,9
2026,1022600100,1611661317,PHX,203826,Alyssa Thomas,0,14,12,10
2026,1022600100,1611661317,PHX,201886,DeWanna Bonner,0,0,0,10
2026,1022600100,1611661317,PHX,1643505,Jovana Nogic,0,0,1,8
2026,1022600100,1611661317,PHX,1627674,Kahleah Copper,0,1,1,8
2026,1022600100,1611661317,PHX,1631118,Lexi Held,0,1,2,8
2026,1022600100,1611661317,PHX,1642777,Monique Akoa Makani,0,5,5,8
2026,1022600100,1611661317,PHX,1630442,Natasha Mack,0,3,4,9
2026,1022600100,1611661317,PHX,1643493,Noemie Brochant,0,1,1,8
2026,1022600100,1611661317,PHX,1643487,Quionche Carter,0,0,0,5
2026,1022600101,1611661313,NYL,204335,Betnijah Laney-Hamilton,0,1,1,7
2026,1022600101,1611661313,NYL,1627668,Breanna Stewart,0,1,1,8
2026,1022600101,1611661313,NYL,1627673,Jonquel Jones,0,1,1,9
2026,1022600101,1611661313,NYL,1630142,Leonie Fiebich,0,2,2,9
2026,1022600101,1611661313,NYL,1629546,Marine Johannes,0,1,2,10
2026,1022600101,1611661313,NYL,1631136,Pauline Astier,0,5,6,11
2026,1022600101,1611661313,NYL,1630384,Raquel Carrera,0,0,0,2
2026,1022600101,1611661313,NYL,203822,Rebekah Gardner,0,0,0,10
2026,1022600101,1611661313,NYL,1629477,Sabrina Ionescu,0,4,3,10
2026,1022600101,1611661313,NYL,1630149,Satou Sabally,0,7,6,9
2026,1022600101,1611661313,NYL,1629566,Xu Han,0,0,0,8
2026,1022600101,1611661322,WAS,1643644,Alicia Florez,0,5,6,10
2026,1022600101,1611661322,WAS,1643455,Angela Dugalic,0,0,0,11
2026,1022600101,1611661322,WAS,1643467,Cassandre Prosper,0,0,0,8
2026,1022600101,1611661322,WAS,1643430,Cotie McMahon,0,0,0,10
2026,1022600101,1611661322,WAS,1642781,Georgia Amoore,0,2,2,9
2026,1022600101,1611661322,WAS,1643427,Lauren Betts,0,1,1,11
2026,1022600101,1611661322,WAS,1642802,Lucy Olsen,0,0,0,5
2026,1022600101,1611661322,WAS,1630446,Michaela Onyenwere,0,1,1,10
2026,1022600101,1611661322,WAS,1643450,Rori Harmon,0,1,1,3
2026,1022600101,1611661322,WAS,1631022,Shakira Austin,0,5,4,10
2026,1022600101,1611661322,WAS,1642785,Sonia Citron,0,2,2,10
2026,1022600102,1611661330,ATL,1642801,Aaliyah Nye,0,0,0,3
2026,1022600102,1611661330,ATL,1628277,Allisha Gray,0,8,7,10
2026,1022600102,1611661330,ATL,1642291,Angel Reese,0,2,1,8
2026,1022600102,1611661330,ATL,1643469,Indya Nivar,0,0,1,2
2026,1022600102,1611661330,ATL,1642302,Isobel Borlase,0,1,1,10
2026,1022600102,1611661330,ATL,1628886,Jordin Canada,0,9,9,10
2026,1022600102,1611661330,ATL,1643431,Madina Okot,0,0,0,8
2026,1022600102,1611661330,ATL,1631044,Naz Hillmon,0,1,1,9
2026,1022600102,1611661330,ATL,1631009,Rhyne Howard,0,2,2,10
2026,1022600102,1611661330,ATL,1631021,Sika Kone,0,0,0,2
2026,1022600102,1611661330,ATL,1642804,Te-Hina Paopao,0,0,0,9
2026,1022600102,1611661332,TOR,1628279,Brittney Sykes,0,4,4,8
2026,1022600102,1611661332,TOR,204330,Isabelle Harrison,0,0,0,7
2026,1022600102,1611661332,TOR,1627700,Julie Allemand,0,5,6,8
2026,1022600102,1611661332,TOR,1628915,Kia Nurse,0,0,0,7
2026,1022600102,1611661332,TOR,1643420,Laura Juskaite,0,3,3,10
2026,1022600102,1611661332,TOR,1629576,Maria Conde,0,3,4,10
2026,1022600102,1611661332,TOR,1629497,Marina Mabrey,0,2,2,7
2026,1022600102,1611661332,TOR,1627701,Temi Fagbenle,0,3,2,9
2026,1022600102,1611661332,TOR,1643457,Teonni Key,0,2,2,5
2026,1022600102,1611661332,TOR,1643647,Tima Pouye,0,0,0,5
2026,1022600103,1611661321,DAL,1629501,Alanna Smith,0,0,0,9
2026,1022600103,1611661321,DAL,202252,Alysha Clark,0,0,0,5
2026,1022600103,1611661321,DAL,1629481,Arike Ogunbowale,0,6,7,9
2026,1022600103,1611661321,DAL,1630386,Awak Kuier,0,0,0,9
2026,1022600103,1611661321,DAL,1642793,Aziaha James,0,1,1,8
2026,1022600103,1611661321,DAL,1643425,Azzi Fudd,0,1,1,9
2026,1022600103,1611661321,DAL,1629491,Jessica Shepard,0,7,9,9
2026,1022600103,1611661321,DAL,1629574,Li Yueru,0,1,1,5
2026,1022600103,1611661321,DAL,1641652,Maddy Siegrist,0,0,0,8
2026,1022600103,1611661321,DAL,1642784,Paige Bueckers,0,7,7,9
2026,1022600103,1611661321,DAL,1630134,Sug Sutton,0,3,4,8
2026,1022600103,1611661319,LVA,1628932,A'ja Wilson,0,2,2,8
2026,1022600103,1611661319,LVA,1629488,Brianna Turner,0,0,0,9
2026,1022600103,1611661319,LVA,203833,Chelsea Gray,0,9,9,7
2026,1022600103,1611661319,LVA,204323,Cheyenne Parker-Tyus,0,3,3,11
2026,1022600103,1611661319,LVA,1629498,Jackie Young,0,5,5,9
2026,1022600103,1611661319,LVA,204319,Jewell Loyd,0,0,0,10
2026,1022600103,1611661319,LVA,1631006,Kierstan Bell,0,1,2,11
2026,1022600103,1611661319,LVA,1631019,NaLyssa Smith,0,0,0,6
2026,1022600103,1611661319,LVA,203855,Stephanie Talbot,0,3,3,10
2026,1022600104,1611661324,MIN,1642797,Anastasiia Olairi Kosu,0,3,3,11
2026,1022600104,1611661324,MIN,1643489,Antonia Delaere,0,4,7,11
2026,1022600104,1611661324,MIN,1627675,Courtney Williams,0,5,4,11
2026,1022600104,1611661324,MIN,1643490,Eliska Joklova,0,1,1,9
2026,1022600104,1611661324,MIN,203825,Kayla McBride,0,3,4,10
2026,1022600104,1611661324,MIN,1630471,Maya Caldwell,0,1,1,11
2026,1022600104,1611661324,MIN,203827,Natasha Howard,0,0,1,10
2026,1022600104,1611661324,MIN,1628269,Nia Coffey,0,4,4,9
2026,1022600104,1611661324,MIN,1643426,Olivia Miles,0,6,5,9
2026,1022600104,1611661324,MIN,1629479,Teaira McCowan,0,1,1,9
2026,1022600104,1611661327,PDX,1629524,Bridget Carleton,0,2,2,9
2026,1022600104,1611661327,PDX,1642304,Carla Leite,0,4,3,8
2026,1022600104,1611661327,PDX,1631083,Emily Engstler,0,4,3,9
2026,1022600104,1611661327,PDX,1643494,Frieda Buhner,0,1,1,10
2026,1022600104,1611661327,PDX,1641683,Holly Winterburn,0,1,2,7
2026,1022600104,1611661327,PDX,1630143,Luisa Geiselsoder,0,0,0,8
2026,1022600104,1611661327,PDX,1629484,Megan DiLeo,0,0,0,8
2026,1022600104,1611661327,PDX,1642296,Nyadiew Puoch,0,2,2,9
2026,1022600104,1611661327,PDX,1642782,Sarah Ashlee Barker,0,2,2,9
2026,1022600104,1611661327,PDX,1643436,Serah Williams,0,1,1,9
2026,1022600104,1611661327,PDX,1643506,Teja Oblak,0,6,5,10
2026,1022600105,1611661331,GSV,1628508,Cecilia Zandalasini,0,3,3,8
2026,1022600105,1611661331,GSV,1628931,Gabby Williams,0,0,1,10
2026,1022600105,1611661331,GSV,1642767,Janelle Salaun,0,2,2,9
2026,1022600105,1611661331,GSV,1642794,Juste Jocyte,0,0,0,2
2026,1022600105,1611661331,GSV,1630097,Kaila Charles,0,5,5,10
2026,1022600105,1611661331,GSV,1642822,Kaitlyn Chen,0,1,1,9
2026,1022600105,1611661331,GSV,203866,Kayla Thornton,0,1,1,9
2026,1022600105,1611661331,GSV,204329,Kiah Stokes,0,1,1,11
2026,1022600105,1611661331,GSV,1641656,Laeticia Amihere,0,0,0,2
2026,1022600105,1611661331,GSV,203026,Tiffany Hayes,0,3,2,10
2026,1022600105,1611661331,GSV,1631007,Veronica Burton,0,3,3,10
2026,1022600105,1611661320,LAS,1628878,Ariel Atkins,0,2,2,8
2026,1022600105,1611661320,LAS,1642287,Cameron Brink,0,0,0,9
2026,1022600105,1611661320,LAS,1643462,Chance Gray,0,0,0,9
2026,1022600105,1611661320,LAS,204324,Dearica Hamby,0,3,3,10
2026,1022600105,1611661320,LAS,204365,Erica Wheeler,0,4,5,9
2026,1022600105,1611661320,LAS,1630148,Jihyun Park,0,0,0,6
2026,1022600105,1611661320,LAS,1642324,Kate Martin,0,2,2,10
2026,1022600105,1611661320,LAS,1628276,Kelsey Plum,0,1,1,9
2026,1022600105,1611661320,LAS,203014,Nneka Ogwumike,0,2,2,9
2026,1022600105,1611661320,LAS,1630996,Rae Burrell,0,1,1,9
2026,1022600105,1611661320,LAS,1642790,Sania Feagin,0,0,0,3
2026,1022600105,1611661320,LAS,1643444,Ta'Niya Latson,0,0,0,6
2026,1022600106,1611661325,IND,1641648,Aliyah Boston,0,3,4,9
2026,1022600106,1611661325,IND,1642286,Caitlin Clark,0,14,14,9
2026,1022600106,1611661325,IND,203024,Damiris Dantas,0,0,0,4
2026,1022600106,1611661325,IND,1643453,Grace VanSlooten,0,0,0,4
2026,1022600106,1611661325,IND,1628909,Kelsey Mitchell,0,2,2,9
2026,1022600106,1611661325,IND,1631086,Lexie Hull,0,0,0,10
2026,1022600106,1611661325,IND,1642815,Makayla Timpson,0,0,0,10
2026,1022600106,1611661325,IND,1628881,Monique Billings,0,0,0,9
2026,1022600106,1611661325,IND,1628899,Myisha Hines-Allen,0,2,2,6
2026,1022600106,1611661325,IND,1643433,Raven Johnson,0,1,1,10
2026,1022600106,1611661325,IND,1629482,Sophie Cunningham,0,3,2,10
2026,1022600106,1611661332,TOR,1628279,Brittney Sykes,0,4,3,9
2026,1022600106,1611661332,TOR,204330,Isabelle Harrison,0,2,2,8
2026,1022600106,1611661332,TOR,1627700,Julie Allemand,0,1,1,6
2026,1022600106,1611661332,TOR,1628915,Kia Nurse,0,0,0,10
2026,1022600106,1611661332,TOR,1643420,Laura Juskaite,0,3,4,11
2026,1022600106,1611661332,TOR,1629576,Maria Conde,0,5,5,10
2026,1022600106,1611661332,TOR,1629497,Marina Mabrey,0,9,7,9
2026,1022600106,1611661332,TOR,1627701,Temi Fagbenle,0,1,1,8
2026,1022600106,1611661332,TOR,1643457,Teonni Key,0,0,0,9
2026,1022600106,1611661332,TOR,1643647,Tima Pouye,0,3,2,9
2026,1022600107,1611661323,CON,1642290,Aaliyah Edwards,0,1,1,8
2026,1022600107,1611661323,CON,1642800,Aneesah Morrow,0,2,2,8
2026,1022600107,1611661323,CON,203398,Brittney Griner,0,1,1,8
2026,1022600107,1611661323,CON,1643449,Charlisse Leger-Walker,0,4,4,8
2026,1022600107,1611661323,CON,1641649,Diamond Miller,0,0,0,5
2026,1022600107,1611661323,CON,1643429,Gianna Kneepkens,0,0,0,4
2026,1022600107,1611661323,CON,1629568,Kennedy Burke,0,0,0,8
2026,1022600107,1611661323,CON,1642303,Leila Lacan,0,5,4,8
2026,1022600107,1611661323,CON,1643448,Nell Angloma,0,1,1,7
2026,1022600107,1611661323,CON,1631135,Olivia Nelson-Ododa,0,1,1,8
2026,1022600107,1611661323,CON,1643441,Raegan Beers,0,1,1,7
2026,1022600107,1611661323,CON,1642809,Saniya Rivers,0,1,1,8
2026,1022600107,1611661322,WAS,1643455,Angela Dugalic,0,4,3,11
2026,1022600107,1611661322,WAS,1643467,Cassandre Prosper,0,0,0,10
2026,1022600107,1611661322,WAS,1643430,Cotie McMahon,0,4,4,10
2026,1022600107,1611661322,WAS,1642781,Georgia Amoore,0,2,2,11
2026,1022600107,1611661322,WAS,1643427,Lauren Betts,0,3,3,12
2026,1022600107,1611661322,WAS,1642802,Lucy Olsen,0,1,2,8
2026,1022600107,1611661322,WAS,1630446,Michaela Onyenwere,0,0,0,11
2026,1022600107,1611661322,WAS,1642785,Sonia Citron,0,4,4,11
2026,1022600108,1611661329,CHI,1642786,Aicha Coulibaly,0,1,1,7
2026,1022600108,1611661329,CHI,1628922,Azura Stevens,0,0,0,7
2026,1022600108,1611661329,CHI,204322,Elizabeth Williams,0,0,0,9
2026,1022600108,1611661329,CHI,1643447,Gabriela Jaquez,0,4,3,9
2026,1022600108,1611661329,CHI,1642292,Jacy Sheldon,0,0,1,7
2026,1022600108,1611661329,CHI,1642289,Kamilla Cardoso,0,4,4,9
2026,1022600108,1611661329,CHI,204333,Natasha Cloud,0,3,4,9
2026,1022600108,1611661329,CHI,1627671,Rachel Banham,0,0,0,6
2026,1022600108,1611661329,CHI,203400,Skylar Diggins,0,8,8,9
2026,1022600108,1611661329,CHI,1642321,Sydney Taylor,0,2,2,8
2026,1022600108,1611661313,NYL,1627668,Breanna Stewart,0,4,3,10
2026,1022600108,1611661313,NYL,1627673,Jonquel Jones,0,3,3,10
2026,1022600108,1611661313,NYL,1630142,Leonie Fiebich,0,5,3,9
2026,1022600108,1611661313,NYL,1629546,Marine Johannes,0,1,1,9
2026,1022600108,1611661313,NYL,1631136,Pauline Astier,0,5,4,10
2026,1022600108,1611661313,NYL,203822,Rebekah Gardner,0,0,1,10
2026,1022600108,1611661313,NYL,1629477,Sabrina Ionescu,0,1,1,9
2026,1022600108,1611661313,NYL,1630149,Satou Sabally,0,2,2,10
2026,1022600108,1611661313,NYL,1629566,Xu Han,0,2,2,9
2026,1022600109,1611661321,DAL,1629501,Alanna Smith,0,0,0,9
2026,1022600109,1611661321,DAL,1629481,Arike Ogunbowale,0,3,3,9
2026,1022600109,1611661321,DAL,1630386,Awak Kuier,0,1,1,8
2026,1022600109,1611661321,DAL,1642793,Aziaha James,0,0,0,8
2026,1022600109,1611661321,DAL,1643425,Azzi Fudd,0,1,1,10
2026,1022600109,1611661321,DAL,1629491,Jessica Shepard,0,3,4,10
2026,1022600109,1611661321,DAL,1641652,Maddy Siegrist,0,0,0,7
2026,1022600109,1611661321,DAL,1642784,Paige Bueckers,0,7,8,10
2026,1022600109,1611661321,DAL,1630134,Sug Sutton,0,3,2,7
2026,1022600109,1611661331,GSV,1628508,Cecilia Zandalasini,0,2,2,5
2026,1022600109,1611661331,GSV,1628931,Gabby Williams,0,4,4,8
2026,1022600109,1611661331,GSV,1642767,Janelle Salaun,0,1,1,8
2026,1022600109,1611661331,GSV,1630097,Kaila Charles,0,2,2,9
2026,1022600109,1611661331,GSV,1642822,Kaitlyn Chen,0,2,2,9
2026,1022600109,1611661331,GSV,203866,Kayla Thornton,0,1,2,7
2026,1022600109,1611661331,GSV,204329,Kiah Stokes,0,0,0,7
2026,1022600109,1611661331,GSV,1641656,Laeticia Amihere,0,1,1,6
2026,1022600109,1611661331,GSV,203026,Tiffany Hayes,0,2,1,7
2026,1022600109,1611661331,GSV,1631007,Veronica Burton,0,5,5,8
2026,1022600110,1611661320,LAS,1628878,Ariel Atkins,0,3,3,9
2026,1022600110,1611661320,LAS,1643462,Chance Gray,0,2,2,10
2026,1022600110,1611661320,LAS,204324,Dearica Hamby,0,2,2,9
2026,1022600110,1611661320,LAS,1628242,Emma Cannon,0,1,1,5
2026,1022600110,1611661320,LAS,204365,Erica Wheeler,0,5,4,9
2026,1022600110,1611661320,LAS,1630148,Jihyun Park,0,0,0,9
2026,1022600110,1611661320,LAS,1642324,Kate Martin,0,0,0,8
2026,1022600110,1611661320,LAS,203014,Nneka Ogwumike,0,1,1,9
2026,1022600110,1611661320,LAS,1630996,Rae Burrell,0,4,3,9
2026,1022600110,1611661320,LAS,1642790,Sania Feagin,0,2,2,6
2026,1022600110,1611661320,LAS,1643444,Ta'Niya Latson,0,2,2,7
2026,1022600110,1611661324,MIN,1642797,Anastasiia Olairi Kosu,0,1,1,10
2026,1022600110,1611661324,MIN,1643489,Antonia Delaere,0,1,1,11
2026,1022600110,1611661324,MIN,1627675,Courtney Williams,0,4,5,9
2026,1022600110,1611661324,MIN,1643490,Eliska Joklova,0,3,3,9
2026,1022600110,1611661324,MIN,203825,Kayla McBride,0,0,0,9
2026,1022600110,1611661324,MIN,1630471,Maya Caldwell,0,1,3,10
2026,1022600110,1611661324,MIN,203827,Natasha Howard,0,2,2,10
2026,1022600110,1611661324,MIN,1628269,Nia Coffey,0,2,2,9
2026,1022600110,1611661324,MIN,1643426,Olivia Miles,0,4,4,9
2026,1022600110,1611661324,MIN,1629479,Teaira McCowan,0,0,0,6
2026,1022600111,1611661319,LVA,1628932,A'ja Wilson,0,2,3,10
2026,1022600111,1611661319,LVA,1629488,Brianna Turner,0,0,0,8
2026,1022600111,1611661319,LVA,203833,Chelsea Gray,0,9,9,10
2026,1022600111,1611661319,LVA,204323,Cheyenne Parker-Tyus,0,0,0,4
2026,1022600111,1611661319,LVA,1629498,Jackie Young,0,9,9,10
2026,1022600111,1611661319,LVA,204319,Jewell Loyd,0,0,1,9
2026,1022600111,1611661319,LVA,1631006,Kierstan Bell,0,0,0,4
2026,1022600111,1611661319,LVA,1631019,NaLyssa Smith,0,3,2,10
2026,1022600111,1611661319,LVA,203855,Stephanie Talbot,0,0,1,9
2026,1022600111,1611661317,PHX,203826,Alyssa Thomas,0,10,11,9
2026,1022600111,1611661317,PHX,201886,DeWanna Bonner,0,1,1,9
2026,1022600111,1611661317,PHX,1643505,Jovana Nogic,0,0,0,9
2026,1022600111,1611661317,PHX,1627674,Kahleah Copper,0,4,3,8
2026,1022600111,1611661317,PHX,1642768,Kyara Linskens,0,0,0,5
2026,1022600111,1611661317,PHX,1631118,Lexi Held,0,0,0,8
2026,1022600111,1611661317,PHX,1642777,Monique Akoa Makani,0,1,1,6
2026,1022600111,1611661317,PHX,1630442,Natasha Mack,0,0,0,8
2026,1022600111,1611661317,PHX,1643493,Noemie Brochant,0,0,1,6
2026,1022600111,1611661317,PHX,204468,Valeriane Ayayi,0,1,1,9
2026,1022600112,1611661327,PDX,1629524,Bridget Carleton,0,1,1,10
2026,1022600112,1611661327,PDX,1642304,Carla Leite,0,13,10,9
2026,1022600112,1611661327,PDX,1631083,Emily Engstler,0,5,5,10
2026,1022600112,1611661327,PDX,1643494,Frieda Buhner,0,2,1,9
2026,1022600112,1611661327,PDX,1628317,Karlie Samuelson,0,0,0,7
2026,1022600112,1611661327,PDX,1629484,Megan DiLeo,0,0,0,10
2026,1022600112,1611661327,PDX,1642296,Nyadiew Puoch,0,1,1,7
2026,1022600112,1611661327,PDX,1642782,Sarah Ashlee Barker,0,0,0,8
2026,1022600112,1611661327,PDX,1643436,Serah Williams,0,0,0,8
2026,1022600112,1611661327,PDX,1643506,Teja Oblak,0,2,2,6
2026,1022600112,1611661328,SEA,1643443,Awa Fam,0,1,1,9
2026,1022600112,1611661328,SEA,1642798,Dominique Malonga,0,3,3,10
2026,1022600112,1611661328,SEA,1643428,Flau'jae Johnson,0,2,1,10
2026,1022600112,1611661328,SEA,1631141,Jade Melbourne,0,7,8,10
2026,1022600112,1611661328,SEA,1629478,Katie Lou Samuelson,0,0,1,6
2026,1022600112,1611661328,SEA,1642307,Mackenzie Holmes,0,0,0,5
2026,1022600112,1611661328,SEA,1629567,Natisha Hiedeman,0,6,6,10
2026,1022600112,1611661328,SEA,203828,Stefanie Dolson,0,0,0,7
2026,1022600112,1611661328,SEA,1642814,Taylor Thierry,0,0,0,4
2026,1022600112,1611661328,SEA,1641660,Zia Cooke,0,2,2,10
2026,1022600113,1611661330,ATL,1628277,Allisha Gray,0,4,3,9
2026,1022600113,1611661330,ATL,1642291,Angel Reese,0,1,1,9
2026,1022600113,1611661330,ATL,1642302,Isobel Borlase,0,0,0,10
2026,1022600113,1611661330,ATL,1628886,Jordin Canada,0,4,5,10
2026,1022600113,1611661330,ATL,1643431,Madina Okot,0,1,1,7
2026,1022600113,1611661330,ATL,1631044,Naz Hillmon,0,2,2,9
2026,1022600113,1611661330,ATL,1631009,Rhyne Howard,0,4,6,9
2026,1022600113,1611661330,ATL,1631021,Sika Kone,0,0,0,6
2026,1022600113,1611661330,ATL,1642804,Te-Hina Paopao,0,3,3,7
2026,1022600113,1611661325,IND,1641648,Aliyah Boston,0,4,3,9
2026,1022600113,1611661325,IND,1642286,Caitlin Clark,0,5,7,9
2026,1022600113,1611661325,IND,1628909,Kelsey Mitchell,0,2,1,8
2026,1022600113,1611661325,IND,1631086,Lexie Hull,0,0,0,8
2026,1022600113,1611661325,IND,1642815,Makayla Timpson,0,0,0,8
2026,1022600113,1611661325,IND,1628881,Monique Billings,0,0,1,8
2026,1022600113,1611661325,IND,1628899,Myisha Hines-Allen,0,0,0,6
2026,1022600113,1611661325,IND,1643433,Raven Johnson,0,0,0,5
2026,1022600113,1611661325,IND,1629482,Sophie Cunningham,0,2,2,9
2026,1022600113,1611661325,IND,1630112,Tyasha Harris,0,1,2,8
2026,1022600114,1611661323,CON,1642290,Aaliyah Edwards,0,2,2,8
2026,1022600114,1611661323,CON,1642800,Aneesah Morrow,0,5,4,8
2026,1022600114,1611661323,CON,203398,Brittney Griner,0,3,2,7
2026,1022600114,1611661323,CON,1643449,Charlisse Leger-Walker,0,3,3,8
2026,1022600114,1611661323,CON,1641649,Diamond Miller,0,2,2,8
2026,1022600114,1611661323,CON,1629568,Kennedy Burke,0,1,1,9
2026,1022600114,1611661323,CON,1642303,Leila Lacan,0,2,3,8
2026,1022600114,1611661323,CON,1643448,Nell Angloma,0,0,0,5
2026,1022600114,1611661323,CON,1631135,Olivia Nelson-Ododa,0,0,0,9
2026,1022600114,1611661323,CON,1642809,Saniya Rivers,0,4,4,7
2026,1022600114,1611661332,TOR,204330,Isabelle Harrison,0,5,5,10
2026,1022600114,1611661332,TOR,1627700,Julie Allemand,0,10,9,10
2026,1022600114,1611661332,TOR,1628915,Kia Nurse,0,0,0,4
2026,1022600114,1611661332,TOR,1643420,Laura Juskaite,0,6,4,10
2026,1022600114,1611661332,TOR,1629576,Maria Conde,0,3,3,9
2026,1022600114,1611661332,TOR,1629497,Marina Mabrey,0,5,4,10
2026,1022600114,1611661332,TOR,1627701,Temi Fagbenle,0,3,2,10
2026,1022600114,1611661332,TOR,1643457,Teonni Key,0,0,0,4
2026,1022600114,1611661332,TOR,1643647,Tima Pouye,0,0,0,7
2026,1022600115,1611661313,NYL,1627668,Breanna Stewart,0,7,6,10
2026,1022600115,1611661313,NYL,1627673,Jonquel Jones,0,2,2,10
2026,1022600115,1611661313,NYL,1630142,Leonie Fiebich,0,3,2,10
2026,1022600115,1611661313,NYL,1629546,Marine Johannes,0,5,4,9
2026,1022600115,1611661313,NYL,1631136,Pauline Astier,0,1,1,7
2026,1022600115,1611661313,NYL,203822,Rebekah Gardner,0,0,0,8
2026,1022600115,1611661313,NYL,1629477,Sabrina Ionescu,0,1,3,10
2026,1022600115,1611661313,NYL,1630149,Satou Sabally,0,1,1,9
2026,1022600115,1611661313,NYL,1629566,Xu Han,0,1,1,8
2026,1022600115,1611661322,WAS,1643455,Angela Dugalic,0,1,1,7
2026,1022600115,1611661322,WAS,1643467,Cassandre Prosper,0,0,0,8
2026,1022600115,1611661322,WAS,1643430,Cotie McMahon,0,0,1,9
2026,1022600115,1611661322,WAS,1642781,Georgia Amoore,0,7,8,9
2026,1022600115,1611661322,WAS,1642792,Kiki Iriafen,0,0,0,8
2026,1022600115,1611661322,WAS,1643427,Lauren Betts,0,0,0,8
2026,1022600115,1611661322,WAS,1642802,Lucy Olsen,0,2,1,9
2026,1022600115,1611661322,WAS,1630446,Michaela Onyenwere,0,0,0,9
2026,1022600115,1611661322,WAS,1631022,Shakira Austin,0,1,1,9
2026,1022600115,1611661322,WAS,1642785,Sonia Citron,0,9,8,9
2026,1022600116,1611661331,GSV,1628508,Cecilia Zandalasini,0,2,2,7
2026,1022600116,1611661331,GSV,1628931,Gabby Williams,0,1,1,8
2026,1022600116,1611661331,GSV,1642767,Janelle Salaun,0,0,0,8
2026,1022600116,1611661331,GSV,1630097,Kaila Charles,0,2,2,8
2026,1022600116,1611661331,GSV,1642822,Kaitlyn Chen,0,2,2,8
2026,1022600116,1611661331,GSV,203866,Kayla Thornton,0,2,2,7
2026,1022600116,1611661331,GSV,204329,Kiah Stokes,0,0,0,7
2026,1022600116,1611661331,GSV,1641656,Laeticia Amihere,0,0,0,8
2026,1022600116,1611661331,GSV,203026,Tiffany Hayes,0,1,3,7
2026,1022600116,1611661331,GSV,1631007,Veronica Burton,0,6,5,6
2026,1022600116,1611661324,MIN,1642797,Anastasiia Olairi Kosu,0,0,0,7
2026,1022600116,1611661324,MIN,1643489,Antonia Delaere,0,0,0,5
2026,1022600116,1611661324,MIN,1627675,Courtney Williams,0,7,5,9
2026,1022600116,1611661324,MIN,203825,Kayla McBride,0,2,2,10
2026,1022600116,1611661324,MIN,1630471,Maya Caldwell,0,0,0,6
2026,1022600116,1611661324,MIN,203827,Natasha Howard,0,5,4,10
2026,1022600116,1611661324,MIN,1628269,Nia Coffey,0,3,3,10
2026,1022600116,1611661324,MIN,1643426,Olivia Miles,0,5,4,10
2026,1022600117,1611661330,ATL,1628277,Allisha Gray,0,1,1,9
2026,1022600117,1611661330,ATL,1642291,Angel Reese,0,1,1,11
2026,1022600117,1611661330,ATL,1643469,Indya Nivar,0,0,0,3
2026,1022600117,1611661330,ATL,1642302,Isobel Borlase,0,2,2,10
2026,1022600117,1611661330,ATL,1628886,Jordin Canada,0,11,12,10
2026,1022600117,1611661330,ATL,1643431,Madina Okot,0,0,0,7
2026,1022600117,1611661330,ATL,1631044,Naz Hillmon,0,3,3,10
2026,1022600117,1611661330,ATL,1631009,Rhyne Howard,0,4,3,11
2026,1022600117,1611661330,ATL,1631021,Sika Kone,0,2,1,3
2026,1022600117,1611661330,ATL,1642804,Te-Hina Paopao,0,2,2,8
2026,1022600117,1611661325,IND,1641648,Aliyah Boston,0,7,6,8
2026,1022600117,1611661325,IND,1642286,Caitlin Clark,0,8,7,8
2026,1022600117,1611661325,IND,203024,Damiris Dantas,0,0,0,8
2026,1022600117,1611661325,IND,1628909,Kelsey Mitchell,0,5,3,8
2026,1022600117,1611661325,IND,1631086,Lexie Hull,0,1,1,5
2026,1022600117,1611661325,IND,1642815,Makayla Timpson,0,0,0,5
2026,1022600117,1611661325,IND,1628881,Monique Billings,0,0,0,7
2026,1022600117,1611661325,IND,1628899,Myisha Hines-Allen,0,0,0,10
2026,1022600117,1611661325,IND,1643433,Raven Johnson,0,3,2,9
2026,1022600117,1611661325,IND,1629482,Sophie Cunningham,0,1,1,9
2026,1022600117,1611661325,IND,1630112,Tyasha Harris,0,0,0,9
2026,1022600118,1611661317,PHX,203826,Alyssa Thomas,0,9,9,9
2026,1022600118,1611661317,PHX,201886,DeWanna Bonner,0,1,1,9
2026,1022600118,1611661317,PHX,1627674,Kahleah Copper,0,3,2,9
2026,1022600118,1611661317,PHX,1642768,Kyara Linskens,0,0,0,9
2026,1022600118,1611661317,PHX,1631118,Lexi Held,0,2,2,10
2026,1022600118,1611661317,PHX,1630442,Natasha Mack,0,3,2,10
2026,1022600118,1611661317,PHX,1643493,Noemie Brochant,0,11,10,10
2026,1022600118,1611661317,PHX,1643487,Quionche Carter,0,0,0,4
2026,1022600118,1611661317,PHX,204468,Valeriane Ayayi,0,0,0,10
2026,1022600118,1611661328,SEA,1643443,Awa Fam,0,3,3,8
2026,1022600118,1611661328,SEA,1642798,Dominique Malonga,0,2,2,8
2026,1022600118,1611661328,SEA,1643428,Flau'jae Johnson,0,0,0,9
2026,1022600118,1611661328,SEA,1631141,Jade Melbourne,0,1,1,7
2026,1022600118,1611661328,SEA,1629478,Katie Lou Samuelson,0,3,3,9
2026,1022600118,1611661328,SEA,1642307,Mackenzie Holmes,0,0,0,6
2026,1022600118,1611661328,SEA,1629567,Natisha Hiedeman,0,2,4,8
2026,1022600118,1611661328,SEA,203828,Stefanie Dolson,0,2,2,8
2026,1022600118,1611661328,SEA,1642814,Taylor Thierry,0,0,0,9
2026,1022600118,1611661328,SEA,1641660,Zia Cooke,0,2,2,8
2026,1022600119,1611661329,CHI,1628922,Azura Stevens,0,4,4,10
2026,1022600119,1611661329,CHI,204322,Elizabeth Williams,0,1,1,9
2026,1022600119,1611661329,CHI,1643447,Gabriela Jaquez,0,1,1,9
2026,1022600119,1611661329,CHI,1642292,Jacy Sheldon,0,0,0,9
2026,1022600119,1611661329,CHI,1642289,Kamilla Cardoso,0,2,3,9
2026,1022600119,1611661329,CHI,1642818,Maddy Westbeld,0,1,1,10
2026,1022600119,1611661329,CHI,204333,Natasha Cloud,0,5,6,10
2026,1022600119,1611661329,CHI,203400,Skylar Diggins,0,6,6,9
2026,1022600119,1611661329,CHI,1642321,Sydney Taylor,0,0,0,10
2026,1022600119,1611661321,DAL,1629501,Alanna Smith,0,0,0,4
2026,1022600119,1611661321,DAL,1629481,Arike Ogunbowale,0,1,1,9
2026,1022600119,1611661321,DAL,1630386,Awak Kuier,0,0,0,8
2026,1022600119,1611661321,DAL,1642793,Aziaha James,0,1,1,6
2026,1022600119,1611661321,DAL,1643425,Azzi Fudd,0,2,2,8
2026,1022600119,1611661321,DAL,1629491,Jessica Shepard,0,3,3,9
2026,1022600119,1611661321,DAL,1629574,Li Yueru,0,1,1,7
2026,1022600119,1611661321,DAL,1641652,Maddy Siegrist,0,0,0,8
2026,1022600119,1611661321,DAL,1642784,Paige Bueckers,0,10,8,9
2026,1022600119,1611661321,DAL,1630134,Sug Sutton,0,1,1,8
2026,1022600120,1611661331,GSV,1628508,Cecilia Zandalasini,0,0,0,8
2026,1022600120,1611661331,GSV,1628931,Gabby Williams,0,0,0,7
2026,1022600120,1611661331,GSV,1642767,Janelle Salaun,0,2,1,8
2026,1022600120,1611661331,GSV,1642794,Juste Jocyte,0,1,1,9
2026,1022600120,1611661331,GSV,1630097,Kaila Charles,0,1,1,9
2026,1022600120,1611661331,GSV,1642822,Kaitlyn Chen,0,2,2,9
2026,1022600120,1611661331,GSV,203866,Kayla Thornton,0,0,0,8
2026,1022600120,1611661331,GSV,204329,Kiah Stokes,0,2,3,7
2026,1022600120,1611661331,GSV,1641656,Laeticia Amihere,0,0,0,9
2026,1022600120,1611661331,GSV,1643686,Nadia Fingall,0,0,0,8
2026,1022600120,1611661331,GSV,203026,Tiffany Hayes,0,1,1,8
2026,1022600120,1611661331,GSV,1631007,Veronica Burton,0,1,1,7
2026,1022600120,1611661319,LVA,1628932,A'ja Wilson,0,3,3,12
2026,1022600120,1611661319,LVA,1629488,Brianna Turner,0,1,1,10
2026,1022600120,1611661319,LVA,203833,Chelsea Gray,0,8,9,11
2026,1022600120,1611661319,LVA,204323,Cheyenne Parker-Tyus,0,0,0,3
2026,1022600120,1611661319,LVA,1629498,Jackie Young,0,6,5,11
2026,1022600120,1611661319,LVA,204319,Jewell Loyd,0,1,1,12
2026,1022600120,1611661319,LVA,1631006,Kierstan Bell,0,1,1,9
2026,1022600120,1611661319,LVA,1631019,NaLyssa Smith,0,1,1,11
2026,1022600120,1611661319,LVA,203855,Stephanie Talbot,0,0,0,11
2026,1022600121,1611661324,MIN,1642797,Anastasiia Olairi Kosu,0,0,0,7
2026,1022600121,1611661324,MIN,1643489,Antonia Delaere,0,0,0,7
2026,1022600121,1611661324,MIN,1627675,Courtney Williams,0,3,3,9
2026,1022600121,1611661324,MIN,203825,Kayla McBride,0,4,4,9
2026,1022600121,1611661324,MIN,1630471,Maya Caldwell,0,1,1,7
2026,1022600121,1611661324,MIN,203827,Natasha Howard,0,2,2,9
2026,1022600121,1611661324,MIN,1628269,Nia Coffey,0,2,2,9
2026,1022600121,1611661324,MIN,1643426,Olivia Miles,0,9,6,9
2026,1022600121,1611661324,MIN,1629479,Teaira McCowan,0,0,0,6
2026,1022600121,1611661322,WAS,1643455,Angela Dugalic,0,1,1,7
2026,1022600121,1611661322,WAS,1643430,Cotie McMahon,0,4,5,8
2026,1022600121,1611661322,WAS,1642781,Georgia Amoore,0,7,7,9
2026,1022600121,1611661322,WAS,1642792,Kiki Iriafen,0,0,0,8
2026,1022600121,1611661322,WAS,1643427,Lauren Betts,0,0,0,7
2026,1022600121,1611661322,WAS,1642802,Lucy Olsen,0,2,2,5
2026,1022600121,1611661322,WAS,1630446,Michaela Onyenwere,0,1,1,9
2026,1022600121,1611661322,WAS,1631022,Shakira Austin,0,2,2,9
2026,1022600121,1611661322,WAS,1642785,Sonia Citron,0,2,2,8
2026,1022600122,1611661320,LAS,1628878,Ariel Atkins,0,3,4,9
2026,1022600122,1611661320,LAS,204324,Dearica Hamby,0,3,3,11
2026,1022600122,1611661320,LAS,204365,Erica Wheeler,0,5,5,10
2026,1022600122,1611661320,LAS,1630148,Jihyun Park,0,0,0,5
2026,1022600122,1611661320,LAS,1628276,Kelsey Plum,0,7,7,10
2026,1022600122,1611661320,LAS,1630461,Kiana Williams,0,1,1,7
2026,1022600122,1611661320,LAS,1643461,Laura Ziegler,0,1,1,10
2026,1022600122,1611661320,LAS,203014,Nneka Ogwumike,0,3,3,10
2026,1022600122,1611661320,LAS,1630996,Rae Burrell,0,5,4,11
2026,1022600122,1611661313,NYL,1627668,Breanna Stewart,0,4,4,9
2026,1022600122,1611661313,NYL,1627673,Jonquel Jones,0,3,3,8
2026,1022600122,1611661313,NYL,1630142,Leonie Fiebich,0,1,1,8
2026,1022600122,1611661313,NYL,1629546,Marine Johannes,0,1,1,9
2026,1022600122,1611661313,NYL,1631136,Pauline Astier,0,3,5,9
2026,1022600122,1611661313,NYL,1630384,Raquel Carrera,0,0,0,4
2026,1022600122,1611661313,NYL,204296,Rebecca Allen,0,0,0,7
2026,1022600122,1611661313,NYL,203822,Rebekah Gardner,0,0,0,6
2026,1022600122,1611661313,NYL,1629477,Sabrina Ionescu,0,1,2,7
2026,1022600122,1611661313,NYL,1630149,Satou Sabally,0,8,7,8
2026,1022600122,1611661313,NYL,1629566,Xu Han,0,0,0,6
2026,1022600123,1611661329,CHI,1628922,Azura Stevens,0,1,1,9
2026,1022600123,1611661329,CHI,204322,Elizabeth Williams,0,2,2,9
2026,1022600123,1611661329,CHI,1643447,Gabriela Jaquez,0,0,0,10
2026,1022600123,1611661329,CHI,1642292,Jacy Sheldon,0,0,0,11
2026,1022600123,1611661329,CHI,1642289,Kamilla Cardoso,0,0,0,12
2026,1022600123,1611661329,CHI,1642818,Maddy Westbeld,0,0,0,9
2026,1022600123,1611661329,CHI,204333,Natasha Cloud,0,0,0,9
2026,1022600123,1611661329,CHI,1627671,Rachel Banham,0,1,1,10
2026,1022600123,1611661329,CHI,1643458,Saylor Poffenbarger,0,0,0,6
2026,1022600123,1611661329,CHI,203400,Skylar Diggins,0,3,4,9
2026,1022600123,1611661329,CHI,1642321,Sydney Taylor,0,2,2,10
2026,1022600123,1611661323,CON,1642290,Aaliyah Edwards,0,0,0,10
2026,1022600123,1611661323,CON,1642800,Aneesah Morrow,0,0,0,10
2026,1022600123,1611661323,CON,203398,Brittney Griner,0,4,3,10
2026,1022600123,1611661323,CON,1643449,Charlisse Leger-Walker,0,4,5,10
2026,1022600123,1611661323,CON,1641649,Diamond Miller,0,3,4,9
2026,1022600123,1611661323,CON,1643429,Gianna Kneepkens,0,0,0,6
2026,1022600123,1611661323,CON,1629568,Kennedy Burke,0,2,3,11
2026,1022600123,1611661323,CON,1642303,Leila Lacan,0,1,2,9
2026,1022600123,1611661323,CON,1643448,Nell Angloma,0,1,1,8
2026,1022600123,1611661323,CON,1631135,Olivia Nelson-Ododa,0,3,3,11
2026,1022600123,1611661323,CON,1643441,Raegan Beers,0,0,0,5
2026,1022600123,1611661323,CON,1642809,Saniya Rivers,0,0,0,10
2026,1022600124,1611661330,ATL,1628277,Allisha Gray,0,3,3,10
2026,1022600124,1611661330,ATL,1642291,Angel Reese,0,2,2,10
2026,1022600124,1611661330,ATL,1643469,Indya Nivar,0,0,0,2
2026,1022600124,1611661330,ATL,1642302,Isobel Borlase,0,2,2,10
2026,1022600124,1611661330,ATL,1628886,Jordin Canada,0,11,13,9
2026,1022600124,1611661330,ATL,1643431,Madina Okot,0,0,0,9
2026,1022600124,1611661330,ATL,1631044,Naz Hillmon,0,1,1,10
2026,1022600124,1611661330,ATL,1631009,Rhyne Howard,0,1,1,9
2026,1022600124,1611661330,ATL,1631021,Sika Kone,0,0,0,2
2026,1022600124,1611661330,ATL,1642804,Te-Hina Paopao,0,1,1,9
2026,1022600124,1611661332,TOR,204330,Isabelle Harrison,0,2,2,10
2026,1022600124,1611661332,TOR,1627700,Julie Allemand,0,2,3,7
2026,1022600124,1611661332,TOR,1628915,Kia Nurse,0,5,4,8
2026,1022600124,1611661332,TOR,1643420,Laura Juskaite,0,2,2,8
2026,1022600124,1611661332,TOR,1629576,Maria Conde,0,2,2,8
2026,1022600124,1611661332,TOR,1629497,Marina Mabrey,0,3,4,10
2026,1022600124,1611661332,TOR,1631055,Nyara Sabally,0,2,2,7
2026,1022600124,1611661332,TOR,1627701,Temi Fagbenle,0,1,1,9
2026,1022600124,1611661332,TOR,1643457,Teonni Key,0,1,1,4
2026,1022600124,1611661332,TOR,1643647,Tima Pouye,0,1,1,8
2026,1022600125,1611661325,IND,1641648,Aliyah Boston,0,0,0,9
2026,1022600125,1611661325,IND,1642286,Caitlin Clark,0,7,9,9
2026,1022600125,1611661325,IND,1643453,Grace VanSlooten,0,0,0,4
2026,1022600125,1611661325,IND,1628909,Kelsey Mitchell,0,1,1,8
2026,1022600125,1611661325,IND,1631086,Lexie Hull,0,0,0,8
2026,1022600125,1611661325,IND,1642815,Makayla Timpson,0,0,0,6
2026,1022600125,1611661325,IND,1628881,Monique Billings,0,1,1,9
2026,1022600125,1611661325,IND,1628899,Myisha Hines-Allen,0,1,1,8
2026,1022600125,1611661325,IND,1643433,Raven Johnson,0,4,3,9
2026,1022600125,1611661325,IND,1629482,Sophie Cunningham,0,0,0,10
2026,1022600125,1611661317,PHX,203826,Alyssa Thomas,0,9,9,9
2026,1022600125,1611661317,PHX,201886,DeWanna Bonner,0,0,0,9
2026,1022600125,1611661317,PHX,1627674,Kahleah Copper,0,0,0,8
2026,1022600125,1611661317,PHX,1642768,Kyara Linskens,0,0,0,9
2026,1022600125,1611661317,PHX,1631118,Lexi Held,0,4,3,9
2026,1022600125,1611661317,PHX,1630442,Natasha Mack,0,2,1,8
2026,1022600125,1611661317,PHX,1643493,Noemie Brochant,0,3,3,9
2026,1022600125,1611661317,PHX,1643487,Quionche Carter,0,0,0,4
2026,1022600125,1611661317,PHX,1643470,Shay Ciezki,0,0,0,5
2026,1022600125,1611661317,PHX,204468,Valeriane Ayayi,0,2,3,10
2026,1022600126,1611661321,DAL,1629481,Arike Ogunbowale,0,3,4,8
2026,1022600126,1611661321,DAL,1630386,Awak Kuier,0,0,0,8
2026,1022600126,1611661321,DAL,1642793,Aziaha James,0,5,6,8
2026,1022600126,1611661321,DAL,1643425,Azzi Fudd,0,2,2,8
2026,1022600126,1611661321,DAL,1629491,Jessica Shepard,0,9,8,7
2026,1022600126,1611661321,DAL,1629574,Li Yueru,0,3,2,8
2026,1022600126,1611661321,DAL,1641652,Maddy Siegrist,0,1,1,8
2026,1022600126,1611661321,DAL,1642784,Paige Bueckers,0,6,5,8
2026,1022600126,1611661321,DAL,1630134,Sug Sutton,0,1,2,8
2026,1022600126,1611661328,SEA,1643443,Awa Fam,0,3,4,9
2026,1022600126,1611661328,SEA,1642798,Dominique Malonga,0,1,1,9
2026,1022600126,1611661328,SEA,1643428,Flau'jae Johnson,0,8,9,9
2026,1022600126,1611661328,SEA,1629478,Katie Lou Samuelson,0,1,1,9
2026,1022600126,1611661328,SEA,1629567,Natisha Hiedeman,0,14,11,9
2026,1022600126,1611661328,SEA,203828,Stefanie Dolson,0,0,0,8
2026,1022600126,1611661328,SEA,1643473,Taina Mair,0,1,1,7
2026,1022600126,1611661328,SEA,1641660,Zia Cooke,0,2,2,7
2026,1022600127,1611661319,LVA,1628932,A'ja Wilson,0,5,5,9
2026,1022600127,1611661319,LVA,203833,Chelsea Gray,0,6,8,9
2026,1022600127,1611661319,LVA,204323,Cheyenne Parker-Tyus,0,0,0,9
2026,1022600127,1611661319,LVA,1629498,Jackie Young,0,8,7,9
2026,1022600127,1611661319,LVA,204319,Jewell Loyd,0,0,0,9
2026,1022600127,1611661319,LVA,1631006,Kierstan Bell,0,2,3,8
2026,1022600127,1611661319,LVA,1631019,NaLyssa Smith,0,0,0,9
2026,1022600127,1611661319,LVA,203855,Stephanie Talbot,0,0,0,7
2026,1022600127,1611661313,NYL,204335,Betnijah Laney-Hamilton,0,1,1,8
2026,1022600127,1611661313,NYL,1627668,Breanna Stewart,0,4,4,8
2026,1022600127,1611661313,NYL,1627673,Jonquel Jones,0,3,3,7
2026,1022600127,1611661313,NYL,1630142,Leonie Fiebich,0,1,1,8
2026,1022600127,1611661313,NYL,1629546,Marine Johannes,0,3,3,8
2026,1022600127,1611661313,NYL,1631136,Pauline Astier,0,2,2,8
2026,1022600127,1611661313,NYL,1629477,Sabrina Ionescu,0,4,4,7
2026,1022600127,1611661313,NYL,1630149,Satou Sabally,0,1,1,6
2026,1022600127,1611661313,NYL,1629566,Xu Han,0,0,0,6
2026,1022600128,1611661325,IND,1641648,Aliyah Boston,0,6,5,7
2026,1022600128,1611661325,IND,1642286,Caitlin Clark,0,9,8,7
2026,1022600128,1611661325,IND,1628909,Kelsey Mitchell,0,6,6,8
2026,1022600128,1611661325,IND,1631086,Lexie Hull,0,2,2,7
2026,1022600128,1611661325,IND,1628881,Monique Billings,0,0,0,8
2026,1022600128,1611661325,IND,1628899,Myisha Hines-Allen,0,2,2,7
2026,1022600128,1611661325,IND,1643433,Raven Johnson,0,6,7,8
2026,1022600128,1611661325,IND,1629482,Sophie Cunningham,0,0,0,8
2026,1022600128,1611661325,IND,1630112,Tyasha Harris,0,0,0,5
2026,1022600128,1611661317,PHX,203826,Alyssa Thomas,0,8,8,8
2026,1022600128,1611661317,PHX,201886,DeWanna Bonner,0,1,1,8
2026,1022600128,1611661317,PHX,1627674,Kahleah Copper,0,2,1,9
2026,1022600128,1611661317,PHX,1631118,Lexi Held,0,0,0,9
2026,1022600128,1611661317,PHX,1643438,Marta Suarez,0,0,0,7
2026,1022600128,1611661317,PHX,1643493,Noemie Brochant,0,7,9,9
2026,1022600128,1611661317,PHX,1643487,Quionche Carter,0,0,0,1
2026,1022600128,1611661317,PHX,204468,Valeriane Ayayi,0,2,2,9
2026,1022600129,1611661324,MIN,1642797,Anastasiia Olairi Kosu,0,0,0,9
2026,1022600129,1611661324,MIN,1643489,Antonia Delaere,0,0,0,5
2026,1022600129,1611661324,MIN,1627675,Courtney Williams,0,2,3,9
2026,1022600129,1611661324,MIN,203825,Kayla McBride,0,2,2,9
2026,1022600129,1611661324,MIN,1630471,Maya Caldwell,0,1,1,6
2026,1022600129,1611661324,MIN,203827,Natasha Howard,0,3,3,10
2026,1022600129,1611661324,MIN,1628269,Nia Coffey,0,6,5,8
2026,1022600129,1611661324,MIN,1643426,Olivia Miles,0,7,5,10
2026,1022600129,1611661324,MIN,1629479,Teaira McCowan,0,0,0,7
2026,1022600129,1611661322,WAS,1643644,Alicia Florez,0,0,0,3
2026,1022600129,1611661322,WAS,1643455,Angela Dugalic,0,1,1,8
2026,1022600129,1611661322,WAS,1643430,Cotie McMahon,0,1,1,9
2026,1022600129,1611661322,WAS,1642781,Georgia Amoore,0,1,3,9
2026,1022600129,1611661322,WAS,1642792,Kiki Iriafen,0,3,3,8
2026,1022600129,1611661322,WAS,1643427,Lauren Betts,0,1,1,9
2026,1022600129,1611661322,WAS,1642802,Lucy Olsen,0,1,1,6
2026,1022600129,1611661322,WAS,1630446,Michaela Onyenwere,0,1,1,7
2026,1022600129,1611661322,WAS,1631022,Shakira Austin,0,2,3,9
2026,1022600129,1611661322,WAS,1642785,Sonia Citron,0,4,3,9
2026,1022600130,1611661329,CHI,1642786,Aicha Coulibaly,0,2,1,12
2026,1022600130,1611661329,CHI,1628922,Azura Stevens,0,5,5,12
2026,1022600130,1611661329,CHI,204322,Elizabeth Williams,0,0,0,9
2026,1022600130,1611661329,CHI,1643447,Gabriela Jaquez,0,2,1,10
2026,1022600130,1611661329,CHI,1642292,Jacy Sheldon,0,4,3,11
2026,1022600130,1611661329,CHI,1642289,Kamilla Cardoso,0,3,3,10
2026,1022600130,1611661329,CHI,204333,Natasha Cloud,0,2,4,10
2026,1022600130,1611661329,CHI,1627671,Rachel Banham,0,0,0,7
2026,1022600130,1611661329,CHI,203400,Skylar Diggins,0,5,6,10
2026,1022600130,1611661329,CHI,1642321,Sydney Taylor,0,5,4,10
2026,1022600130,1611661327,PDX,1629524,Bridget Carleton,0,2,2,10
2026,1022600130,1611661327,PDX,1642304,Carla Leite,0,7,6,9
2026,1022600130,1611661327,PDX,1631083,Emily Engstler,0,2,2,9
2026,1022600130,1611661327,PDX,1643494,Frieda Buhner,0,3,2,9
2026,1022600130,1611661327,PDX,1641683,Holly Winterburn,0,1,1,4
2026,1022600130,1611661327,PDX,1628317,Karlie Samuelson,0,0,0,9
2026,1022600130,1611661327,PDX,1630143,Luisa Geiselsoder,0,2,2,10
2026,1022600130,1611661327,PDX,1629484,Megan DiLeo,0,1,1,8
2026,1022600130,1611661327,PDX,1642296,Nyadiew Puoch,0,1,2,9
2026,1022600130,1611661327,PDX,1642782,Sarah Ashlee Barker,0,3,2,10
2026,1022600130,1611661327,PDX,1643436,Serah Williams,0,0,0,7
2026,1022600130,1611661327,PDX,1643506,Teja Oblak,0,0,0,9
2026,1022600131,1611661330,ATL,1628277,Allisha Gray,0,0,0,10
2026,1022600131,1611661330,ATL,1642291,Angel Reese,0,5,4,10
2026,1022600131,1611661330,ATL,1643469,Indya Nivar,0,1,1,8
2026,1022600131,1611661330,ATL,1642302,Isobel Borlase,0,1,2,10
2026,1022600131,1611661330,ATL,1628886,Jordin Canada,0,1,2,10
2026,1022600131,1611661330,ATL,1643431,Madina Okot,0,1,1,8
2026,1022600131,1611661330,ATL,1631044,Naz Hillmon,0,0,0,7
2026,1022600131,1611661330,ATL,1631009,Rhyne Howard,0,1,3,10
2026,1022600131,1611661330,ATL,1631021,Sika Kone,0,1,1,8
2026,1022600131,1611661330,ATL,1642804,Te-Hina Paopao,0,1,2,8
2026,1022600131,1611661331,GSV,1628508,Cecilia Zandalasini,0,3,3,10
2026,1022600131,1611661331,GSV,1628931,Gabby Williams,0,5,5,10
2026,1022600131,1611661331,GSV,1642767,Janelle Salaun,0,1,1,9
2026,1022600131,1611661331,GSV,1630097,Kaila Charles,0,0,0,8
2026,1022600131,1611661331,GSV,1642822,Kaitlyn Chen,0,0,0,7
2026,1022600131,1611661331,GSV,203866,Kayla Thornton,0,1,1,10
2026,1022600131,1611661331,GSV,204329,Kiah Stokes,0,2,2,10
2026,1022600131,1611661331,GSV,1641656,Laeticia Amihere,0,1,1,9
2026,1022600131,1611661331,GSV,203026,Tiffany Hayes,0,0,0,10
2026,1022600131,1611661331,GSV,1631007,Veronica Burton,0,9,7,10
2026,1022600132,1611661320,LAS,1628878,Ariel Atkins,0,1,1,7
2026,1022600132,1611661320,LAS,1643462,Chance Gray,0,2,2,7
2026,1022600132,1611661320,LAS,204324,Dearica Hamby,0,0,0,9
2026,1022600132,1611661320,LAS,1628242,Emma Cannon,0,0,0,10
2026,1022600132,1611661320,LAS,204365,Erica Wheeler,0,5,5,9
2026,1022600132,1611661320,LAS,1630148,Jihyun Park,0,1,1,9
2026,1022600132,1611661320,LAS,1630461,Kiana Williams,0,1,1,9
2026,1022600132,1611661320,LAS,1643461,Laura Ziegler,0,3,2,10
2026,1022600132,1611661320,LAS,203014,Nneka Ogwumike,0,4,4,9
2026,1022600132,1611661320,LAS,1630996,Rae Burrell,0,4,4,9
2026,1022600132,1611661320,LAS,1643444,Ta'Niya Latson,0,0,0,5
2026,1022600132,1611661332,TOR,204330,Isabelle Harrison,0,2,2,9
2026,1022600132,1611661332,TOR,1627700,Julie Allemand,0,15,14,10
2026,1022600132,1611661332,TOR,1628915,Kia Nurse,0,0,0,11
2026,1022600132,1611661332,TOR,1643420,Laura Juskaite,0,2,2,11
2026,1022600132,1611661332,TOR,1629576,Maria Conde,0,0,0,9
2026,1022600132,1611661332,TOR,1629497,Marina Mabrey,0,2,2,10
2026,1022600132,1611661332,TOR,1631055,Nyara Sabally,0,0,0,8
2026,1022600132,1611661332,TOR,1627701,Temi Fagbenle,0,2,3,11
2026,1022600132,1611661332,TOR,1643457,Teonni Key,0,0,0,3
2026,1022600132,1611661332,TOR,1643647,Tima Pouye,0,2,3,10
2026,1022600133,1611661321,DAL,202252,Alysha Clark,0,0,0,7
2026,1022600133,1611661321,DAL,1629481,Arike Ogunbowale,0,2,2,8
2026,1022600133,1611661321,DAL,1630386,Awak Kuier,0,1,1,7
2026,1022600133,1611661321,DAL,1642793,Aziaha James,0,3,3,9
2026,1022600133,1611661321,DAL,1643425,Azzi Fudd,0,1,1,8
2026,1022600133,1611661321,DAL,1629491,Jessica Shepard,0,2,4,8
2026,1022600133,1611661321,DAL,1629574,Li Yueru,0,1,1,9
2026,1022600133,1611661321,DAL,1641652,Maddy Siegrist,0,0,0,9
2026,1022600133,1611661321,DAL,1642784,Paige Bueckers,0,5,6,8
2026,1022600133,1611661321,DAL,1630134,Sug Sutton,0,0,0,6
2026,1022600133,1611661319,LVA,1628932,A'ja Wilson,0,0,0,9
2026,1022600133,1611661319,LVA,1629488,Brianna Turner,0,0,0,1
2026,1022600133,1611661319,LVA,203833,Chelsea Gray,0,8,9,9
2026,1022600133,1611661319,LVA,204323,Cheyenne Parker-Tyus,0,3,3,10
2026,1022600133,1611661319,LVA,1629498,Jackie Young,0,4,6,10
2026,1022600133,1611661319,LVA,204319,Jewell Loyd,0,1,2,8
2026,1022600133,1611661319,LVA,1631006,Kierstan Bell,0,0,0,9
2026,1022600133,1611661319,LVA,1631019,NaLyssa Smith,0,0,0,10
2026,1022600133,1611661319,LVA,203855,Stephanie Talbot,0,0,0,6
2026,1022600134,1611661313,NYL,204335,Betnijah Laney-Hamilton,0,0,0,8
2026,1022600134,1611661313,NYL,1627673,Jonquel Jones,0,1,1,8
2026,1022600134,1611661313,NYL,1630142,Leonie Fiebich,0,2,2,7
2026,1022600134,1611661313,NYL,1629546,Marine Johannes,0,2,2,9
2026,1022600134,1611661313,NYL,1631136,Pauline Astier,0,4,5,9
2026,1022600134,1611661313,NYL,1630384,Raquel Carrera,0,0,0,9
2026,1022600134,1611661313,NYL,203822,Rebekah Gardner,0,3,4,9
2026,1022600134,1611661313,NYL,1629477,Sabrina Ionescu,0,4,5,8
2026,1022600134,1611661313,NYL,1629566,Xu Han,0,2,2,8
2026,1022600134,1611661328,SEA,1643443,Awa Fam,0,2,2,9
2026,1022600134,1611661328,SEA,1642798,Dominique Malonga,0,2,2,9
2026,1022600134,1611661328,SEA,1643428,Flau'jae Johnson,0,2,2,9
2026,1022600134,1611661328,SEA,1631141,Jade Melbourne,0,8,7,9
2026,1022600134,1611661328,SEA,1629478,Katie Lou Samuelson,0,2,2,9
2026,1022600134,1611661328,SEA,1629567,Natisha Hiedeman,0,3,3,9
2026,1022600134,1611661328,SEA,203828,Stefanie Dolson,0,0,0,9
2026,1022600134,1611661328,SEA,1642814,Taylor Thierry,0,0,0,5
2026,1022600134,1611661328,SEA,1641660,Zia Cooke,0,0,0,9
2026,1022600135,1611661323,CON,1642290,Aaliyah Edwards,0,0,0,9
2026,1022600135,1611661323,CON,1643437,Ashlon Jackson,0,0,0,4
2026,1022600135,1611661323,CON,203398,Brittney Griner,0,2,2,7
2026,1022600135,1611661323,CON,1643449,Charlisse Leger-Walker,0,3,5,9
2026,1022600135,1611661323,CON,1641649,Diamond Miller,0,2,1,7
2026,1022600135,1611661323,CON,1629568,Kennedy Burke,0,3,2,8
2026,1022600135,1611661323,CON,1642303,Leila Lacan,0,4,5,7
2026,1022600135,1611661323,CON,1643448,Nell Angloma,0,0,0,4
2026,1022600135,1611661323,CON,1631135,Olivia Nelson-Ododa,0,3,3,9
2026,1022600135,1611661323,CON,1643441,Raegan Beers,0,0,0,7
2026,1022600135,1611661322,WAS,1643455,Angela Dugalic,0,2,2,7
2026,1022600135,1611661322,WAS,1643430,Cotie McMahon,0,2,2,10
2026,1022600135,1611661322,WAS,1642781,Georgia Amoore,0,5,5,9
2026,1022600135,1611661322,WAS,1642792,Kiki Iriafen,0,0,0,9
2026,1022600135,1611661322,WAS,1643427,Lauren Betts,0,2,2,10
2026,1022600135,1611661322,WAS,1642802,Lucy Olsen,0,0,0,5
2026,1022600135,1611661322,WAS,1630446,Michaela Onyenwere,0,1,1,8
2026,1022600135,1611661322,WAS,1631022,Shakira Austin,0,1,1,9
2026,1022600135,1611661322,WAS,1642785,Sonia Citron,0,3,3,10
2026,1022600136,1611661329,CHI,1628922,Azura Stevens,0,6,6,10
2026,1022600136,1611661329,CHI,202664,Courtney Vandersloot,0,6,7,9
2026,1022600136,1611661329,CHI,204322,Elizabeth Williams,0,5,4,11
2026,1022600136,1611661329,CHI,1643447,Gabriela Jaquez,0,2,3,11
2026,1022600136,1611661329,CHI,1642292,Jacy Sheldon,0,0,0,10
2026,1022600136,1611661329,CHI,1642289,Kamilla Cardoso,0,1,1,10
2026,1022600136,1611661329,CHI,204333,Natasha Cloud,0,4,4,10
2026,1022600136,1611661329,CHI,1627671,Rachel Banham,0,0,1,11
2026,1022600136,1611661329,CHI,203400,Skylar Diggins,0,9,9,10
2026,1022600136,1611661329,CHI,1642321,Sydney Taylor,0,2,3,10
2026,1022600136,1611661327,PDX,1629524,Bridget Carleton,0,1,1,10
2026,1022600136,1611661327,PDX,1642304,Carla Leite,0,3,4,10
2026,1022600136,1611661327,PDX,1631083,Emily Engstler,0,3,3,8
2026,1022600136,1611661327,PDX,1643494,Frieda Buhner,0,1,2,10
2026,1022600136,1611661327,PDX,1641683,Holly Winterburn,0,0,0,5
2026,1022600136,1611661327,PDX,1643527,Jordan Harrison,0,4,3,10
2026,1022600136,1611661327,PDX,1629484,Megan DiLeo,0,3,3,9
2026,1022600136,1611661327,PDX,1642296,Nyadiew Puoch,0,1,1,8
2026,1022600136,1611661327,PDX,1642782,Sarah Ashlee Barker,0,2,1,10
2026,1022600136,1611661327,PDX,1643436,Serah Williams,0,1,1,10
2026,1022600136,1611661327,PDX,1643506,Teja Oblak,0,0,0,10
2026,1022600137,1611661330,ATL,1628277,Allisha Gray,0,2,2,10
2026,1022600137,1611661330,ATL,1642291,Angel Reese,0,0,0,10
2026,1022600137,1611661330,ATL,1643469,Indya Nivar,0,0,0,1
2026,1022600137,1611661330,ATL,1642302,Isobel Borlase,0,2,2,10
2026,1022600137,1611661330,ATL,1628886,Jordin Canada,0,2,2,10
2026,1022600137,1611661330,ATL,1643431,Madina Okot,0,0,0,9
2026,1022600137,1611661330,ATL,1631044,Naz Hillmon,0,1,1,10
2026,1022600137,1611661330,ATL,1631009,Rhyne Howard,0,3,2,10
2026,1022600137,1611661330,ATL,1642804,Te-Hina Paopao,0,1,1,7
2026,1022600137,1611661331,GSV,1628508,Cecilia Zandalasini,0,2,3,8
2026,1022600137,1611661331,GSV,1628931,Gabby Williams,0,2,2,8
2026,1022600137,1611661331,GSV,1642767,Janelle Salaun,0,0,0,7
2026,1022600137,1611661331,GSV,1630097,Kaila Charles,0,0,0,8
2026,1022600137,1611661331,GSV,1642822,Kaitlyn Chen,0,1,1,8
2026,1022600137,1611661331,GSV,203866,Kayla Thornton,0,0,0,7
2026,1022600137,1611661331,GSV,204329,Kiah Stokes,0,0,0,8
2026,1022600137,1611661331,GSV,1641656,Laeticia Amihere,0,1,1,8
2026,1022600137,1611661331,GSV,203026,Tiffany Hayes,0,5,5,8
2026,1022600137,1611661331,GSV,1631007,Veronica Burton,0,2,2,8
2026,1022600138,1611661317,PHX,201886,DeWanna Bonner,0,2,3,8
2026,1022600138,1611661317,PHX,1627674,Kahleah Copper,0,1,1,8
2026,1022600138,1611661317,PHX,1642768,Kyara Linskens,0,3,3,7
2026,1022600138,1611661317,PHX,1631118,Lexi Held,0,3,2,8
2026,1022600138,1611661317,PHX,1643438,Marta Suarez,0,0,0,8
2026,1022600138,1611661317,PHX,1643493,Noemie Brochant,0,2,2,7
2026,1022600138,1611661317,PHX,1643487,Quionche Carter,0,2,2,8
2026,1022600138,1611661317,PHX,1643470,Shay Ciezki,0,1,1,5
2026,1022600138,1611661317,PHX,204468,Valeriane Ayayi,0,2,2,8
2026,1022600138,1611661332,TOR,204330,Isabelle Harrison,0,0,0,9
2026,1022600138,1611661332,TOR,1627700,Julie Allemand,0,9,10,9
2026,1022600138,1611661332,TOR,1628915,Kia Nurse,0,2,1,9
2026,1022600138,1611661332,TOR,1643420,Laura Juskaite,0,1,1,8
2026,1022600138,1611661332,TOR,1629576,Maria Conde,0,5,6,9
2026,1022600138,1611661332,TOR,1631055,Nyara Sabally,0,1,1,9
2026,1022600138,1611661332,TOR,1627701,Temi Fagbenle,0,3,3,9
2026,1022600138,1611661332,TOR,1643647,Tima Pouye,0,5,4,9
2026,1022600139,1611661325,IND,1641648,Aliyah Boston,0,5,3,10
2026,1022600139,1611661325,IND,1642788,Bree Hall,0,0,0,9
2026,1022600139,1611661325,IND,203024,Damiris Dantas,0,1,1,4
2026,1022600139,1611661325,IND,1643453,Grace VanSlooten,0,1,1,6
2026,1022600139,1611661325,IND,1628909,Kelsey Mitchell,0,2,2,10
2026,1022600139,1611661325,IND,1631086,Lexie Hull,0,4,3,11
2026,1022600139,1611661325,IND,1642815,Makayla Timpson,0,0,0,9
2026,1022600139,1611661325,IND,1628881,Monique Billings,0,2,2,9
2026,1022600139,1611661325,IND,1628899,Myisha Hines-Allen,0,2,3,9
2026,1022600139,1611661325,IND,1643433,Raven Johnson,0,4,4,10
2026,1022600139,1611661325,IND,1629482,Sophie Cunningham,0,1,1,9
2026,1022600139,1611661325,IND,1630112,Tyasha Harris,0,3,3,11
2026,1022600139,1611661320,LAS,1628878,Ariel Atkins,0,3,3,9
2026,1022600139,1611661320,LAS,1643462,Chance Gray,0,4,4,12
2026,1022600139,1611661320,LAS,204324,Dearica Hamby,0,4,4,10
2026,1022600139,1611661320,LAS,1628242,Emma Cannon,0,1,1,9
2026,1022600139,1611661320,LAS,204365,Erica Wheeler,0,4,5,9
2026,1022600139,1611661320,LAS,1630148,Jihyun Park,0,1,1,10
2026,1022600139,1611661320,LAS,1630461,Kiana Williams,0,0,0,12
2026,1022600139,1611661320,LAS,1643461,Laura Ziegler,0,0,0,8
2026,1022600139,1611661320,LAS,203014,Nneka Ogwumike,0,3,2,10
2026,1022600139,1611661320,LAS,1630996,Rae Burrell,0,1,1,10
2026,1022600139,1611661320,LAS,1643444,Ta'Niya Latson,0,0,0,9
2026,1022600140,1611661330,ATL,1628277,Allisha Gray,0,2,2,9
2026,1022600140,1611661330,ATL,1629539,Amy Okonkwo,0,0,0,2
2026,1022600140,1611661330,ATL,1642291,Angel Reese,0,0,0,8
2026,1022600140,1611661330,ATL,1643469,Indya Nivar,0,0,0,2
2026,1022600140,1611661330,ATL,1642302,Isobel Borlase,0,1,1,9
2026,1022600140,1611661330,ATL,1628886,Jordin Canada,0,7,10,9
2026,1022600140,1611661330,ATL,1643431,Madina Okot,0,0,0,9
2026,1022600140,1611661330,ATL,1631009,Rhyne Howard,0,4,3,9
2026,1022600140,1611661330,ATL,1631021,Sika Kone,0,1,2,8
2026,1022600140,1611661330,ATL,1642804,Te-Hina Paopao,0,3,4,9
2026,1022600140,1611661328,SEA,1643443,Awa Fam,0,1,1,8
2026,1022600140,1611661328,SEA,1642798,Dominique Malonga,0,3,3,8
2026,1022600140,1611661328,SEA,1643428,Flau'jae Johnson,0,6,4,8
2026,1022600140,1611661328,SEA,1631141,Jade Melbourne,0,5,5,10
2026,1022600140,1611661328,SEA,1629478,Katie Lou Samuelson,0,3,3,10
2026,1022600140,1611661328,SEA,1642307,Mackenzie Holmes,0,0,0,4
2026,1022600140,1611661328,SEA,1629567,Natisha Hiedeman,0,7,6,7
2026,1022600140,1611661328,SEA,203828,Stefanie Dolson,0,3,3,8
2026,1022600140,1611661328,SEA,1642814,Taylor Thierry,0,0,0,5
2026,1022600140,1611661328,SEA,1641660,Zia Cooke,0,3,2,8
2026,1022600141,1611661321,DAL,1629481,Arike Ogunbowale,0,0,0,5
2026,1022600141,1611661321,DAL,1630386,Awak Kuier,0,0,0,5
2026,1022600141,1611661321,DAL,1642793,Aziaha James,0,0,0,8
2026,1022600141,1611661321,DAL,1643425,Azzi Fudd,0,2,3,8
2026,1022600141,1611661321,DAL,1629491,Jessica Shepard,0,3,3,9
2026,1022600141,1611661321,DAL,1629574,Li Yueru,0,0,0,6
2026,1022600141,1611661321,DAL,1641652,Maddy Siegrist,0,1,2,9
2026,1022600141,1611661321,DAL,1642784,Paige Bueckers,0,4,4,7
2026,1022600141,1611661321,DAL,1630134,Sug Sutton,0,1,1,8
2026,1022600141,1611661324,MIN,1642797,Anastasiia Olairi Kosu,0,0,0,4
2026,1022600141,1611661324,MIN,1643489,Antonia Delaere,0,0,0,3
2026,1022600141,1611661324,MIN,1627675,Courtney Williams,0,4,4,9
2026,1022600141,1611661324,MIN,203825,Kayla McBride,0,2,2,9
2026,1022600141,1611661324,MIN,1642820,Liatu King,0,0,0,5
2026,1022600141,1611661324,MIN,1630471,Maya Caldwell,0,0,1,5
2026,1022600141,1611661324,MIN,203827,Natasha Howard,0,2,2,9
2026,1022600141,1611661324,MIN,1628269,Nia Coffey,0,2,2,9
2026,1022600141,1611661324,MIN,1643426,Olivia Miles,0,10,8,9
2026,1022600142,1611661327,PDX,1629524,Bridget Carleton,0,2,2,10
2026,1022600142,1611661327,PDX,1642304,Carla Leite,0,9,9,10
2026,1022600142,1611661327,PDX,1631083,Emily Engstler,0,2,2,10
2026,1022600142,1611661327,PDX,1643494,Frieda Buhner,0,1,1,10
2026,1022600142,1611661327,PDX,1643527,Jordan Harrison,0,4,4,8
2026,1022600142,1611661327,PDX,1629484,Megan DiLeo,0,4,4,9
2026,1022600142,1611661327,PDX,1642296,Nyadiew Puoch,0,0,1,10
2026,1022600142,1611661327,PDX,1642782,Sarah Ashlee Barker,0,3,3,9
2026,1022600142,1611661327,PDX,1643436,Serah Williams,0,0,0,10
2026,1022600142,1611661327,PDX,1643506,Teja Oblak,0,2,3,9
2026,1022600142,1611661322,WAS,1643644,Alicia Florez,0,5,4,10
2026,1022600142,1611661322,WAS,1643455,Angela Dugalic,0,0,0,10
2026,1022600142,1611661322,WAS,1643430,Cotie McMahon,0,2,2,9
2026,1022600142,1611661322,WAS,1642781,Georgia Amoore,0,2,3,8
2026,1022600142,1611661322,WAS,1642792,Kiki Iriafen,0,6,6,10
2026,1022600142,1611661322,WAS,1643427,Lauren Betts,0,1,1,9
2026,1022600142,1611661322,WAS,1642802,Lucy Olsen,0,2,1,10
2026,1022600142,1611661322,WAS,1630446,Michaela Onyenwere,0,4,5,10
2026,1022600142,1611661322,WAS,1631022,Shakira Austin,0,7,6,10
2026,1022600142,1611661322,WAS,1642785,Sonia Citron,0,4,4,9
2026,1022600143,1611661329,CHI,1642786,Aicha Coulibaly,0,0,0,9
2026,1022600143,1611661329,CHI,1628922,Azura Stevens,0,3,3,9
2026,1022600143,1611661329,CHI,202664,Courtney Vandersloot,0,9,8,9
2026,1022600143,1611661329,CHI,204322,Elizabeth Williams,0,1,1,9
2026,1022600143,1611661329,CHI,1643447,Gabriela Jaquez,0,1,2,6
2026,1022600143,1611661329,CHI,1642292,Jacy Sheldon,0,2,2,8
2026,1022600143,1611661329,CHI,1642289,Kamilla Cardoso,0,2,2,9
2026,1022600143,1611661329,CHI,204333,Natasha Cloud,0,4,4,9
2026,1022600143,1611661329,CHI,203400,Skylar Diggins,0,6,5,10
2026,1022600143,1611661329,CHI,1642321,Sydney Taylor,0,0,0,10
2026,1022600143,1611661319,LVA,1628932,A'ja Wilson,0,2,1,10
2026,1022600143,1611661319,LVA,1629488,Brianna Turner,0,0,0,5
2026,1022600143,1611661319,LVA,203833,Chelsea Gray,0,6,8,9
2026,1022600143,1611661319,LVA,1630150,Chennedy Carter,0,1,1,9
2026,1022600143,1611661319,LVA,204323,Cheyenne Parker-Tyus,0,0,0,4
2026,1022600143,1611661319,LVA,1629498,Jackie Young,0,9,8,10
2026,1022600143,1611661319,LVA,204319,Jewell Loyd,0,0,0,10
2026,1022600143,1611661319,LVA,1631006,Kierstan Bell,0,0,0,9
2026,1022600143,1611661319,LVA,1631019,NaLyssa Smith,0,2,2,8
2026,1022600143,1611661319,LVA,203855,Stephanie Talbot,0,0,0,10
2026,1022600144,1611661331,GSV,1628508,Cecilia Zandalasini,0,1,1,10
2026,1022600144,1611661331,GSV,1628931,Gabby Williams,0,1,1,11
2026,1022600144,1611661331,GSV,1642767,Janelle Salaun,0,1,1,9
2026,1022600144,1611661331,GSV,1642794,Juste Jocyte,0,0,0,4
2026,1022600144,1611661331,GSV,1630097,Kaila Charles,0,0,1,10
2026,1022600144,1611661331,GSV,1642822,Kaitlyn Chen,0,1,2,11
2026,1022600144,1611661331,GSV,203866,Kayla Thornton,0,0,0,10
2026,1022600144,1611661331,GSV,204329,Kiah Stokes,0,1,1,11
2026,1022600144,1611661331,GSV,1641656,Laeticia Amihere,0,2,3,11
2026,1022600144,1611661331,GSV,1643686,Nadia Fingall,0,0,0,3
2026,1022600144,1611661331,GSV,203026,Tiffany Hayes,0,2,2,10
2026,1022600144,1611661331,GSV,1631007,Veronica Burton,0,8,8,10
2026,1022600144,1611661313,NYL,204335,Betnijah Laney-Hamilton,0,1,1,9
2026,1022600144,1611661313,NYL,1627668,Breanna Stewart,0,0,0,10
2026,1022600144,1611661313,NYL,1627673,Jonquel Jones,0,1,2,10
2026,1022600144,1611661313,NYL,1630142,Leonie Fiebich,0,1,1,10
2026,1022600144,1611661313,NYL,1629546,Marine Johannes,0,2,3,11
2026,1022600144,1611661313,NYL,1631136,Pauline Astier,0,6,4,10
2026,1022600144,1611661313,NYL,1630384,Raquel Carrera,0,0,0,11
2026,1022600144,1611661313,NYL,204296,Rebecca Allen,0,0,0,6
2026,1022600144,1611661313,NYL,203822,Rebekah Gardner,0,1,1,11
2026,1022600144,1611661313,NYL,1629477,Sabrina Ionescu,0,1,2,9
2026,1022600144,1611661313,NYL,1629566,Xu Han,0,0,0,8
2026,1022600145,1611661330,ATL,1628277,Allisha Gray,0,2,3,10
2026,1022600145,1611661330,ATL,1642291,Angel Reese,0,4,3,10
2026,1022600145,1611661330,ATL,1643469,Indya Nivar,0,0,0,2
2026,1022600145,1611661330,ATL,1642302,Isobel Borlase,0,1,1,9
2026,1022600145,1611661330,ATL,1628886,Jordin Canada,0,8,7,10
2026,1022600145,1611661330,ATL,1643431,Madina Okot,0,0,0,9
2026,1022600145,1611661330,ATL,1631044,Naz Hillmon,0,0,1,9
2026,1022600145,1611661330,ATL,1631009,Rhyne Howard,0,3,3,10
2026,1022600145,1611661330,ATL,1631021,Sika Kone,0,0,0,10
2026,1022600145,1611661330,ATL,1642804,Te-Hina Paopao,0,0,1,8
2026,1022600145,1611661322,WAS,1643644,Alicia Florez,0,7,7,9
2026,1022600145,1611661322,WAS,1643455,Angela Dugalic,0,1,1,6
2026,1022600145,1611661322,WAS,1643467,Cassandre Prosper,0,1,1,9
2026,1022600145,1611661322,WAS,1643430,Cotie McMahon,0,2,2,8
2026,1022600145,1611661322,WAS,1642781,Georgia Amoore,0,1,0,6
2026,1022600145,1611661322,WAS,1642792,Kiki Iriafen,0,2,2,9
2026,1022600145,1611661322,WAS,1643427,Lauren Betts,0,1,1,9
2026,1022600145,1611661322,WAS,1642802,Lucy Olsen,0,0,0,7
2026,1022600145,1611661322,WAS,1630446,Michaela Onyenwere,0,3,3,9
2026,1022600145,1611661322,WAS,1631022,Shakira Austin,0,3,3,7
2026,1022600146,1611661323,CON,1642290,Aaliyah Edwards,0,5,4,10
2026,1022600146,1611661323,CON,1642800,Aneesah Morrow,0,0,0,4
2026,1022600146,1611661323,CON,203398,Brittney Griner,0,2,1,11
2026,1022600146,1611661323,CON,1643449,Charlisse Leger-Walker,0,0,1,11
2026,1022600146,1611661323,CON,1641649,Diamond Miller,0,1,1,8
2026,1022600146,1611661323,CON,1629568,Kennedy Burke,0,1,1,9
2026,1022600146,1611661323,CON,1642303,Leila Lacan,0,3,5,10
2026,1022600146,1611661323,CON,1631135,Olivia Nelson-Ododa,0,2,1,9
2026,1022600146,1611661323,CON,1642809,Saniya Rivers,0,2,2,7
2026,1022600146,1611661321,DAL,1629501,Alanna Smith,0,0,0,8
2026,1022600146,1611661321,DAL,1629481,Arike Ogunbowale,0,2,1,9
2026,1022600146,1611661321,DAL,1630386,Awak Kuier,0,0,0,5
2026,1022600146,1611661321,DAL,1642793,Aziaha James,0,0,0,6
2026,1022600146,1611661321,DAL,1643425,Azzi Fudd,0,6,5,9
2026,1022600146,1611661321,DAL,1629491,Jessica Shepard,0,0,1,9
2026,1022600146,1611661321,DAL,1629574,Li Yueru,0,0,0,7
2026,1022600146,1611661321,DAL,1641652,Maddy Siegrist,0,0,0,8
2026,1022600146,1611661321,DAL,203824,Odyssey Sims,0,5,4,8
2026,1022600146,1611661321,DAL,1642784,Paige Bueckers,0,9,7,9
2026,1022600146,1611661321,DAL,1630134,Sug Sutton,0,0,0,3
2026,1022600147,1611661317,PHX,203826,Alyssa Thomas,0,7,9,9
2026,1022600147,1611661317,PHX,201886,DeWanna Bonner,0,2,2,9
2026,1022600147,1611661317,PHX,1627674,Kahleah Copper,0,3,3,10
2026,1022600147,1611661317,PHX,1642768,Kyara Linskens,0,1,1,8
2026,1022600147,1611661317,PHX,1631118,Lexi Held,0,2,2,11
2026,1022600147,1611661317,PHX,1643438,Marta Suarez,0,0,0,9
2026,1022600147,1611661317,PHX,1642777,Monique Akoa Makani,0,1,2,11
2026,1022600147,1611661317,PHX,1643487,Quionche Carter,0,1,1,8
2026,1022600147,1611661317,PHX,204468,Valeriane Ayayi,0,3,3,9
2026,1022600147,1611661328,SEA,1643443,Awa Fam,0,4,3,9
2026,1022600147,1611661328,SEA,1642798,Dominique Malonga,0,1,1,8
2026,1022600147,1611661328,SEA,1629496,Ezi Magbegor,0,4,3,9
2026,1022600147,1611661328,SEA,1643428,Flau'jae Johnson,0,2,3,8
2026,1022600147,1611661328,SEA,1631141,Jade Melbourne,0,5,5,8
2026,1022600147,1611661328,SEA,1641651,Jordan Horston,0,0,2,9
2026,1022600147,1611661328,SEA,1629478,Katie Lou Samuelson,0,0,0,9
2026,1022600147,1611661328,SEA,1642307,Mackenzie Holmes,0,0,0,6
2026,1022600147,1611661328,SEA,1629567,Natisha Hiedeman,0,1,2,8
2026,1022600147,1611661328,SEA,203828,Stefanie Dolson,0,0,0,8
2026,1022600147,1611661328,SEA,1642814,Taylor Thierry,0,0,0,8
2026,1022600147,1611661328,SEA,1641660,Zia Cooke,0,0,0,9
2026,1022600148,1611661324,MIN,1642797,Anastasiia Olairi Kosu,0,4,3,9
2026,1022600148,1611661324,MIN,1643489,Antonia Delaere,0,2,2,7
2026,1022600148,1611661324,MIN,1627675,Courtney Williams,0,3,3,7
2026,1022600148,1611661324,MIN,203825,Kayla McBride,0,1,1,9
2026,1022600148,1611661324,MIN,1642820,Liatu King,0,0,0,5
2026,1022600148,1611661324,MIN,1630471,Maya Caldwell,0,3,3,9
2026,1022600148,1611661324,MIN,203827,Natasha Howard,0,1,2,9
2026,1022600148,1611661324,MIN,1628269,Nia Coffey,0,3,3,8
2026,1022600148,1611661324,MIN,1643426,Olivia Miles,0,8,5,9
2026,1022600148,1611661313,NYL,1627668,Breanna Stewart,0,0,0,9
2026,1022600148,1611661313,NYL,1627673,Jonquel Jones,0,4,5,9
2026,1022600148,1611661313,NYL,1630142,Leonie Fiebich,0,3,4,9
2026,1022600148,1611661313,NYL,1629546,Marine Johannes,0,6,5,7
2026,1022600148,1611661313,NYL,1631136,Pauline Astier,0,9,6,9
2026,1022600148,1611661313,NYL,1630384,Raquel Carrera,0,0,0,5
2026,1022600148,1611661313,NYL,203822,Rebekah Gardner,0,0,0,4
2026,1022600148,1611661313,NYL,1629477,Sabrina Ionescu,0,2,6,9
2026,1022600148,1611661313,NYL,1629566,Xu Han,0,0,0,7
2026,1022600149,1611661329,CHI,1642786,Aicha Coulibaly,0,0,0,7
2026,1022600149,1611661329,CHI,1628922,Azura Stevens,0,0,0,8
2026,1022600149,1611661329,CHI,202664,Courtney Vandersloot,0,3,3,8
2026,1022600149,1611661329,CHI,204322,Elizabeth Williams,0,2,2,8
2026,1022600149,1611661329,CHI,1643447,Gabriela Jaquez,0,0,0,6
2026,1022600149,1611661329,CHI,1642292,Jacy Sheldon,0,1,1,8
2026,1022600149,1611661329,CHI,1642289,Kamilla Cardoso,0,4,4,8
2026,1022600149,1611661329,CHI,204333,Natasha Cloud,0,3,5,8
2026,1022600149,1611661329,CHI,203400,Skylar Diggins,0,4,4,8
2026,1022600149,1611661329,CHI,1642321,Sydney Taylor,0,1,1,8
2026,1022600149,1611661319,LVA,203833,Chelsea Gray,0,6,6,10
2026,1022600149,1611661319,LVA,1630150,Chennedy Carter,0,1,1,9
2026,1022600149,1611661319,LVA,204323,Cheyenne Parker-Tyus,0,1,1,10
2026,1022600149,1611661319,LVA,1629498,Jackie Young,0,6,5,10
2026,1022600149,1611661319,LVA,204319,Jewell Loyd,0,2,3,10
2026,1022600149,1611661319,LVA,1631006,Kierstan Bell,0,0,0,8
2026,1022600149,1611661319,LVA,1631019,NaLyssa Smith,0,1,1,10
2026,1022600149,1611661319,LVA,203855,Stephanie Talbot,0,0,0,9
2026,1022600150,1611661330,ATL,1628277,Allisha Gray,0,3,3,10
2026,1022600150,1611661330,ATL,1642291,Angel Reese,0,5,3,10
2026,1022600150,1611661330,ATL,1643469,Indya Nivar,0,0,0,5
2026,1022600150,1611661330,ATL,1642302,Isobel Borlase,0,0,0,9
2026,1022600150,1611661330,ATL,1628886,Jordin Canada,0,8,8,10
2026,1022600150,1611661330,ATL,1643431,Madina Okot,0,0,0,10
2026,1022600150,1611661330,ATL,1631044,Naz Hillmon,0,1,1,10
2026,1022600150,1611661330,ATL,1631009,Rhyne Howard,0,1,3,9
2026,1022600150,1611661330,ATL,1631021,Sika Kone,0,0,0,7
2026,1022600150,1611661330,ATL,1642804,Te-Hina Paopao,0,0,0,4
2026,1022600150,1611661331,GSV,1628508,Cecilia Zandalasini,0,1,1,8
2026,1022600150,1611661331,GSV,1628931,Gabby Williams,0,2,2,8
2026,1022600150,1611661331,GSV,1642767,Janelle Salaun,0,0,0,9
2026,1022600150,1611661331,GSV,1630097,Kaila Charles,0,4,5,8
2026,1022600150,1611661331,GSV,1642822,Kaitlyn Chen,0,2,2,7
2026,1022600150,1611661331,GSV,203866,Kayla Thornton,0,1,1,8
2026,1022600150,1611661331,GSV,204329,Kiah Stokes,0,1,1,9
2026,1022600150,1611661331,GSV,1641656,Laeticia Amihere,0,1,2,10
2026,1022600150,1611661331,GSV,203026,Tiffany Hayes,0,1,1,8
2026,1022600150,1611661331,GSV,1631007,Veronica Burton,0,4,4,10
2026,1022600151,1611661327,PDX,1629524,Bridget Carleton,0,1,2,10
2026,1022600151,1611661327,PDX,1642304,Carla Leite,0,5,4,9
2026,1022600151,1611661327,PDX,1631083,Emily Engstler,0,0,0,9
2026,1022600151,1611661327,PDX,1643494,Frieda Buhner,0,2,2,9
2026,1022600151,1611661327,PDX,1641683,Holly Winterburn,0,2,2,9
2026,1022600151,1611661327,PDX,1629484,Megan DiLeo,0,3,3,10
2026,1022600151,1611661327,PDX,1642296,Nyadiew Puoch,0,0,0,9
2026,1022600151,1611661327,PDX,1642782,Sarah Ashlee Barker,0,3,3,9
2026,1022600151,1611661327,PDX,1643436,Serah Williams,0,0,0,9
2026,1022600151,1611661327,PDX,1643506,Teja Oblak,0,1,1,9
2026,1022600151,1611661328,SEA,1643443,Awa Fam,0,0,1,10
2026,1022600151,1611661328,SEA,1642798,Dominique Malonga,0,2,1,9
2026,1022600151,1611661328,SEA,1629496,Ezi Magbegor,0,1,1,8
2026,1022600151,1611661328,SEA,1643428,Flau'jae Johnson,0,4,3,10
2026,1022600151,1611661328,SEA,1631141,Jade Melbourne,0,1,3,8
2026,1022600151,1611661328,SEA,1641651,Jordan Horston,0,1,2,8
2026,1022600151,1611661328,SEA,1629478,Katie Lou Samuelson,0,0,0,9
2026,1022600151,1611661328,SEA,1629567,Natisha Hiedeman,0,3,4,10
2026,1022600151,1611661328,SEA,203828,Stefanie Dolson,0,0,0,9
2026,1022600151,1611661328,SEA,1641660,Zia Cooke,0,0,1,9
2026,1022600152,1611661321,DAL,1629501,Alanna Smith,0,1,1,9
2026,1022600152,1611661321,DAL,202252,Alysha Clark,0,0,0,7
2026,1022600152,1611661321,DAL,1629481,Arike Ogunbowale,0,1,2,9
2026,1022600152,1611661321,DAL,1630386,Awak Kuier,0,0,0,9
2026,1022600152,1611661321,DAL,1642793,Aziaha James,0,0,0,9
2026,1022600152,1611661321,DAL,1643425,Azzi Fudd,0,1,2,9
2026,1022600152,1611661321,DAL,1629491,Jessica Shepard,0,3,3,9
2026,1022600152,1611661321,DAL,1629574,Li Yueru,0,0,0,7
2026,1022600152,1611661321,DAL,1641652,Maddy Siegrist,0,0,0,9
2026,1022600152,1611661321,DAL,203824,Odyssey Sims,0,0,0,7
2026,1022600152,1611661321,DAL,1642784,Paige Bueckers,0,7,7,9
2026,1022600152,1611661321,DAL,1630134,Sug Sutton,0,0,1,7
2026,1022600152,1611661332,TOR,204330,Isabelle Harrison,0,1,1,11
2026,1022600152,1611661332,TOR,1628915,Kia Nurse,0,0,0,12
2026,1022600152,1611661332,TOR,1643420,Laura Juskaite,0,1,1,11
2026,1022600152,1611661332,TOR,1629576,Maria Conde,0,4,3,11
2026,1022600152,1611661332,TOR,1629497,Marina Mabrey,0,6,5,11
2026,1022600152,1611661332,TOR,1631055,Nyara Sabally,0,5,5,11
2026,1022600152,1611661332,TOR,1643706,Ornella Bankole,0,0,0,10
2026,1022600152,1611661332,TOR,1643457,Teonni Key,0,0,0,11
2026,1022600152,1611661332,TOR,1643647,Tima Pouye,0,1,1,11
2026,1022600153,1611661325,IND,1641648,Aliyah Boston,0,1,1,9
2026,1022600153,1611661325,IND,1643453,Grace VanSlooten,0,0,0,4
2026,1022600153,1611661325,IND,1628909,Kelsey Mitchell,0,3,3,9
2026,1022600153,1611661325,IND,1631086,Lexie Hull,0,1,1,9
2026,1022600153,1611661325,IND,1642815,Makayla Timpson,0,1,1,8
2026,1022600153,1611661325,IND,1628881,Monique Billings,0,3,2,8
2026,1022600153,1611661325,IND,1628899,Myisha Hines-Allen,0,2,2,8
2026,1022600153,1611661325,IND,1643433,Raven Johnson,0,2,2,9
2026,1022600153,1611661325,IND,1629482,Sophie Cunningham,0,1,1,9
2026,1022600153,1611661325,IND,1630112,Tyasha Harris,0,5,5,9
2026,1022600153,1611661319,LVA,1629488,Brianna Turner,0,0,0,10
2026,1022600153,1611661319,LVA,203833,Chelsea Gray,0,6,6,9
2026,1022600153,1611661319,LVA,1630150,Chennedy Carter,0,1,1,10
2026,1022600153,1611661319,LVA,204323,Cheyenne Parker-Tyus,0,0,0,9
2026,1022600153,1611661319,LVA,1629498,Jackie Young,0,4,4,9
2026,1022600153,1611661319,LVA,204319,Jewell Loyd,0,1,1,9
2026,1022600153,1611661319,LVA,1631006,Kierstan Bell,0,0,0,5
2026,1022600153,1611661319,LVA,1631019,NaLyssa Smith,0,1,1,9
2026,1022600153,1611661319,LVA,203855,Stephanie Talbot,0,1,1,10
2026,1022600155,1611661323,CON,1642290,Aaliyah Edwards,0,1,1,9
2026,1022600155,1611661323,CON,203398,Brittney Griner,0,4,3,9
2026,1022600155,1611661323,CON,1643449,Charlisse Leger-Walker,0,5,5,8
2026,1022600155,1611661323,CON,1641649,Diamond Miller,0,3,3,7
2026,1022600155,1611661323,CON,1643429,Gianna Kneepkens,0,0,0,6
2026,1022600155,1611661323,CON,1629568,Kennedy Burke,0,2,2,9
2026,1022600155,1611661323,CON,1642303,Leila Lacan,0,4,3,9
2026,1022600155,1611661323,CON,1643448,Nell Angloma,0,0,0,1
2026,1022600155,1611661323,CON,1631135,Olivia Nelson-Ododa,0,3,3,9
2026,1022600155,1611661323,CON,1642809,Saniya Rivers,0,1,1,9
2026,1022600155,1611661324,MIN,1642797,Anastasiia Olairi Kosu,0,0,0,8
2026,1022600155,1611661324,MIN,1643489,Antonia Delaere,0,0,0,9
2026,1022600155,1611661324,MIN,1627675,Courtney Williams,0,6,6,9
2026,1022600155,1611661324,MIN,1641657,Dorka Juhasz,0,3,3,9
2026,1022600155,1611661324,MIN,1643490,Eliska Joklova,0,1,3,7
2026,1022600155,1611661324,MIN,203825,Kayla McBride,0,2,2,9
2026,1022600155,1611661324,MIN,1630471,Maya Caldwell,0,3,3,9
2026,1022600155,1611661324,MIN,203827,Natasha Howard,0,4,4,8
2026,1022600155,1611661324,MIN,1628269,Nia Coffey,0,3,3,9
2026,1022600156,1611661320,LAS,1628878,Ariel Atkins,0,0,0,10
2026,1022600156,1611661320,LAS,1643462,Chance Gray,0,0,0,11
2026,1022600156,1611661320,LAS,204324,Dearica Hamby,0,2,2,9
2026,1022600156,1611661320,LAS,1628242,Emma Cannon,0,3,3,12
2026,1022600156,1611661320,LAS,204365,Erica Wheeler,0,7,7,10
2026,1022600156,1611661320,LAS,1630148,Jihyun Park,0,0,0,10
2026,1022600156,1611661320,LAS,1642324,Kate Martin,0,0,0,11
2026,1022600156,1611661320,LAS,1630461,Kiana Williams,0,4,3,12
2026,1022600156,1611661320,LAS,203014,Nneka Ogwumike,0,3,3,10
2026,1022600156,1611661320,LAS,1630996,Rae Burrell,0,0,0,10
2026,1022600156,1611661328,SEA,1643443,Awa Fam,0,1,2,10
2026,1022600156,1611661328,SEA,1642798,Dominique Malonga,0,3,2,9
2026,1022600156,1611661328,SEA,1629496,Ezi Magbegor,0,0,0,6
2026,1022600156,1611661328,SEA,1643428,Flau'jae Johnson,0,1,3,9
2026,1022600156,1611661328,SEA,1631141,Jade Melbourne,0,4,4,10
2026,1022600156,1611661328,SEA,1641651,Jordan Horston,0,0,1,10
2026,1022600156,1611661328,SEA,1629478,Katie Lou Samuelson,0,0,0,10
2026,1022600156,1611661328,SEA,1642307,Mackenzie Holmes,0,0,0,3
2026,1022600156,1611661328,SEA,1629567,Natisha Hiedeman,0,3,4,10
2026,1022600156,1611661328,SEA,203828,Stefanie Dolson,0,1,2,10
2026,1022600156,1611661328,SEA,1642814,Taylor Thierry,0,0,0,3
2026,1022600156,1611661328,SEA,1641660,Zia Cooke,0,0,0,8
2026,1022600157,1611661321,DAL,1629501,Alanna Smith,0,1,1,10
2026,1022600157,1611661321,DAL,1629481,Arike Ogunbowale,0,1,1,10
2026,1022600157,1611661321,DAL,1630386,Awak Kuier,0,7,7,10
2026,1022600157,1611661321,DAL,1642793,Aziaha James,0,0,0,8
2026,1022600157,1611661321,DAL,1643425,Azzi Fudd,0,4,3,9
2026,1022600157,1611661321,DAL,1629491,Jessica Shepard,0,12,11,10
2026,1022600157,1611661321,DAL,203824,Odyssey Sims,0,0,0,10
2026,1022600157,1611661321,DAL,1642784,Paige Bueckers,0,5,6,10
2026,1022600157,1611661313,NYL,204335,Betnijah Laney-Hamilton,0,1,1,8
2026,1022600157,1611661313,NYL,1627668,Breanna Stewart,0,2,4,8
2026,1022600157,1611661313,NYL,1627673,Jonquel Jones,0,2,2,8
2026,1022600157,1611661313,NYL,1629546,Marine Johannes,0,1,1,8
2026,1022600157,1611661313,NYL,1631136,Pauline Astier,0,1,1,8
2026,1022600157,1611661313,NYL,1630384,Raquel Carrera,0,1,1,8
2026,1022600157,1611661313,NYL,204296,Rebecca Allen,0,0,0,7
2026,1022600157,1611661313,NYL,203822,Rebekah Gardner,0,1,1,8
2026,1022600157,1611661313,NYL,1629477,Sabrina Ionescu,0,4,5,8
2026,1022600157,1611661313,NYL,1629566,Xu Han,0,0,0,6
2026,1022600158,1611661329,CHI,1642786,Aicha Coulibaly,0,1,1,8
2026,1022600158,1611661329,CHI,1628922,Azura Stevens,0,1,2,8
2026,1022600158,1611661329,CHI,202664,Courtney Vandersloot,0,2,1,9
2026,1022600158,1611661329,CHI,204322,Elizabeth Williams,0,3,2,9
2026,1022600158,1611661329,CHI,1643447,Gabriela Jaquez,0,1,1,9
2026,1022600158,1611661329,CHI,1642292,Jacy Sheldon,0,2,2,7
2026,1022600158,1611661329,CHI,1642289,Kamilla Cardoso,0,4,4,9
2026,1022600158,1611661329,CHI,204333,Natasha Cloud,0,6,6,9
2026,1022600158,1611661329,CHI,1627671,Rachel Banham,0,1,1,7
2026,1022600158,1611661329,CHI,1642321,Sydney Taylor,0,1,1,8
2026,1022600158,1611661317,PHX,203826,Alyssa Thomas,0,5,5,10
2026,1022600158,1611661317,PHX,201886,DeWanna Bonner,0,0,0,10
2026,1022600158,1611661317,PHX,1627674,Kahleah Copper,0,1,1,10
2026,1022600158,1611661317,PHX,1642768,Kyara Linskens,0,0,0,5
2026,1022600158,1611661317,PHX,1631118,Lexi Held,0,2,2,10
2026,1022600158,1611661317,PHX,1643438,Marta Suarez,0,0,0,6
2026,1022600158,1611661317,PHX,1642777,Monique Akoa Makani,0,1,1,10
2026,1022600158,1611661317,PHX,1643493,Noemie Brochant,0,0,0,9
2026,1022600158,1611661317,PHX,204468,Valeriane Ayayi,0,0,0,10
2026,1022600159,1611661331,GSV,1628508,Cecilia Zandalasini,0,2,2,7
2026,1022600159,1611661331,GSV,1628931,Gabby Williams,0,2,2,8
2026,1022600159,1611661331,GSV,1642767,Janelle Salaun,0,1,1,9
2026,1022600159,1611661331,GSV,1630097,Kaila Charles,0,1,1,7
2026,1022600159,1611661331,GSV,1642822,Kaitlyn Chen,0,3,3,8
2026,1022600159,1611661331,GSV,203866,Kayla Thornton,0,0,0,7
2026,1022600159,1611661331,GSV,204329,Kiah Stokes,0,0,0,8
2026,1022600159,1611661331,GSV,1641656,Laeticia Amihere,0,0,0,9
2026,1022600159,1611661331,GSV,1643686,Nadia Fingall,0,0,0,3
2026,1022600159,1611661331,GSV,203026,Tiffany Hayes,0,3,3,9
2026,1022600159,1611661331,GSV,1631007,Veronica Burton,0,6,6,9
2026,1022600159,1611661332,TOR,204330,Isabelle Harrison,0,2,2,11
2026,1022600159,1611661332,TOR,1627700,Julie Allemand,0,7,7,11
2026,1022600159,1611661332,TOR,1628915,Kia Nurse,0,2,2,9
2026,1022600159,1611661332,TOR,1643420,Laura Juskaite,0,1,1,9
2026,1022600159,1611661332,TOR,1629576,Maria Conde,0,1,1,10
2026,1022600159,1611661332,TOR,1629497,Marina Mabrey,0,2,4,10
2026,1022600159,1611661332,TOR,1631055,Nyara Sabally,0,1,1,10
2026,1022600159,1611661332,TOR,1643457,Teonni Key,0,0,0,10
2026,1022600159,1611661332,TOR,1643647,Tima Pouye,0,1,1,7
2026,1022600160,1611661323,CON,1642290,Aaliyah Edwards,0,0,0,9
2026,1022600160,1611661323,CON,1643449,Charlisse Leger-Walker,0,2,3,9
2026,1022600160,1611661323,CON,1641649,Diamond Miller,0,2,2,8
2026,1022600160,1611661323,CON,1643429,Gianna Kneepkens,0,1,1,6
2026,1022600160,1611661323,CON,1629568,Kennedy Burke,0,3,3,9
2026,1022600160,1611661323,CON,1642303,Leila Lacan,0,7,6,9
2026,1022600160,1611661323,CON,1643448,Nell Angloma,0,0,0,9
2026,1022600160,1611661323,CON,1631135,Olivia Nelson-Ododa,0,3,2,9
2026,1022600160,1611661323,CON,1643441,Raegan Beers,0,1,1,9
2026,1022600160,1611661323,CON,1642809,Saniya Rivers,0,2,2,8
2026,1022600160,1611661324,MIN,1642797,Anastasiia Olairi Kosu,0,3,3,9
2026,1022600160,1611661324,MIN,1643489,Antonia Delaere,0,0,0,9
2026,1022600160,1611661324,MIN,1627675,Courtney Williams,0,6,7,10
2026,1022600160,1611661324,MIN,1641657,Dorka Juhasz,0,1,1,10
2026,1022600160,1611661324,MIN,1643490,Eliska Joklova,0,3,3,8
2026,1022600160,1611661324,MIN,203825,Kayla McBride,0,5,4,10
2026,1022600160,1611661324,MIN,1630471,Maya Caldwell,0,1,1,9
2026,1022600160,1611661324,MIN,203827,Natasha Howard,0,2,2,9
2026,1022600160,1611661324,MIN,1628269,Nia Coffey,0,0,0,8
2026,1022600161,1611661325,IND,1642788,Bree Hall,0,0,0,2
2026,1022600161,1611661325,IND,1642286,Caitlin Clark,0,2,3,9
2026,1022600161,1611661325,IND,203024,Damiris Dantas,0,2,2,8
2026,1022600161,1611661325,IND,1643453,Grace VanSlooten,0,0,0,5
2026,1022600161,1611661325,IND,1628909,Kelsey Mitchell,0,2,3,9
2026,1022600161,1611661325,IND,1631086,Lexie Hull,0,0,0,9
2026,1022600161,1611661325,IND,1642815,Makayla Timpson,0,0,0,9
2026,1022600161,1611661325,IND,1628881,Monique Billings,0,3,3,8
2026,1022600161,1611661325,IND,1628899,Myisha Hines-Allen,0,0,0,9
2026,1022600161,1611661325,IND,1643433,Raven Johnson,0,2,2,8
2026,1022600161,1611661325,IND,1629482,Sophie Cunningham,0,1,1,6
2026,1022600161,1611661325,IND,1630112,Tyasha Harris,0,3,4,9
2026,1022600161,1611661320,LAS,1642293,Alissa Pili,0,2,2,10
2026,1022600161,1611661320,LAS,1628878,Ariel Atkins,0,1,1,11
2026,1022600161,1611661320,LAS,204324,Dearica Hamby,0,1,2,11
2026,1022600161,1611661320,LAS,1628242,Emma Cannon,0,0,0,5
2026,1022600161,1611661320,LAS,204365,Erica Wheeler,0,3,6,10
2026,1022600161,1611661320,LAS,1630148,Jihyun Park,0,1,1,11
2026,1022600161,1611661320,LAS,1630461,Kiana Williams,0,3,4,10
2026,1022600161,1611661320,LAS,203014,Nneka Ogwumike,0,4,5,11
2026,1022600161,1611661320,LAS,1630996,Rae Burrell,0,3,4,11
2026,1022600162,1611661330,ATL,1628277,Allisha Gray,0,6,5,10
2026,1022600162,1611661330,ATL,1642291,Angel Reese,0,2,2,9
2026,1022600162,1611661330,ATL,1642302,Isobel Borlase,0,0,0,10
2026,1022600162,1611661330,ATL,1628886,Jordin Canada,0,4,8,10
2026,1022600162,1611661330,ATL,1643431,Madina Okot,0,0,0,7
2026,1022600162,1611661330,ATL,1631044,Naz Hillmon,0,1,1,10
2026,1022600162,1611661330,ATL,1631009,Rhyne Howard,0,2,2,10
2026,1022600162,1611661330,ATL,1631021,Sika Kone,0,0,0,8
2026,1022600162,1611661330,ATL,1642804,Te-Hina Paopao,0,0,0,8
2026,1022600162,1611661328,SEA,1643443,Awa Fam,0,4,4,8
2026,1022600162,1611661328,SEA,1642798,Dominique Malonga,0,2,2,9
2026,1022600162,1611661328,SEA,1629496,Ezi Magbegor,0,0,0,9
2026,1022600162,1611661328,SEA,1643428,Flau'jae Johnson,0,4,5,8
2026,1022600162,1611661328,SEA,1631141,Jade Melbourne,0,4,4,8
2026,1022600162,1611661328,SEA,1641651,Jordan Horston,0,1,1,8
2026,1022600162,1611661328,SEA,1629478,Katie Lou Samuelson,0,0,0,7
2026,1022600162,1611661328,SEA,1629567,Natisha Hiedeman,0,3,3,9
2026,1022600162,1611661328,SEA,203828,Stefanie Dolson,0,1,1,9
2026,1022600162,1611661328,SEA,1641660,Zia Cooke,0,1,1,6
2026,1022600163,1611661325,IND,1641648,Aliyah Boston,0,0,0,9
2026,1022600163,1611661325,IND,1628909,Kelsey Mitchell,0,7,8,9
2026,1022600163,1611661325,IND,1631086,Lexie Hull,0,0,0,9
2026,1022600163,1611661325,IND,1642815,Makayla Timpson,0,1,1,8
2026,1022600163,1611661325,IND,1628881,Monique Billings,0,0,0,9
2026,1022600163,1611661325,IND,1628899,Myisha Hines-Allen,0,0,0,7
2026,1022600163,1611661325,IND,1643433,Raven Johnson,0,2,2,9
2026,1022600163,1611661325,IND,1629482,Sophie Cunningham,0,2,2,9
2026,1022600163,1611661325,IND,1630112,Tyasha Harris,0,5,5,9
2026,1022600163,1611661317,PHX,203826,Alyssa Thomas,0,7,7,9
2026,1022600163,1611661317,PHX,201886,DeWanna Bonner,0,2,2,9
2026,1022600163,1611661317,PHX,1627674,Kahleah Copper,0,2,2,9
2026,1022600163,1611661317,PHX,1631118,Lexi Held,0,5,4,8
2026,1022600163,1611661317,PHX,1643438,Marta Suarez,0,0,0,8
2026,1022600163,1611661317,PHX,1642777,Monique Akoa Makani,0,2,3,8
2026,1022600163,1611661317,PHX,1643493,Noemie Brochant,0,1,1,6
2026,1022600163,1611661317,PHX,1628244,Sami Whitcomb,0,2,1,8
2026,1022600163,1611661317,PHX,204468,Valeriane Ayayi,0,2,3,9
2026,1022600164,1611661319,LVA,1628932,A'ja Wilson,0,3,3,11
2026,1022600164,1611661319,LVA,1629488,Brianna Turner,0,0,0,11
2026,1022600164,1611661319,LVA,203833,Chelsea Gray,0,7,7,10
2026,1022600164,1611661319,LVA,204323,Cheyenne Parker-Tyus,0,0,0,8
2026,1022600164,1611661319,LVA,1629498,Jackie Young,0,13,11,11
2026,1022600164,1611661319,LVA,204319,Jewell Loyd,0,0,0,12
2026,1022600164,1611661319,LVA,1631006,Kierstan Bell,0,1,1,11
2026,1022600164,1611661319,LVA,1631019,NaLyssa Smith,0,0,0,10
2026,1022600164,1611661319,LVA,203855,Stephanie Talbot,0,0,1,12
2026,1022600164,1611661327,PDX,1629524,Bridget Carleton,0,2,3,9
2026,1022600164,1611661327,PDX,1642304,Carla Leite,0,5,5,9
2026,1022600164,1611661327,PDX,1631083,Emily Engstler,0,2,2,9
2026,1022600164,1611661327,PDX,1643494,Frieda Buhner,0,0,0,8
2026,1022600164,1611661327,PDX,1641683,Holly Winterburn,0,0,0,4
2026,1022600164,1611661327,PDX,1628317,Karlie Samuelson,0,0,0,7
2026,1022600164,1611661327,PDX,1630143,Luisa Geiselsoder,0,0,0,7
2026,1022600164,1611661327,PDX,1629484,Megan DiLeo,0,0,0,9
2026,1022600164,1611661327,PDX,1642296,Nyadiew Puoch,0,1,1,9
2026,1022600164,1611661327,PDX,1642782,Sarah Ashlee Barker,0,4,3,8
2026,1022600164,1611661327,PDX,1643436,Serah Williams,0,0,1,8
2026,1022600164,1611661327,PDX,1643506,Teja Oblak,0,3,2,8
2026,1022600165,1611661323,CON,1642290,Aaliyah Edwards,0,0,0,9
2026,1022600165,1611661323,CON,1643449,Charlisse Leger-Walker,0,2,2,9
2026,1022600165,1611661323,CON,1641649,Diamond Miller,0,0,0,11
2026,1022600165,1611661323,CON,1643429,Gianna Kneepkens,0,0,0,9
2026,1022600165,1611661323,CON,1642817,Hailey Van Lith,0,0,2,5
2026,1022600165,1611661323,CON,1629568,Kennedy Burke,0,0,0,7
2026,1022600165,1611661323,CON,1642303,Leila Lacan,0,6,6,9
2026,1022600165,1611661323,CON,1643448,Nell Angloma,0,4,4,8
2026,1022600165,1611661323,CON,1631135,Olivia Nelson-Ododa,0,5,4,9
2026,1022600165,1611661323,CON,1643441,Raegan Beers,0,1,1,10
2026,1022600165,1611661331,GSV,1628508,Cecilia Zandalasini,0,0,0,8
2026,1022600165,1611661331,GSV,1642767,Janelle Salaun,0,1,1,9
2026,1022600165,1611661331,GSV,1642794,Juste Jocyte,0,0,0,2
2026,1022600165,1611661331,GSV,1630097,Kaila Charles,0,1,1,10
2026,1022600165,1611661331,GSV,1642822,Kaitlyn Chen,0,0,1,8
2026,1022600165,1611661331,GSV,203866,Kayla Thornton,0,0,0,7
2026,1022600165,1611661331,GSV,204329,Kiah Stokes,0,2,2,7
2026,1022600165,1611661331,GSV,1641656,Laeticia Amihere,0,3,3,9
2026,1022600165,1611661331,GSV,1643686,Nadia Fingall,0,0,0,1
2026,1022600165,1611661331,GSV,203026,Tiffany Hayes,0,5,5,9
2026,1022600165,1611661331,GSV,1631007,Veronica Burton,0,6,6,10
2026,1022600166,1611661321,DAL,1629501,Alanna Smith,0,0,0,8
2026,1022600166,1611661321,DAL,202252,Alysha Clark,0,2,2,9
2026,1022600166,1611661321,DAL,1629481,Arike Ogunbowale,0,8,7,9
2026,1022600166,1611661321,DAL,1630386,Awak Kuier,0,1,1,6
2026,1022600166,1611661321,DAL,1642793,Aziaha James,0,1,1,6
2026,1022600166,1611661321,DAL,1643425,Azzi Fudd,0,2,2,9
2026,1022600166,1611661321,DAL,1629491,Jessica Shepard,0,4,3,9
2026,1022600166,1611661321,DAL,1641652,Maddy Siegrist,0,0,0,3
2026,1022600166,1611661321,DAL,203824,Odyssey Sims,0,0,0,9
2026,1022600166,1611661321,DAL,1642784,Paige Bueckers,0,9,6,9
2026,1022600166,1611661332,TOR,204330,Isabelle Harrison,0,1,1,8
2026,1022600166,1611661332,TOR,1627700,Julie Allemand,0,7,8,9
2026,1022600166,1611661332,TOR,203405,Kayla Alexander,0,0,0,7
2026,1022600166,1611661332,TOR,1628915,Kia Nurse,0,1,1,7
2026,1022600166,1611661332,TOR,1643420,Laura Juskaite,0,3,3,9
2026,1022600166,1611661332,TOR,1629576,Maria Conde,0,9,9,10
2026,1022600166,1611661332,TOR,1629497,Marina Mabrey,0,1,1,10
2026,1022600166,1611661332,TOR,1643457,Teonni Key,0,1,0,8
2026,1022600166,1611661332,TOR,1643647,Tima Pouye,0,1,1,6
2026,1022600167,1611661329,CHI,1642786,Aicha Coulibaly,0,0,0,10
2026,1022600167,1611661329,CHI,1628922,Azura Stevens,0,3,2,9
2026,1022600167,1611661329,CHI,202664,Courtney Vandersloot,0,3,4,7
2026,1022600167,1611661329,CHI,204322,Elizabeth Williams,0,3,2,11
2026,1022600167,1611661329,CHI,1643447,Gabriela Jaquez,0,0,0,11
2026,1022600167,1611661329,CHI,1642292,Jacy Sheldon,0,2,2,7
2026,1022600167,1611661329,CHI,1642289,Kamilla Cardoso,0,2,2,10
2026,1022600167,1611661329,CHI,204333,Natasha Cloud,0,5,7,8
2026,1022600167,1611661329,CHI,1627671,Rachel Banham,0,0,0,10
2026,1022600167,1611661329,CHI,1642321,Sydney Taylor,0,2,2,7
2026,1022600167,1611661320,LAS,1642293,Alissa Pili,0,0,0,7
2026,1022600167,1611661320,LAS,1628878,Ariel Atkins,0,6,6,10
2026,1022600167,1611661320,LAS,1643462,Chance Gray,0,0,0,3
2026,1022600167,1611661320,LAS,204324,Dearica Hamby,0,3,3,10
2026,1022600167,1611661320,LAS,1628242,Emma Cannon,0,0,0,9
2026,1022600167,1611661320,LAS,204365,Erica Wheeler,0,9,8,10
2026,1022600167,1611661320,LAS,1630148,Jihyun Park,0,0,0,6
2026,1022600167,1611661320,LAS,1642324,Kate Martin,0,1,1,5
2026,1022600167,1611661320,LAS,1630461,Kiana Williams,0,4,5,10
2026,1022600167,1611661320,LAS,203014,Nneka Ogwumike,0,5,5,10
2026,1022600167,1611661320,LAS,1630996,Rae Burrell,0,3,4,10
2026,1022600168,1611661324,MIN,1642797,Anastasiia Olairi Kosu,0,0,0,2
2026,1022600168,1611661324,MIN,1643489,Antonia Delaere,0,1,1,8
2026,1022600168,1611661324,MIN,1627675,Courtney Williams,0,1,1,9
2026,1022600168,1611661324,MIN,1641657,Dorka Juhasz,0,1,1,9
2026,1022600168,1611661324,MIN,1643490,Eliska Joklova,0,2,2,8
2026,1022600168,1611661324,MIN,203825,Kayla McBride,0,2,2,9
2026,1022600168,1611661324,MIN,1630471,Maya Caldwell,0,0,0,8
2026,1022600168,1611661324,MIN,203827,Natasha Howard,0,2,2,10
2026,1022600168,1611661324,MIN,1628269,Nia Coffey,0,5,5,10
2026,1022600168,1611661324,MIN,1643426,Olivia Miles,0,2,4,9
2026,1022600168,1611661313,NYL,204335,Betnijah Laney-Hamilton,0,3,2,9
2026,1022600168,1611661313,NYL,1627668,Breanna Stewart,0,1,3,10
2026,1022600168,1611661313,NYL,1627673,Jonquel Jones,0,2,2,8
2026,1022600168,1611661313,NYL,1629546,Marine Johannes,0,2,1,9
2026,1022600168,1611661313,NYL,1631136,Pauline Astier,0,2,2,9
2026,1022600168,1611661313,NYL,1630384,Raquel Carrera,0,0,0,4
2026,1022600168,1611661313,NYL,204296,Rebecca Allen,0,1,2,8
2026,1022600168,1611661313,NYL,203822,Rebekah Gardner,0,1,2,6
2026,1022600168,1611661313,NYL,1629477,Sabrina Ionescu,0,6,5,9
2026,1022600168,1611661313,NYL,1629566,Xu Han,0,1,1,10
2026,1022600169,1611661319,LVA,1628932,A'ja Wilson,0,4,3,7
2026,1022600169,1611661319,LVA,1629488,Brianna Turner,0,0,0,9
2026,1022600169,1611661319,LVA,203833,Chelsea Gray,0,12,12,9
2026,1022600169,1611661319,LVA,204323,Cheyenne Parker-Tyus,0,0,0,8
2026,1022600169,1611661319,LVA,1629498,Jackie Young,0,7,6,9
2026,1022600169,1611661319,LVA,204319,Jewell Loyd,0,3,3,9
2026,1022600169,1611661319,LVA,1643495,Justine Pissott,0,1,2,8
2026,1022600169,1611661319,LVA,1631006,Kierstan Bell,0,4,4,8
2026,1022600169,1611661319,LVA,1631019,NaLyssa Smith,0,0,0,8
2026,1022600169,1611661319,LVA,203855,Stephanie Talbot,0,1,1,9
2026,1022600169,1611661317,PHX,203826,Alyssa Thomas,0,1,1,10
2026,1022600169,1611661317,PHX,201886,DeWanna Bonner,0,3,3,8
2026,1022600169,1611661317,PHX,1627674,Kahleah Copper,0,0,0,10
2026,1022600169,1611661317,PHX,1631118,Lexi Held,0,2,2,10
2026,1022600169,1611661317,PHX,1643438,Marta Suarez,0,2,2,8
2026,1022600169,1611661317,PHX,1642777,Monique Akoa Makani,0,2,1,10
2026,1022600169,1611661317,PHX,1643493,Noemie Brochant,0,1,1,10
2026,1022600169,1611661317,PHX,1628244,Sami Whitcomb,0,3,3,8
2026,1022600169,1611661317,PHX,204468,Valeriane Ayayi,0,1,1,10
2026,1022600170,1611661330,ATL,1642801,Aaliyah Nye,0,0,0,5
2026,1022600170,1611661330,ATL,1628277,Allisha Gray,0,2,2,10
2026,1022600170,1611661330,ATL,1643469,Indya Nivar,0,0,0,1
2026,1022600170,1611661330,ATL,1642302,Isobel Borlase,0,5,3,10
2026,1022600170,1611661330,ATL,1628886,Jordin Canada,0,9,12,10
2026,1022600170,1611661330,ATL,1643431,Madina Okot,0,0,0,9
2026,1022600170,1611661330,ATL,1631044,Naz Hillmon,0,2,2,9
2026,1022600170,1611661330,ATL,1631009,Rhyne Howard,0,4,4,9
2026,1022600170,1611661330,ATL,1631021,Sika Kone,0,0,0,10
2026,1022600170,1611661330,ATL,1642804,Te-Hina Paopao,0,3,2,5
2026,1022600170,1611661327,PDX,1629524,Bridget Carleton,0,4,4,9
2026,1022600170,1611661327,PDX,1642304,Carla Leite,0,9,10,7
2026,1022600170,1611661327,PDX,1631083,Emily Engstler,0,4,4,7
2026,1022600170,1611661327,PDX,1643494,Frieda Buhner,0,0,0,8
2026,1022600170,1611661327,PDX,1641683,Holly Winterburn,0,1,1,8
2026,1022600170,1611661327,PDX,1628317,Karlie Samuelson,0,0,0,6
2026,1022600170,1611661327,PDX,1629484,Megan DiLeo,0,1,1,7
2026,1022600170,1611661327,PDX,1642296,Nyadiew Puoch,0,0,0,9
2026,1022600170,1611661327,PDX,1643436,Serah Williams,0,2,1,9
2026,1022600170,1611661327,PDX,1643506,Teja Oblak,0,8,7,7
2026,1022600171,1611661313,NYL,1630993,Anneli Maley,0,0,0,6
2026,1022600171,1611661313,NYL,204335,Betnijah Laney-Hamilton,0,2,1,8
2026,1022600171,1611661313,NYL,1627668,Breanna Stewart,0,2,2,8
2026,1022600171,1611661313,NYL,1627673,Jonquel Jones,0,0,0,8
2026,1022600171,1611661313,NYL,1629546,Marine Johannes,0,3,2,8
2026,1022600171,1611661313,NYL,1631136,Pauline Astier,0,1,2,8
2026,1022600171,1611661313,NYL,1630384,Raquel Carrera,0,0,0,6
2026,1022600171,1611661313,NYL,203822,Rebekah Gardner,0,0,0,3
2026,1022600171,1611661313,NYL,1629477,Sabrina Ionescu,0,8,8,9
2026,1022600171,1611661313,NYL,1629566,Xu Han,0,1,1,8
2026,1022600171,1611661332,TOR,204330,Isabelle Harrison,0,0,0,10
2026,1022600171,1611661332,TOR,1627700,Julie Allemand,0,9,10,9
2026,1022600171,1611661332,TOR,1628915,Kia Nurse,0,0,1,6
2026,1022600171,1611661332,TOR,1643420,Laura Juskaite,0,3,3,9
2026,1022600171,1611661332,TOR,1629576,Maria Conde,0,1,2,10
2026,1022600171,1611661332,TOR,1629497,Marina Mabrey,0,5,5,9
2026,1022600171,1611661332,TOR,1631055,Nyara Sabally,0,2,1,10
2026,1022600171,1611661332,TOR,1643706,Ornella Bankole,0,0,0,3
2026,1022600171,1611661332,TOR,1643647,Tima Pouye,0,0,0,6
2026,1022600172,1611661328,SEA,1643443,Awa Fam,0,2,2,9
2026,1022600172,1611661328,SEA,1642798,Dominique Malonga,0,2,2,9
2026,1022600172,1611661328,SEA,1643428,Flau'jae Johnson,0,2,3,10
2026,1022600172,1611661328,SEA,1631141,Jade Melbourne,0,2,2,9
2026,1022600172,1611661328,SEA,1641651,Jordan Horston,0,0,0,7
2026,1022600172,1611661328,SEA,1629478,Katie Lou Samuelson,0,0,0,9
2026,1022600172,1611661328,SEA,1642307,Mackenzie Holmes,0,0,0,5
2026,1022600172,1611661328,SEA,1629567,Natisha Hiedeman,0,2,3,9
2026,1022600172,1611661328,SEA,203828,Stefanie Dolson,0,0,0,7
2026,1022600172,1611661328,SEA,1641660,Zia Cooke,0,0,0,8
2026,1022600172,1611661322,WAS,1643644,Alicia Florez,0,4,4,9
2026,1022600172,1611661322,WAS,1643455,Angela Dugalic,0,0,0,4
2026,1022600172,1611661322,WAS,1643467,Cassandre Prosper,0,1,1,8
2026,1022600172,1611661322,WAS,1643430,Cotie McMahon,0,2,2,8
2026,1022600172,1611661322,WAS,1642781,Georgia Amoore,0,3,4,8
2026,1022600172,1611661322,WAS,1642792,Kiki Iriafen,0,3,3,10
2026,1022600172,1611661322,WAS,1643427,Lauren Betts,0,3,3,9
2026,1022600172,1611661322,WAS,1630446,Michaela Onyenwere,0,2,2,9
2026,1022600172,1611661322,WAS,1631022,Shakira Austin,0,4,3,10
2026,1022600172,1611661322,WAS,1642785,Sonia Citron,0,1,1,10
2026,1022600173,1611661329,CHI,1628922,Azura Stevens,0,4,3,11
2026,1022600173,1611661329,CHI,202664,Courtney Vandersloot,0,5,3,9
2026,1022600173,1611661329,CHI,204322,Elizabeth Williams,0,0,0,8
2026,1022600173,1611661329,CHI,1643447,Gabriela Jaquez,0,0,0,9
2026,1022600173,1611661329,CHI,1642292,Jacy Sheldon,0,1,1,6
2026,1022600173,1611661329,CHI,1642289,Kamilla Cardoso,0,2,2,8
2026,1022600173,1611661329,CHI,1642818,Maddy Westbeld,0,1,1,8
2026,1022600173,1611661329,CHI,204333,Natasha Cloud,0,2,3,10
2026,1022600173,1611661329,CHI,1627671,Rachel Banham,0,1,1,10
2026,1022600173,1611661329,CHI,1642321,Sydney Taylor,0,2,2,10
2026,1022600173,1611661321,DAL,1629501,Alanna Smith,0,0,0,7
2026,1022600173,1611661321,DAL,202252,Alysha Clark,0,0,0,7
2026,1022600173,1611661321,DAL,1629481,Arike Ogunbowale,0,2,1,10
2026,1022600173,1611661321,DAL,1630386,Awak Kuier,0,0,0,5
2026,1022600173,1611661321,DAL,1642793,Aziaha James,0,0,0,6
2026,1022600173,1611661321,DAL,1643425,Azzi Fudd,0,3,3,10
2026,1022600173,1611661321,DAL,1629491,Jessica Shepard,0,5,5,10
2026,1022600173,1611661321,DAL,1629574,Li Yueru,0,0,0,10
2026,1022600173,1611661321,DAL,1641652,Maddy Siegrist,0,1,1,8
2026,1022600173,1611661321,DAL,203824,Odyssey Sims,0,1,1,6
2026,1022600173,1611661321,DAL,1642784,Paige Bueckers,0,10,11,10
2026,1022600173,1611661321,DAL,1630134,Sug Sutton,0,0,1,3
2026,1022600174,1611661325,IND,1641648,Aliyah Boston,0,4,4,9
2026,1022600174,1611661325,IND,1642286,Caitlin Clark,0,7,6,8
2026,1022600174,1611661325,IND,203024,Damiris Dantas,0,0,0,4
2026,1022600174,1611661325,IND,1643453,Grace VanSlooten,0,0,0,4
2026,1022600174,1611661325,IND,1628909,Kelsey Mitchell,0,3,3,10
2026,1022600174,1611661325,IND,1631086,Lexie Hull,0,0,0,9
2026,1022600174,1611661325,IND,1642815,Makayla Timpson,0,2,2,10
2026,1022600174,1611661325,IND,1628881,Monique Billings,0,0,0,10
2026,1022600174,1611661325,IND,1643433,Raven Johnson,0,0,0,4
2026,1022600174,1611661325,IND,1629482,Sophie Cunningham,0,1,1,9
2026,1022600174,1611661325,IND,1630112,Tyasha Harris,0,2,2,10
2026,1022600174,1611661319,LVA,1628932,A'ja Wilson,0,2,2,8
2026,1022600174,1611661319,LVA,1629488,Brianna Turner,0,0,0,11
2026,1022600174,1611661319,LVA,203833,Chelsea Gray,0,8,6,8
2026,1022600174,1611661319,LVA,204323,Cheyenne Parker-Tyus,0,0,0,7
2026,1022600174,1611661319,LVA,1630389,Dana Evans,0,1,1,10
2026,1022600174,1611661319,LVA,1629498,Jackie Young,0,3,3,8
2026,1022600174,1611661319,LVA,204319,Jewell Loyd,0,3,3,9
2026,1022600174,1611661319,LVA,1643495,Justine Pissott,0,0,0,8
2026,1022600174,1611661319,LVA,1631019,NaLyssa Smith,0,1,1,7
2026,1022600174,1611661319,LVA,203855,Stephanie Talbot,0,1,1,8
2026,1022600175,1611661330,ATL,1628277,Allisha Gray,0,2,2,10
2026,1022600175,1611661330,ATL,1642291,Angel Reese,0,2,2,10
2026,1022600175,1611661330,ATL,1642302,Isobel Borlase,0,1,1,11
2026,1022600175,1611661330,ATL,1628886,Jordin Canada,0,9,9,9
2026,1022600175,1611661330,ATL,1643431,Madina Okot,0,1,1,9
2026,1022600175,1611661330,ATL,1631044,Naz Hillmon,0,2,2,8
2026,1022600175,1611661330,ATL,1631009,Rhyne Howard,0,3,3,8
2026,1022600175,1611661330,ATL,1631021,Sika Kone,0,0,0,7
2026,1022600175,1611661330,ATL,1642804,Te-Hina Paopao,0,2,2,5
2026,1022600175,1611661320,LAS,1642293,Alissa Pili,0,0,0,1
2026,1022600175,1611661320,LAS,1628878,Ariel Atkins,0,3,2,9
2026,1022600175,1611661320,LAS,1643462,Chance Gray,0,0,0,4
2026,1022600175,1611661320,LAS,204324,Dearica Hamby,0,2,2,9
2026,1022600175,1611661320,LAS,1628242,Emma Cannon,0,0,0,9
2026,1022600175,1611661320,LAS,204365,Erica Wheeler,0,4,4,8
2026,1022600175,1611661320,LAS,1630148,Jihyun Park,0,0,0,8
2026,1022600175,1611661320,LAS,1642324,Kate Martin,0,0,0,1
2026,1022600175,1611661320,LAS,1630461,Kiana Williams,0,1,1,7
2026,1022600175,1611661320,LAS,203014,Nneka Ogwumike,0,4,5,8
2026,1022600175,1611661320,LAS,1630996,Rae Burrell,0,4,4,9
2026,1022600176,1611661324,MIN,1642797,Anastasiia Olairi Kosu,0,0,0,8
2026,1022600176,1611661324,MIN,1643489,Antonia Delaere,0,0,0,8
2026,1022600176,1611661324,MIN,1627675,Courtney Williams,0,2,3,9
2026,1022600176,1611661324,MIN,1643490,Eliska Joklova,0,0,0,6
2026,1022600176,1611661324,MIN,203825,Kayla McBride,0,2,1,9
2026,1022600176,1611661324,MIN,1630471,Maya Caldwell,0,1,1,7
2026,1022600176,1611661324,MIN,203827,Natasha Howard,0,8,7,9
2026,1022600176,1611661324,MIN,1628269,Nia Coffey,0,0,0,9
2026,1022600176,1611661324,MIN,1643426,Olivia Miles,0,8,8,9
2026,1022600176,1611661317,PHX,203826,Alyssa Thomas,0,12,12,9
2026,1022600176,1611661317,PHX,201886,DeWanna Bonner,0,3,3,9
2026,1022600176,1611661317,PHX,1627674,Kahleah Copper,0,1,1,9
2026,1022600176,1611661317,PHX,1631118,Lexi Held,0,5,3,9
2026,1022600176,1611661317,PHX,1643438,Marta Suarez,0,0,0,6
2026,1022600176,1611661317,PHX,1642777,Monique Akoa Makani,0,4,4,8
2026,1022600176,1611661317,PHX,1643493,Noemie Brochant,0,1,2,7
2026,1022600176,1611661317,PHX,1628244,Sami Whitcomb,0,2,2,9
2026,1022600176,1611661317,PHX,204468,Valeriane Ayayi,0,1,1,9
2026,1022600177,1611661323,CON,1642290,Aaliyah Edwards,0,4,3,10
2026,1022600177,1611661323,CON,203398,Brittney Griner,0,9,6,10
2026,1022600177,1611661323,CON,1643449,Charlisse Leger-Walker,0,7,7,10
2026,1022600177,1611661323,CON,1641649,Diamond Miller,0,5,5,10
2026,1022600177,1611661323,CON,1629568,Kennedy Burke,0,1,1,9
2026,1022600177,1611661323,CON,1642303,Leila Lacan,0,4,3,10
2026,1022600177,1611661323,CON,1643448,Nell Angloma,0,2,2,8
2026,1022600177,1611661323,CON,1631135,Olivia Nelson-Ododa,0,1,1,9
2026,1022600177,1611661323,CON,1643441,Raegan Beers,0,0,0,5
2026,1022600177,1611661327,PDX,1629524,Bridget Carleton,0,2,3,9
2026,1022600177,1611661327,PDX,1642304,Carla Leite,0,5,6,9
2026,1022600177,1611661327,PDX,1631083,Emily Engstler,0,6,7,9
2026,1022600177,1611661327,PDX,1643494,Frieda Buhner,0,1,1,6
2026,1022600177,1611661327,PDX,1628317,Karlie Samuelson,0,0,0,8
2026,1022600177,1611661327,PDX,1629484,Megan DiLeo,0,0,0,9
2026,1022600177,1611661327,PDX,1642296,Nyadiew Puoch,0,0,0,6
2026,1022600177,1611661327,PDX,1642782,Sarah Ashlee Barker,0,2,2,7
2026,1022600177,1611661327,PDX,1643436,Serah Williams,0,0,0,9
2026,1022600177,1611661327,PDX,1643506,Teja Oblak,0,0,0,7
2026,1022600178,1611661332,TOR,204330,Isabelle Harrison,0,1,1,8
2026,1022600178,1611661332,TOR,1627700,Julie Allemand,0,3,2,11
2026,1022600178,1611661332,TOR,203405,Kayla Alexander,0,1,1,9
2026,1022600178,1611661332,TOR,1628915,Kia Nurse,0,1,1,8
2026,1022600178,1611661332,TOR,1643420,Laura Juskaite,0,1,1,11
2026,1022600178,1611661332,TOR,1629576,Maria Conde,0,3,3,10
2026,1022600178,1611661332,TOR,1629497,Marina Mabrey,0,4,3,10
2026,1022600178,1611661332,TOR,1631055,Nyara Sabally,0,1,1,11
2026,1022600178,1611661332,TOR,1643457,Teonni Key,0,1,1,2
2026,1022600178,1611661332,TOR,1643647,Tima Pouye,0,1,1,9
2026,1022600178,1611661322,WAS,1643644,Alicia Florez,0,5,5,9
2026,1022600178,1611661322,WAS,1643455,Angela Dugalic,0,0,0,6
2026,1022600178,1611661322,WAS,1643467,Cassandre Prosper,0,0,0,6
2026,1022600178,1611661322,WAS,1643430,Cotie McMahon,0,3,3,9
2026,1022600178,1611661322,WAS,1642781,Georgia Amoore,0,2,2,9
2026,1022600178,1611661322,WAS,1642792,Kiki Iriafen,0,1,1,9
2026,1022600178,1611661322,WAS,1643427,Lauren Betts,0,0,0,10
2026,1022600178,1611661322,WAS,1642802,Lucy Olsen,0,0,0,8
2026,1022600178,1611661322,WAS,1630446,Michaela Onyenwere,0,2,3,8
2026,1022600178,1611661322,WAS,1643450,Rori Harmon,0,0,0,3
2026,1022600178,1611661322,WAS,1631022,Shakira Austin,0,0,0,9
2026,1022600178,1611661322,WAS,1642785,Sonia Citron,0,4,4,8
2026,1022600179,1611661329,CHI,1628922,Azura Stevens,0,5,4,8
2026,1022600179,1611661329,CHI,1631064,Chloe Bibby,0,5,4,9
2026,1022600179,1611661329,CHI,202664,Courtney Vandersloot,0,6,6,8
2026,1022600179,1611661329,CHI,204322,Elizabeth Williams,0,5,4,9
2026,1022600179,1611661329,CHI,1643447,Gabriela Jaquez,0,1,1,9
2026,1022600179,1611661329,CHI,1642292,Jacy Sheldon,0,1,1,8
2026,1022600179,1611661329,CHI,204333,Natasha Cloud,0,6,6,7
2026,1022600179,1611661329,CHI,1627671,Rachel Banham,0,1,1,7
2026,1022600179,1611661329,CHI,1642321,Sydney Taylor,0,0,0,7
2026,1022600179,1611661328,SEA,1643443,Awa Fam,0,3,3,9
2026,1022600179,1611661328,SEA,1642798,Dominique Malonga,0,4,4,9
2026,1022600179,1611661328,SEA,1643428,Flau'jae Johnson,0,4,4,9
2026,1022600179,1611661328,SEA,1631141,Jade Melbourne,0,4,5,9
2026,1022600179,1611661328,SEA,1641651,Jordan Horston,0,2,2,8
2026,1022600179,1611661328,SEA,1629478,Katie Lou Samuelson,0,0,0,9
2026,1022600179,1611661328,SEA,1629567,Natisha Hiedeman,0,3,3,9
2026,1022600179,1611661328,SEA,203828,Stefanie Dolson,0,2,2,6
2026,1022600179,1611661328,SEA,1641660,Zia Cooke,0,1,1,8
2026,1022600180,1611661320,LAS,1628878,Ariel Atkins,0,6,6,10
2026,1022600180,1611661320,LAS,1642287,Cameron Brink,0,0,0,10
2026,1022600180,1611661320,LAS,1643462,Chance Gray,0,0,0,4
2026,1022600180,1611661320,LAS,204324,Dearica Hamby,0,1,1,9
2026,1022600180,1611661320,LAS,204365,Erica Wheeler,0,5,6,9
2026,1022600180,1611661320,LAS,1630148,Jihyun Park,0,1,1,6
2026,1022600180,1611661320,LAS,1630461,Kiana Williams,0,1,1,8
2026,1022600180,1611661320,LAS,203014,Nneka Ogwumike,0,4,5,10
2026,1022600180,1611661320,LAS,1630996,Rae Burrell,0,2,2,10
2026,1022600180,1611661324,MIN,1642797,Anastasiia Olairi Kosu,0,1,1,7
2026,1022600180,1611661324,MIN,1643489,Antonia Delaere,0,1,1,9
2026,1022600180,1611661324,MIN,1627675,Courtney Williams,0,4,4,8
2026,1022600180,1611661324,MIN,1643490,Eliska Joklova,0,2,1,7
2026,1022600180,1611661324,MIN,203825,Kayla McBride,0,1,1,9
2026,1022600180,1611661324,MIN,1642820,Liatu King,0,0,0,6
2026,1022600180,1611661324,MIN,1630471,Maya Caldwell,0,0,0,6
2026,1022600180,1611661324,MIN,203827,Natasha Howard,0,7,6,8
2026,1022600180,1611661324,MIN,1628269,Nia Coffey,0,1,2,8
2026,1022600180,1611661324,MIN,1643426,Olivia Miles,0,5,5,8
2026,1022600181,1611661331,GSV,1628508,Cecilia Zandalasini,0,0,0,8
2026,1022600181,1611661331,GSV,1628931,Gabby Williams,0,1,1,10
2026,1022600181,1611661331,GSV,1642767,Janelle Salaun,0,1,2,9
2026,1022600181,1611661331,GSV,1630097,Kaila Charles,0,0,1,7
2026,1022600181,1611661331,GSV,1642822,Kaitlyn Chen,0,3,3,6
2026,1022600181,1611661331,GSV,203866,Kayla Thornton,0,1,1,9
2026,1022600181,1611661331,GSV,204329,Kiah Stokes,0,1,1,8
2026,1022600181,1611661331,GSV,1641656,Laeticia Amihere,0,1,1,5
2026,1022600181,1611661331,GSV,203026,Tiffany Hayes,0,4,2,9
2026,1022600181,1611661331,GSV,1631007,Veronica Burton,0,5,4,9
2026,1022600181,1611661325,IND,1641648,Aliyah Boston,0,3,1,9
2026,1022600181,1611661325,IND,1642286,Caitlin Clark,0,7,6,9
2026,1022600181,1611661325,IND,1643453,Grace VanSlooten,0,0,0,2
2026,1022600181,1611661325,IND,1628909,Kelsey Mitchell,0,3,4,10
2026,1022600181,1611661325,IND,1631086,Lexie Hull,0,0,0,7
2026,1022600181,1611661325,IND,1642815,Makayla Timpson,0,0,0,9
2026,1022600181,1611661325,IND,1628881,Monique Billings,0,3,2,10
2026,1022600181,1611661325,IND,1643433,Raven Johnson,0,0,0,2
2026,1022600181,1611661325,IND,1629482,Sophie Cunningham,0,0,0,10
2026,1022600181,1611661325,IND,1630112,Tyasha Harris,0,1,1,10
2026,1022600182,1611661327,PDX,1629524,Bridget Carleton,0,3,3,9
2026,1022600182,1611661327,PDX,1642304,Carla Leite,0,7,5,10
2026,1022600182,1611661327,PDX,1631083,Emily Engstler,0,5,5,10
2026,1022600182,1611661327,PDX,1643494,Frieda Buhner,0,1,1,9
2026,1022600182,1611661327,PDX,1641683,Holly Winterburn,0,0,0,3
2026,1022600182,1611661327,PDX,1628317,Karlie Samuelson,0,1,1,8
2026,1022600182,1611661327,PDX,1630143,Luisa Geiselsoder,0,0,0,12
2026,1022600182,1611661327,PDX,1642296,Nyadiew Puoch,0,0,0,8
2026,1022600182,1611661327,PDX,1642782,Sarah Ashlee Barker,0,3,2,9
2026,1022600182,1611661327,PDX,1643436,Serah Williams,0,1,1,9
2026,1022600182,1611661327,PDX,1643506,Teja Oblak,0,2,2,12
2026,1022600182,1611661322,WAS,1643644,Alicia Florez,0,2,1,10
2026,1022600182,1611661322,WAS,1643455,Angela Dugalic,0,0,0,9
2026,1022600182,1611661322,WAS,1643467,Cassandre Prosper,0,0,0,11
2026,1022600182,1611661322,WAS,1643430,Cotie McMahon,0,0,0,10
2026,1022600182,1611661322,WAS,1642781,Georgia Amoore,0,2,2,8
2026,1022600182,1611661322,WAS,1642792,Kiki Iriafen,0,0,0,10
2026,1022600182,1611661322,WAS,1643427,Lauren Betts,0,0,0,10
2026,1022600182,1611661322,WAS,1642802,Lucy Olsen,0,0,0,3
2026,1022600182,1611661322,WAS,1630446,Michaela Onyenwere,0,1,1,10
2026,1022600182,1611661322,WAS,1643450,Rori Harmon,0,0,0,1
2026,1022600182,1611661322,WAS,1631022,Shakira Austin,0,5,4,10
2026,1022600182,1611661322,WAS,1642785,Sonia Citron,0,3,3,10
2026,1022600183,1611661321,DAL,202252,Alysha Clark,0,1,1,6
2026,1022600183,1611661321,DAL,1629481,Arike Ogunbowale,0,8,6,8
2026,1022600183,1611661321,DAL,1630386,Awak Kuier,0,2,2,8
2026,1022600183,1611661321,DAL,1642793,Aziaha James,0,1,1,9
2026,1022600183,1611661321,DAL,1643425,Azzi Fudd,0,2,2,9
2026,1022600183,1611661321,DAL,1629491,Jessica Shepard,0,6,6,8
2026,1022600183,1611661321,DAL,1629574,Li Yueru,0,0,1,9
2026,1022600183,1611661321,DAL,1641652,Maddy Siegrist,0,0,0,9
2026,1022600183,1611661321,DAL,203824,Odyssey Sims,0,0,1,8
2026,1022600183,1611661321,DAL,1630134,Sug Sutton,0,7,7,8
2026,1022600183,1611661313,NYL,1627668,Breanna Stewart,0,8,8,10
2026,1022600183,1611661313,NYL,1627673,Jonquel Jones,0,2,2,9
2026,1022600183,1611661313,NYL,1630469,Marine Fauthoux,0,2,2,9
2026,1022600183,1611661313,NYL,1631136,Pauline Astier,0,1,1,9
2026,1022600183,1611661313,NYL,1630384,Raquel Carrera,0,0,0,4
2026,1022600183,1611661313,NYL,204296,Rebecca Allen,0,1,1,9
2026,1022600183,1611661313,NYL,203822,Rebekah Gardner,0,0,0,9
2026,1022600183,1611661313,NYL,1629477,Sabrina Ionescu,0,1,2,10
2026,1022600183,1611661313,NYL,1629566,Xu Han,0,1,1,10
2026,1022600184,1611661325,IND,1642286,Caitlin Clark,0,12,10,8
2026,1022600184,1611661325,IND,203024,Damiris Dantas,0,0,0,7
2026,1022600184,1611661325,IND,1628909,Kelsey Mitchell,0,0,0,9
2026,1022600184,1611661325,IND,1631086,Lexie Hull,0,1,1,7
2026,1022600184,1611661325,IND,1642815,Makayla Timpson,0,2,2,9
2026,1022600184,1611661325,IND,1628881,Monique Billings,0,3,3,9
2026,1022600184,1611661325,IND,1628899,Myisha Hines-Allen,0,2,2,9
2026,1022600184,1611661325,IND,1643433,Raven Johnson,0,0,0,3
2026,1022600184,1611661325,IND,1629482,Sophie Cunningham,0,0,0,9
2026,1022600184,1611661325,IND,1630112,Tyasha Harris,0,2,3,9
2026,1022600184,1611661328,SEA,1643443,Awa Fam,0,4,4,9
2026,1022600184,1611661328,SEA,1642798,Dominique Malonga,0,2,2,10
2026,1022600184,1611661328,SEA,1643428,Flau'jae Johnson,0,5,6,9
2026,1022600184,1611661328,SEA,1631141,Jade Melbourne,0,5,5,9
2026,1022600184,1611661328,SEA,1641651,Jordan Horston,0,1,1,9
2026,1022600184,1611661328,SEA,1629478,Katie Lou Samuelson,0,0,0,8
2026,1022600184,1611661328,SEA,1629567,Natisha Hiedeman,0,8,8,10
2026,1022600184,1611661328,SEA,203828,Stefanie Dolson,0,0,0,6
2026,1022600184,1611661328,SEA,1641660,Zia Cooke,0,1,1,6
2026,1022600185,1611661330,ATL,1642801,Aaliyah Nye,0,0,0,5
2026,1022600185,1611661330,ATL,1628277,Allisha Gray,0,2,2,9
2026,1022600185,1611661330,ATL,1642291,Angel Reese,0,2,2,9
2026,1022600185,1611661330,ATL,1628280,Brionna Jones,0,4,4,8
2026,1022600185,1611661330,ATL,1642302,Isobel Borlase,0,0,0,10
2026,1022600185,1611661330,ATL,1642320,Jaylyn Sherrod,0,2,2,9
2026,1022600185,1611661330,ATL,1628886,Jordin Canada,0,12,13,9
2026,1022600185,1611661330,ATL,1643431,Madina Okot,0,0,0,8
2026,1022600185,1611661330,ATL,1631044,Naz Hillmon,0,0,0,8
2026,1022600185,1611661330,ATL,1631009,Rhyne Howard,0,5,5,9
2026,1022600185,1611661330,ATL,1628278,Shatori Walker-Kimbrough,0,0,0,4
2026,1022600185,1611661330,ATL,1631021,Sika Kone,0,0,0,2
2026,1022600185,1611661332,TOR,204330,Isabelle Harrison,0,0,0,8
2026,1022600185,1611661332,TOR,1627700,Julie Allemand,0,5,6,9
2026,1022600185,1611661332,TOR,203405,Kayla Alexander,0,0,0,2
2026,1022600185,1611661332,TOR,1628915,Kia Nurse,0,1,1,8
2026,1022600185,1611661332,TOR,1643420,Laura Juskaite,0,0,0,9
2026,1022600185,1611661332,TOR,1629576,Maria Conde,0,5,5,7
2026,1022600185,1611661332,TOR,1629497,Marina Mabrey,0,2,3,8
2026,1022600185,1611661332,TOR,1631055,Nyara Sabally,0,2,2,9
2026,1022600185,1611661332,TOR,1627701,Temi Fagbenle,0,2,1,9
2026,1022600185,1611661332,TOR,1643457,Teonni Key,0,0,0,2
2026,1022600185,1611661332,TOR,1643647,Tima Pouye,0,1,1,4
2026,1022600186,1611661329,CHI,1642786,Aicha Coulibaly,0,0,0,6
2026,1022600186,1611661329,CHI,1628922,Azura Stevens,0,5,5,9
2026,1022600186,1611661329,CHI,1631064,Chloe Bibby,0,0,0,8
2026,1022600186,1611661329,CHI,202664,Courtney Vandersloot,0,1,1,7
2026,1022600186,1611661329,CHI,204322,Elizabeth Williams,0,0,0,8
2026,1022600186,1611661329,CHI,1643447,Gabriela Jaquez,0,2,2,8
2026,1022600186,1611661329,CHI,1642292,Jacy Sheldon,0,2,2,9
2026,1022600186,1611661329,CHI,1642289,Kamilla Cardoso,0,3,3,9
2026,1022600186,1611661329,CHI,204333,Natasha Cloud,0,11,9,9
2026,1022600186,1611661329,CHI,1627671,Rachel Banham,0,3,3,7
2026,1022600186,1611661329,CHI,1642321,Sydney Taylor,0,1,2,8
2026,1022600186,1611661320,LAS,1628878,Ariel Atkins,0,3,3,10
2026,1022600186,1611661320,LAS,1642287,Cameron Brink,0,0,0,11
2026,1022600186,1611661320,LAS,1643462,Chance Gray,0,3,2,9
2026,1022600186,1611661320,LAS,204324,Dearica Hamby,0,2,2,10
2026,1022600186,1611661320,LAS,1628242,Emma Cannon,0,0,0,4
2026,1022600186,1611661320,LAS,204365,Erica Wheeler,0,5,4,11
2026,1022600186,1611661320,LAS,1630148,Jihyun Park,0,0,0,6
2026,1022600186,1611661320,LAS,1642324,Kate Martin,0,0,0,2
2026,1022600186,1611661320,LAS,203014,Nneka Ogwumike,0,5,4,10
2026,1022600186,1611661320,LAS,1630996,Rae Burrell,0,5,5,10
2026,1022600187,1611661323,CON,1642290,Aaliyah Edwards,0,2,1,9
2026,1022600187,1611661323,CON,203398,Brittney Griner,0,5,4,9
2026,1022600187,1611661323,CON,1643449,Charlisse Leger-Walker,0,6,7,9
2026,1022600187,1611661323,CON,1641649,Diamond Miller,0,0,0,8
2026,1022600187,1611661323,CON,1643429,Gianna Kneepkens,0,0,0,5
2026,1022600187,1611661323,CON,1629568,Kennedy Burke,0,2,2,8
2026,1022600187,1611661323,CON,1642303,Leila Lacan,0,5,5,9
2026,1022600187,1611661323,CON,1643448,Nell Angloma,0,0,0,5
2026,1022600187,1611661323,CON,1631135,Olivia Nelson-Ododa,0,4,3,9
2026,1022600187,1611661323,CON,1643441,Raegan Beers,0,0,0,5
2026,1022600187,1611661323,CON,1642809,Saniya Rivers,0,3,2,9
2026,1022600187,1611661317,PHX,203826,Alyssa Thomas,0,6,6,10
2026,1022600187,1611661317,PHX,201886,DeWanna Bonner,0,1,1,8
2026,1022600187,1611661317,PHX,1627674,Kahleah Copper,0,1,1,8
2026,1022600187,1611661317,PHX,1631118,Lexi Held,0,5,4,8
2026,1022600187,1611661317,PHX,1643438,Marta Suarez,0,0,0,8
2026,1022600187,1611661317,PHX,1642777,Monique Akoa Makani,0,4,4,11
2026,1022600187,1611661317,PHX,1643493,Noemie Brochant,0,1,1,9
2026,1022600187,1611661317,PHX,1628244,Sami Whitcomb,0,0,0,8
2026,1022600187,1611661317,PHX,204468,Valeriane Ayayi,0,1,1,9
2026,1022600188,1611661325,IND,1641648,Aliyah Boston,0,4,4,10
2026,1022600188,1611661325,IND,1642286,Caitlin Clark,0,8,7,10
2026,1022600188,1611661325,IND,1628909,Kelsey Mitchell,0,1,1,9
2026,1022600188,1611661325,IND,1631086,Lexie Hull,0,2,2,8
2026,1022600188,1611661325,IND,1642815,Makayla Timpson,0,1,0,10
2026,1022600188,1611661325,IND,1628881,Monique Billings,0,2,2,8
2026,1022600188,1611661325,IND,1628899,Myisha Hines-Allen,0,0,1,10
2026,1022600188,1611661325,IND,1643433,Raven Johnson,0,0,0,4
2026,1022600188,1611661325,IND,1629482,Sophie Cunningham,0,2,1,9
2026,1022600188,1611661325,IND,1630112,Tyasha Harris,0,3,4,10
2026,1022600188,1611661313,NYL,1630993,Anneli Maley,0,0,0,9
2026,1022600188,1611661313,NYL,1627668,Breanna Stewart,0,2,3,9
2026,1022600188,1611661313,NYL,1627673,Jonquel Jones,0,2,2,9
2026,1022600188,1611661313,NYL,1630469,Marine Fauthoux,0,4,4,10
2026,1022600188,1611661313,NYL,1629546,Marine Johannes,0,2,1,9
2026,1022600188,1611661313,NYL,1631136,Pauline Astier,0,4,5,9
2026,1022600188,1611661313,NYL,1630384,Raquel Carrera,0,0,0,8
2026,1022600188,1611661313,NYL,204296,Rebecca Allen,0,0,0,8
2026,1022600188,1611661313,NYL,1629477,Sabrina Ionescu,0,3,4,9
2026,1022600188,1611661313,NYL,1629566,Xu Han,0,0,0,10
2026,1022600189,1611661324,MIN,1642797,Anastasiia Olairi Kosu,0,0,0,10
2026,1022600189,1611661324,MIN,1643489,Antonia Delaere,0,1,1,8
2026,1022600189,1611661324,MIN,1627675,Courtney Williams,0,4,7,10
2026,1022600189,1611661324,MIN,1641657,Dorka Juhasz,0,4,5,10
2026,1022600189,1611661324,MIN,1643490,Eliska Joklova,0,0,0,4
2026,1022600189,1611661324,MIN,203825,Kayla McBride,0,0,0,10
2026,1022600189,1611661324,MIN,1630471,Maya Caldwell,0,2,2,7
2026,1022600189,1611661324,MIN,203827,Natasha Howard,0,3,3,10
2026,1022600189,1611661324,MIN,1628269,Nia Coffey,0,2,1,9
2026,1022600189,1611661324,MIN,1643426,Olivia Miles,0,13,10,10
2026,1022600189,1611661327,PDX,1629524,Bridget Carleton,0,3,4,9
2026,1022600189,1611661327,PDX,1642304,Carla Leite,0,9,7,10
2026,1022600189,1611661327,PDX,1631083,Emily Engstler,0,3,3,9
2026,1022600189,1611661327,PDX,1643494,Frieda Buhner,0,1,1,9
2026,1022600189,1611661327,PDX,1643527,Jordan Harrison,0,3,2,9
2026,1022600189,1611661327,PDX,1630143,Luisa Geiselsoder,0,1,1,7
2026,1022600189,1611661327,PDX,1642296,Nyadiew Puoch,0,1,1,9
2026,1022600189,1611661327,PDX,1642782,Sarah Ashlee Barker,0,3,4,8
2026,1022600189,1611661327,PDX,1643436,Serah Williams,0,1,1,9
2026,1022600189,1611661327,PDX,1643506,Teja Oblak,0,1,1,9
2026,1022600190,1611661331,GSV,1628508,Cecilia Zandalasini,0,1,1,9
2026,1022600190,1611661331,GSV,1628931,Gabby Williams,0,6,5,8
2026,1022600190,1611661331,GSV,1642767,Janelle Salaun,0,0,0,9
2026,1022600190,1611661331,GSV,1630097,Kaila Charles,0,0,0,8
2026,1022600190,1611661331,GSV,1642822,Kaitlyn Chen,0,1,1,6
2026,1022600190,1611661331,GSV,203866,Kayla Thornton,0,1,1,10
2026,1022600190,1611661331,GSV,204329,Kiah Stokes,0,0,0,9
2026,1022600190,1611661331,GSV,1641656,Laeticia Amihere,0,2,1,9
2026,1022600190,1611661331,GSV,203026,Tiffany Hayes,0,1,1,9
2026,1022600190,1611661331,GSV,1631007,Veronica Burton,0,10,11,9
2026,1022600190,1611661322,WAS,1643644,Alicia Florez,0,0,0,8
2026,1022600190,1611661322,WAS,1643455,Angela Dugalic,0,0,0,4
2026,1022600190,1611661322,WAS,1643467,Cassandre Prosper,0,0,0,7
2026,1022600190,1611661322,WAS,1643430,Cotie McMahon,0,2,3,10
2026,1022600190,1611661322,WAS,1642781,Georgia Amoore,0,4,4,10
2026,1022600190,1611661322,WAS,1642792,Kiki Iriafen,0,0,0,10
2026,1022600190,1611661322,WAS,1643427,Lauren Betts,0,1,1,10
2026,1022600190,1611661322,WAS,1630446,Michaela Onyenwere,0,6,5,9
2026,1022600190,1611661322,WAS,1631022,Shakira Austin,0,1,1,10
2026,1022600190,1611661322,WAS,1642785,Sonia Citron,0,4,4,10
2026,1022600191,1611661321,DAL,202252,Alysha Clark,0,1,1,6
2026,1022600191,1611661321,DAL,1629481,Arike Ogunbowale,0,1,1,8
2026,1022600191,1611661321,DAL,1630386,Awak Kuier,0,0,0,6
2026,1022600191,1611661321,DAL,1642793,Aziaha James,0,0,0,8
2026,1022600191,1611661321,DAL,1643425,Azzi Fudd,0,2,2,8
2026,1022600191,1611661321,DAL,1629491,Jessica Shepard,0,6,6,9
2026,1022600191,1611661321,DAL,1629574,Li Yueru,0,0,0,9
2026,1022600191,1611661321,DAL,1641652,Maddy Siegrist,0,0,0,8
2026,1022600191,1611661321,DAL,203824,Odyssey Sims,0,6,6,9
2026,1022600191,1611661321,DAL,1642784,Paige Bueckers,0,4,5,9
2026,1022600191,1611661320,LAS,1628878,Ariel Atkins,0,3,3,10
2026,1022600191,1611661320,LAS,1642287,Cameron Brink,0,1,1,9
2026,1022600191,1611661320,LAS,1643462,Chance Gray,0,0,0,9
2026,1022600191,1611661320,LAS,204324,Dearica Hamby,0,3,3,10
2026,1022600191,1611661320,LAS,1628242,Emma Cannon,0,0,0,2
2026,1022600191,1611661320,LAS,204365,Erica Wheeler,0,8,10,10
2026,1022600191,1611661320,LAS,1630148,Jihyun Park,0,0,0,9
2026,1022600191,1611661320,LAS,203014,Nneka Ogwumike,0,3,3,10
2026,1022600191,1611661320,LAS,1630996,Rae Burrell,0,3,3,9
2026,1022600192,1611661330,ATL,1628277,Allisha Gray,0,2,3,11
2026,1022600192,1611661330,ATL,1642291,Angel Reese,0,1,1,10
2026,1022600192,1611661330,ATL,1628280,Brionna Jones,0,1,1,9
2026,1022600192,1611661330,ATL,1642302,Isobel Borlase,0,1,1,10
2026,1022600192,1611661330,ATL,1642320,Jaylyn Sherrod,0,1,2,10
2026,1022600192,1611661330,ATL,1628886,Jordin Canada,0,7,9,10
2026,1022600192,1611661330,ATL,1643431,Madina Okot,0,0,0,10
2026,1022600192,1611661330,ATL,1631044,Naz Hillmon,0,1,1,11
2026,1022600192,1611661330,ATL,1631009,Rhyne Howard,0,7,6,10
2026,1022600192,1611661329,CHI,1642786,Aicha Coulibaly,0,0,0,5
2026,1022600192,1611661329,CHI,1628922,Azura Stevens,0,1,1,9
2026,1022600192,1611661329,CHI,1631064,Chloe Bibby,0,0,0,5
2026,1022600192,1611661329,CHI,202664,Courtney Vandersloot,0,5,6,9
2026,1022600192,1611661329,CHI,204322,Elizabeth Williams,0,0,0,9
2026,1022600192,1611661329,CHI,1643447,Gabriela Jaquez,0,0,0,8
2026,1022600192,1611661329,CHI,1642292,Jacy Sheldon,0,2,2,8
2026,1022600192,1611661329,CHI,1642289,Kamilla Cardoso,0,2,2,8
2026,1022600192,1611661329,CHI,204333,Natasha Cloud,0,3,4,9
2026,1022600192,1611661329,CHI,1627671,Rachel Banham,0,1,1,5
2026,1022600192,1611661329,CHI,1642321,Sydney Taylor,0,2,2,9
2026,1022600193,1611661323,CON,1642290,Aaliyah Edwards,0,0,0,6
2026,1022600193,1611661323,CON,203398,Brittney Griner,0,0,0,8
2026,1022600193,1611661323,CON,1643449,Charlisse Leger-Walker,0,4,5,8
2026,1022600193,1611661323,CON,1641649,Diamond Miller,0,0,0,8
2026,1022600193,1611661323,CON,1643429,Gianna Kneepkens,0,0,0,4
2026,1022600193,1611661323,CON,1642817,Hailey Van Lith,0,1,1,6
2026,1022600193,1611661323,CON,1629568,Kennedy Burke,0,0,0,8
2026,1022600193,1611661323,CON,1642303,Leila Lacan,0,6,4,8
2026,1022600193,1611661323,CON,1643448,Nell Angloma,0,0,0,7
2026,1022600193,1611661323,CON,1631135,Olivia Nelson-Ododa,0,3,3,8
2026,1022600193,1611661323,CON,1643441,Raegan Beers,0,0,0,6
2026,1022600193,1611661317,PHX,203826,Alyssa Thomas,0,12,11,11
2026,1022600193,1611661317,PHX,201886,DeWanna Bonner,0,0,0,10
2026,1022600193,1611661317,PHX,1627674,Kahleah Copper,0,3,4,9
2026,1022600193,1611661317,PHX,1631118,Lexi Held,0,0,0,10
2026,1022600193,1611661317,PHX,1642777,Monique Akoa Makani,0,1,1,10
2026,1022600193,1611661317,PHX,1630442,Natasha Mack,0,0,0,9
2026,1022600193,1611661317,PHX,1643493,Noemie Brochant,0,1,2,10
2026,1022600193,1611661317,PHX,204468,Valeriane Ayayi,0,0,1,9
2026,1022600194,1611661319,LVA,1628932,A'ja Wilson,0,4,4,7
2026,1022600194,1611661319,LVA,1629488,Brianna Turner,0,0,0,8
2026,1022600194,1611661319,LVA,203833,Chelsea Gray,0,5,7,9
2026,1022600194,1611661319,LVA,204323,Cheyenne Parker-Tyus,0,0,0,10
2026,1022600194,1611661319,LVA,1630389,Dana Evans,0,2,2,9
2026,1022600194,1611661319,LVA,1629498,Jackie Young,0,14,12,9
2026,1022600194,1611661319,LVA,204319,Jewell Loyd,0,1,1,10
2026,1022600194,1611661319,LVA,1643495,Justine Pissott,0,1,1,9
2026,1022600194,1611661319,LVA,1631019,NaLyssa Smith,0,3,2,9
2026,1022600194,1611661319,LVA,203855,Stephanie Talbot,0,0,0,5
2026,1022600194,1611661332,TOR,204330,Isabelle Harrison,0,2,2,10
2026,1022600194,1611661332,TOR,1627700,Julie Allemand,0,5,4,10
2026,1022600194,1611661332,TOR,203405,Kayla Alexander,0,1,1,10
2026,1022600194,1611661332,TOR,1628915,Kia Nurse,0,1,1,10
2026,1022600194,1611661332,TOR,1643420,Laura Juskaite,0,1,1,10
2026,1022600194,1611661332,TOR,1629576,Maria Conde,0,5,4,10
2026,1022600194,1611661332,TOR,1629497,Marina Mabrey,0,6,5,10
2026,1022600194,1611661332,TOR,1627701,Temi Fagbenle,0,0,0,10
2026,1022600194,1611661332,TOR,1643457,Teonni Key,0,0,0,5
2026,1022600194,1611661332,TOR,1643647,Tima Pouye,0,1,1,9
2026,1022600195,1611661331,GSV,1628508,Cecilia Zandalasini,0,1,1,7
2026,1022600195,1611661331,GSV,1628931,Gabby Williams,0,1,2,8
2026,1022600195,1611661331,GSV,1642767,Janelle Salaun,0,2,2,9
2026,1022600195,1611661331,GSV,1630097,Kaila Charles,0,0,0,9
2026,1022600195,1611661331,GSV,1642822,Kaitlyn Chen,0,6,6,9
2026,1022600195,1611661331,GSV,203866,Kayla Thornton,0,0,0,9
2026,1022600195,1611661331,GSV,204329,Kiah Stokes,0,0,0,8
2026,1022600195,1611661331,GSV,1641656,Laeticia Amihere,0,1,1,9
2026,1022600195,1611661331,GSV,203026,Tiffany Hayes,0,4,2,9
2026,1022600195,1611661331,GSV,1631007,Veronica Burton,0,7,7,9
2026,1022600195,1611661322,WAS,1643644,Alicia Florez,0,1,1,7
2026,1022600195,1611661322,WAS,1643467,Cassandre Prosper,0,1,1,8
2026,1022600195,1611661322,WAS,1643430,Cotie McMahon,0,2,2,7
2026,1022600195,1611661322,WAS,1642781,Georgia Amoore,0,8,8,9
2026,1022600195,1611661322,WAS,1642792,Kiki Iriafen,0,4,4,10
2026,1022600195,1611661322,WAS,1643427,Lauren Betts,0,0,0,10
2026,1022600195,1611661322,WAS,1630446,Michaela Onyenwere,0,1,1,10
2026,1022600195,1611661322,WAS,1631022,Shakira Austin,0,2,2,10
2026,1022600195,1611661322,WAS,1642785,Sonia Citron,0,7,6,10
2026,1022600196,1611661324,MIN,1642797,Anastasiia Olairi Kosu,0,1,1,7
2026,1022600196,1611661324,MIN,1643489,Antonia Delaere,0,1,1,4
2026,1022600196,1611661324,MIN,1627675,Courtney Williams,0,0,3,9
2026,1022600196,1611661324,MIN,1641657,Dorka Juhasz,0,3,3,9
2026,1022600196,1611661324,MIN,1643490,Eliska Joklova,0,0,0,1
2026,1022600196,1611661324,MIN,203825,Kayla McBride,0,0,0,9
2026,1022600196,1611661324,MIN,1630471,Maya Caldwell,0,0,0,8
2026,1022600196,1611661324,MIN,203827,Natasha Howard,0,3,3,9
2026,1022600196,1611661324,MIN,1628269,Nia Coffey,0,1,1,9
2026,1022600196,1611661324,MIN,1643426,Olivia Miles,0,7,8,9
2026,1022600196,1611661328,SEA,1643443,Awa Fam,0,3,4,8
2026,1022600196,1611661328,SEA,1642798,Dominique Malonga,0,2,1,8
2026,1022600196,1611661328,SEA,1643428,Flau'jae Johnson,0,1,1,8
2026,1022600196,1611661328,SEA,1631141,Jade Melbourne,0,3,3,8
2026,1022600196,1611661328,SEA,1641651,Jordan Horston,0,0,0,9
2026,1022600196,1611661328,SEA,1629478,Katie Lou Samuelson,0,0,0,8
2026,1022600196,1611661328,SEA,1629567,Natisha Hiedeman,0,11,10,7
2026,1022600196,1611661328,SEA,203828,Stefanie Dolson,0,3,3,8
2026,1022600196,1611661328,SEA,1641660,Zia Cooke,0,1,1,10
2026,1022600197,1611661320,LAS,1628878,Ariel Atkins,0,3,3,9
2026,1022600197,1611661320,LAS,1642287,Cameron Brink,0,3,3,9
2026,1022600197,1611661320,LAS,1643462,Chance Gray,0,0,0,9
2026,1022600197,1611661320,LAS,204324,Dearica Hamby,0,7,5,9
2026,1022600197,1611661320,LAS,204365,Erica Wheeler,0,4,4,9
2026,1022600197,1611661320,LAS,1630148,Jihyun Park,0,1,1,7
2026,1022600197,1611661320,LAS,1642324,Kate Martin,0,0,0,4
2026,1022600197,1611661320,LAS,1630461,Kiana Williams,0,1,1,4
2026,1022600197,1611661320,LAS,203014,Nneka Ogwumike,0,1,1,9
2026,1022600197,1611661320,LAS,1630996,Rae Burrell,0,3,2,9
2026,1022600197,1611661317,PHX,203826,Alyssa Thomas,0,11,15,10
2026,1022600197,1611661317,PHX,201886,DeWanna Bonner,0,2,4,8
2026,1022600197,1611661317,PHX,1627674,Kahleah Copper,0,4,3,9
2026,1022600197,1611661317,PHX,1631118,Lexi Held,0,1,1,10
2026,1022600197,1611661317,PHX,1642777,Monique Akoa Makani,0,1,2,8
2026,1022600197,1611661317,PHX,1630442,Natasha Mack,0,1,1,8
2026,1022600197,1611661317,PHX,1643493,Noemie Brochant,0,0,0,9
2026,1022600197,1611661317,PHX,1628244,Sami Whitcomb,0,1,1,9
2026,1022600197,1611661317,PHX,204468,Valeriane Ayayi,0,1,1,9
2026,1022600198,1611661324,MIN,1643489,Antonia Delaere,0,0,0,6
2026,1022600198,1611661324,MIN,1627675,Courtney Williams,0,6,6,7
2026,1022600198,1611661324,MIN,1641657,Dorka Juhasz,0,0,0,8
2026,1022600198,1611661324,MIN,1643490,Eliska Joklova,0,0,0,4
2026,1022600198,1611661324,MIN,203825,Kayla McBride,0,2,2,9
2026,1022600198,1611661324,MIN,1630471,Maya Caldwell,0,2,2,9
2026,1022600198,1611661324,MIN,1629483,Napheesa Collier,0,1,1,9
2026,1022600198,1611661324,MIN,203827,Natasha Howard,0,3,3,9
2026,1022600198,1611661324,MIN,1628269,Nia Coffey,0,3,3,8
2026,1022600198,1611661324,MIN,1643426,Olivia Miles,0,6,6,9
2026,1022600198,1611661328,SEA,1643443,Awa Fam,0,2,1,9
2026,1022600198,1611661328,SEA,1642798,Dominique Malonga,0,3,2,9
2026,1022600198,1611661328,SEA,1643428,Flau'jae Johnson,0,1,4,9
2026,1022600198,1611661328,SEA,1631141,Jade Melbourne,0,3,4,9
2026,1022600198,1611661328,SEA,1641651,Jordan Horston,0,3,2,8
2026,1022600198,1611661328,SEA,1629478,Katie Lou Samuelson,0,1,1,10
2026,1022600198,1611661328,SEA,1629567,Natisha Hiedeman,0,3,3,9
2026,1022600198,1611661328,SEA,203828,Stefanie Dolson,0,1,1,8
2026,1022600198,1611661328,SEA,1641660,Zia Cooke,0,0,0,9
2026,1022600199,1611661329,CHI,1642786,Aicha Coulibaly,0,0,0,9
2026,1022600199,1611661329,CHI,1628922,Azura Stevens,0,2,3,8
2026,1022600199,1611661329,CHI,202664,Courtney Vandersloot,0,2,4,8
2026,1022600199,1611661329,CHI,204322,Elizabeth Williams,0,2,2,8
2026,1022600199,1611661329,CHI,1643447,Gabriela Jaquez,0,1,1,8
2026,1022600199,1611661329,CHI,1642292,Jacy Sheldon,0,1,1,8
2026,1022600199,1611661329,CHI,1642289,Kamilla Cardoso,0,5,5,7
2026,1022600199,1611661329,CHI,204333,Natasha Cloud,0,7,7,8
2026,1022600199,1611661329,CHI,1627671,Rachel Banham,0,1,1,4
2026,1022600199,1611661329,CHI,1642321,Sydney Taylor,0,4,3,8
2026,1022600199,1611661313,NYL,1627668,Breanna Stewart,0,4,4,9
2026,1022600199,1611661313,NYL,1627673,Jonquel Jones,0,2,2,9
2026,1022600199,1611661313,NYL,1630469,Marine Fauthoux,0,1,1,10
2026,1022600199,1611661313,NYL,1631136,Pauline Astier,0,4,5,7
2026,1022600199,1611661313,NYL,1630384,Raquel Carrera,0,1,1,5
2026,1022600199,1611661313,NYL,204296,Rebecca Allen,0,0,0,9
2026,1022600199,1611661313,NYL,203822,Rebekah Gardner,0,0,0,10
2026,1022600199,1611661313,NYL,1629477,Sabrina Ionescu,0,4,4,10
2026,1022600199,1611661313,NYL,1629566,Xu Han,0,0,0,8
2026,1022600200,1611661319,LVA,1628932,A'ja Wilson,0,6,5,10
2026,1022600200,1611661319,LVA,1629488,Brianna Turner,0,0,0,9
2026,1022600200,1611661319,LVA,203833,Chelsea Gray,0,5,4,10
2026,1022600200,1611661319,LVA,204323,Cheyenne Parker-Tyus,0,0,0,10
2026,1022600200,1611661319,LVA,1630389,Dana Evans,0,2,2,9
2026,1022600200,1611661319,LVA,1629498,Jackie Young,0,8,7,10
2026,1022600200,1611661319,LVA,204319,Jewell Loyd,0,0,0,10
2026,1022600200,1611661319,LVA,1631019,NaLyssa Smith,0,0,0,9
2026,1022600200,1611661319,LVA,203855,Stephanie Talbot,0,0,0,5
2026,1022600200,1611661322,WAS,1643644,Alicia Florez,0,2,2,7
2026,1022600200,1611661322,WAS,1643455,Angela Dugalic,0,2,2,8
2026,1022600200,1611661322,WAS,1643467,Cassandre Prosper,0,0,0,6
2026,1022600200,1611661322,WAS,1643430,Cotie McMahon,0,3,3,7
2026,1022600200,1611661322,WAS,1642781,Georgia Amoore,0,1,1,9
2026,1022600200,1611661322,WAS,1642792,Kiki Iriafen,0,0,0,8
2026,1022600200,1611661322,WAS,1643427,Lauren Betts,0,2,2,8
2026,1022600200,1611661322,WAS,1630446,Michaela Onyenwere,0,3,3,9
2026,1022600200,1611661322,WAS,1631022,Shakira Austin,0,3,3,9
2026,1022600200,1611661322,WAS,1642785,Sonia Citron,0,9,8,9
2026,1022600201,1611661323,CON,1642800,Aneesah Morrow,0,2,2,10
2026,1022600201,1611661323,CON,1643449,Charlisse Leger-Walker,0,2,4,9
2026,1022600201,1611661323,CON,1641649,Diamond Miller,0,0,0,10
2026,1022600201,1611661323,CON,1643429,Gianna Kneepkens,0,0,0,8
2026,1022600201,1611661323,CON,1629568,Kennedy Burke,0,2,2,10
2026,1022600201,1611661323,CON,1642303,Leila Lacan,0,2,2,8
2026,1022600201,1611661323,CON,1643448,Nell Angloma,0,1,1,9
2026,1022600201,1611661323,CON,1631135,Olivia Nelson-Ododa,0,0,2,10
2026,1022600201,1611661323,CON,1643441,Raegan Beers,0,2,2,10
2026,1022600201,1611661323,CON,1642809,Saniya Rivers,0,7,6,9
2026,1022600201,1611661325,IND,1641648,Aliyah Boston,0,5,5,9
2026,1022600201,1611661325,IND,1642286,Caitlin Clark,0,8,11,10
2026,1022600201,1611661325,IND,1643453,Grace VanSlooten,0,0,0,8
2026,1022600201,1611661325,IND,1628909,Kelsey Mitchell,0,2,2,10
2026,1022600201,1611661325,IND,1631086,Lexie Hull,0,1,1,10
2026,1022600201,1611661325,IND,1642815,Makayla Timpson,0,0,0,10
2026,1022600201,1611661325,IND,1628881,Monique Billings,0,1,1,9
2026,1022600201,1611661325,IND,1628899,Myisha Hines-Allen,0,1,1,10
2026,1022600201,1611661325,IND,1629482,Sophie Cunningham,0,1,2,9
2026,1022600201,1611661325,IND,1630112,Tyasha Harris,0,6,6,10
2026,1022600202,1611661321,DAL,1629481,Arike Ogunbowale,0,6,6,11
2026,1022600202,1611661321,DAL,1630386,Awak Kuier,0,0,0,9
2026,1022600202,1611661321,DAL,1642793,Aziaha James,0,1,1,7
2026,1022600202,1611661321,DAL,1643425,Azzi Fudd,0,2,2,11
2026,1022600202,1611661321,DAL,1629491,Jessica Shepard,0,10,10,11
2026,1022600202,1611661321,DAL,1629574,Li Yueru,0,0,0,9
2026,1022600202,1611661321,DAL,1641652,Maddy Siegrist,0,2,2,10
2026,1022600202,1611661321,DAL,203824,Odyssey Sims,0,1,1,6
2026,1022600202,1611661321,DAL,1642784,Paige Bueckers,0,5,5,11
2026,1022600202,1611661321,DAL,1630134,Sug Sutton,0,1,1,6
2026,1022600202,1611661327,PDX,1629524,Bridget Carleton,0,2,2,10
2026,1022600202,1611661327,PDX,1642304,Carla Leite,0,9,11,9
2026,1022600202,1611661327,PDX,1631083,Emily Engstler,0,2,2,9
2026,1022600202,1611661327,PDX,1643494,Frieda Buhner,0,1,1,8
2026,1022600202,1611661327,PDX,1641683,Holly Winterburn,0,3,3,8
2026,1022600202,1611661327,PDX,1628317,Karlie Samuelson,0,1,1,9
2026,1022600202,1611661327,PDX,1629484,Megan DiLeo,0,1,1,9
2026,1022600202,1611661327,PDX,1642296,Nyadiew Puoch,0,0,0,9
2026,1022600202,1611661327,PDX,1642782,Sarah Ashlee Barker,0,2,2,3
2026,1022600202,1611661327,PDX,1643436,Serah Williams,0,0,0,8
2026,1022600202,1611661327,PDX,1643506,Teja Oblak,0,1,1,7
2026,1022600203,1611661323,CON,1642800,Aneesah Morrow,0,4,4,10
2026,1022600203,1611661323,CON,1643449,Charlisse Leger-Walker,0,6,8,10
2026,1022600203,1611661323,CON,1641649,Diamond Miller,0,2,2,7
2026,1022600203,1611661323,CON,1629568,Kennedy Burke,0,0,1,9
2026,1022600203,1611661323,CON,1642303,Leila Lacan,0,6,6,9
2026,1022600203,1611661323,CON,1643448,Nell Angloma,0,0,0,6
2026,1022600203,1611661323,CON,1631135,Olivia Nelson-Ododa,0,1,1,9
2026,1022600203,1611661323,CON,1643441,Raegan Beers,0,0,0,9
2026,1022600203,1611661323,CON,1642809,Saniya Rivers,0,2,2,9
2026,1022600203,1611661322,WAS,1643644,Alicia Florez,0,0,0,5
2026,1022600203,1611661322,WAS,1643455,Angela Dugalic,0,1,1,4
2026,1022600203,1611661322,WAS,1643467,Cassandre Prosper,0,0,0,4
2026,1022600203,1611661322,WAS,1643430,Cotie McMahon,0,3,2,9
2026,1022600203,1611661322,WAS,1642781,Georgia Amoore,0,5,5,9
2026,1022600203,1611661322,WAS,1642792,Kiki Iriafen,0,2,2,9
2026,1022600203,1611661322,WAS,1643427,Lauren Betts,0,1,1,8
2026,1022600203,1611661322,WAS,1630446,Michaela Onyenwere,0,5,4,8
2026,1022600203,1611661322,WAS,1631022,Shakira Austin,0,1,1,9
2026,1022600203,1611661322,WAS,1642785,Sonia Citron,0,4,4,9
2026,1022600204,1611661324,MIN,1643489,Antonia Delaere,0,0,0,6
2026,1022600204,1611661324,MIN,1627675,Courtney Williams,0,4,4,8
2026,1022600204,1611661324,MIN,1641657,Dorka Juhasz,0,2,2,8
2026,1022600204,1611661324,MIN,1643490,Eliska Joklova,0,0,0,4
2026,1022600204,1611661324,MIN,203825,Kayla McBride,0,4,4,8
2026,1022600204,1611661324,MIN,1630471,Maya Caldwell,0,0,0,8
2026,1022600204,1611661324,MIN,1629483,Napheesa Collier,0,3,3,8
2026,1022600204,1611661324,MIN,203827,Natasha Howard,0,5,4,8
2026,1022600204,1611661324,MIN,1628269,Nia Coffey,0,2,1,8
2026,1022600204,1611661324,MIN,1643426,Olivia Miles,0,8,8,8
2026,1022600204,1611661332,TOR,1627700,Julie Allemand,0,6,7,10
2026,1022600204,1611661332,TOR,1628915,Kia Nurse,0,3,3,9
2026,1022600204,1611661332,TOR,1643445,Kiki Rice,0,4,4,10
2026,1022600204,1611661332,TOR,1643420,Laura Juskaite,0,0,1,10
2026,1022600204,1611661332,TOR,1629576,Maria Conde,0,1,1,9
2026,1022600204,1611661332,TOR,1629497,Marina Mabrey,0,6,6,10
2026,1022600204,1611661332,TOR,1627701,Temi Fagbenle,0,0,0,9
2026,1022600204,1611661332,TOR,1643457,Teonni Key,0,0,0,10
2026,1022600205,1611661325,IND,1641648,Aliyah Boston,0,1,1,7
2026,1022600205,1611661325,IND,1642286,Caitlin Clark,0,7,7,9
2026,1022600205,1611661325,IND,1628909,Kelsey Mitchell,0,3,2,9
2026,1022600205,1611661325,IND,1631086,Lexie Hull,0,0,0,8
2026,1022600205,1611661325,IND,1642815,Makayla Timpson,0,0,0,9
2026,1022600205,1611661325,IND,1628881,Monique Billings,0,1,1,10
2026,1022600205,1611661325,IND,1628899,Myisha Hines-Allen,0,1,1,9
2026,1022600205,1611661325,IND,1629482,Sophie Cunningham,0,3,2,8
2026,1022600205,1611661325,IND,1630112,Tyasha Harris,0,2,2,10
2026,1022600205,1611661328,SEA,1643443,Awa Fam,0,1,2,9
2026,1022600205,1611661328,SEA,1643428,Flau'jae Johnson,0,2,2,9
2026,1022600205,1611661328,SEA,1631141,Jade Melbourne,0,5,4,9
2026,1022600205,1611661328,SEA,1641651,Jordan Horston,0,2,2,8
2026,1022600205,1611661328,SEA,1629478,Katie Lou Samuelson,0,1,1,8
2026,1022600205,1611661328,SEA,1642307,Mackenzie Holmes,0,0,0,5
2026,1022600205,1611661328,SEA,1629567,Natisha Hiedeman,0,4,4,9
2026,1022600205,1611661328,SEA,203828,Stefanie Dolson,0,1,1,8
2026,1022600205,1611661328,SEA,1643473,Taina Mair,0,1,1,4
2026,1022600205,1611661328,SEA,1641660,Zia Cooke,0,0,0,8
2026,1022600206,1611661319,LVA,1628932,A'ja Wilson,0,4,4,10
2026,1022600206,1611661319,LVA,1629488,Brianna Turner,0,1,1,11
2026,1022600206,1611661319,LVA,203833,Chelsea Gray,0,6,7,10
2026,1022600206,1611661319,LVA,1630389,Dana Evans,0,2,3,9
2026,1022600206,1611661319,LVA,1629498,Jackie Young,0,3,2,10
2026,1022600206,1611661319,LVA,204319,Jewell Loyd,0,2,3,11
2026,1022600206,1611661319,LVA,1643495,Justine Pissott,0,0,0,8
2026,1022600206,1611661319,LVA,1642769,Mai Yamamoto,0,0,0,4
2026,1022600206,1611661319,LVA,203855,Stephanie Talbot,0,1,1,10
2026,1022600206,1611661319,LVA,1643444,Ta'Niya Latson,0,0,0,6
2026,1022600206,1611661327,PDX,1629524,Bridget Carleton,0,4,4,8
2026,1022600206,1611661327,PDX,1642304,Carla Leite,0,3,3,8
2026,1022600206,1611661327,PDX,1631083,Emily Engstler,0,0,0,8
2026,1022600206,1611661327,PDX,1643494,Frieda Buhner,0,1,2,10
2026,1022600206,1611661327,PDX,1641683,Holly Winterburn,0,3,3,10
2026,1022600206,1611661327,PDX,1628317,Karlie Samuelson,0,1,2,8
2026,1022600206,1611661327,PDX,1630143,Luisa Geiselsoder,0,0,0,5
2026,1022600206,1611661327,PDX,1629484,Megan DiLeo,0,1,1,8
2026,1022600206,1611661327,PDX,1642296,Nyadiew Puoch,0,0,0,9
2026,1022600206,1611661327,PDX,1643436,Serah Williams,0,1,1,9
2026,1022600206,1611661327,PDX,1643506,Teja Oblak,0,2,2,8
2026,1022600207,1611661320,LAS,1628878,Ariel Atkins,0,5,5,9
2026,1022600207,1611661320,LAS,1642287,Cameron Brink,0,2,2,8
2026,1022600207,1611661320,LAS,1643462,Chance Gray,0,2,2,6
2026,1022600207,1611661320,LAS,204324,Dearica Hamby,0,4,4,9
2026,1022600207,1611661320,LAS,204365,Erica Wheeler,0,11,9,9
2026,1022600207,1611661320,LAS,1630148,Jihyun Park,0,0,0,6
2026,1022600207,1611661320,LAS,1630461,Kiana Williams,0,1,1,5
2026,1022600207,1611661320,LAS,203014,Nneka Ogwumike,0,11,9,9
2026,1022600207,1611661320,LAS,1630996,Rae Burrell,0,3,3,9
2026,1022600207,1611661313,NYL,1627668,Breanna Stewart,0,8,7,9
2026,1022600207,1611661313,NYL,1627673,Jonquel Jones,0,6,6,8
2026,1022600207,1611661313,NYL,1630469,Marine Fauthoux,0,0,1,9
2026,1022600207,1611661313,NYL,1631136,Pauline Astier,0,3,2,6
2026,1022600207,1611661313,NYL,1630384,Raquel Carrera,0,0,0,4
2026,1022600207,1611661313,NYL,204296,Rebecca Allen,0,1,1,6
2026,1022600207,1611661313,NYL,203822,Rebekah Gardner,0,6,4,9
2026,1022600207,1611661313,NYL,1629477,Sabrina Ionescu,0,5,6,8
2026,1022600207,1611661313,NYL,1629566,Xu Han,0,0,0,9
2026,1022600208,1611661330,ATL,1628277,Allisha Gray,0,2,2,8
2026,1022600208,1611661330,ATL,1642291,Angel Reese,0,3,4,8
2026,1022600208,1611661330,ATL,1628280,Brionna Jones,0,2,1,8
2026,1022600208,1611661330,ATL,1642302,Isobel Borlase,0,0,0,5
2026,1022600208,1611661330,ATL,1642320,Jaylyn Sherrod,0,1,1,5
2026,1022600208,1611661330,ATL,1628886,Jordin Canada,0,8,8,8
2026,1022600208,1611661330,ATL,1643431,Madina Okot,0,0,0,4
2026,1022600208,1611661330,ATL,1631044,Naz Hillmon,0,1,1,6
2026,1022600208,1611661330,ATL,1631009,Rhyne Howard,0,1,5,7
2026,1022600208,1611661330,ATL,1628278,Shatori Walker-Kimbrough,0,0,0,4
2026,1022600208,1611661321,DAL,1629481,Arike Ogunbowale,0,5,5,8
2026,1022600208,1611661321,DAL,1630386,Awak Kuier,0,0,0,8
2026,1022600208,1611661321,DAL,1642793,Aziaha James,0,0,0,4
2026,1022600208,1611661321,DAL,1643425,Azzi Fudd,0,2,2,9
2026,1022600208,1611661321,DAL,1629491,Jessica Shepard,0,5,5,9
2026,1022600208,1611661321,DAL,1629574,Li Yueru,0,1,1,8
2026,1022600208,1611661321,DAL,203824,Odyssey Sims,0,0,0,4
2026,1022600208,1611661321,DAL,1642784,Paige Bueckers,0,5,6,10
2026,1022600208,1611661321,DAL,1630134,Sug Sutton,0,0,0,2
2026,1022600209,1611661331,GSV,1628508,Cecilia Zandalasini,0,3,3,7
2026,1022600209,1611661331,GSV,1642767,Janelle Salaun,0,3,3,9
2026,1022600209,1611661331,GSV,1630097,Kaila Charles,0,2,2,9
2026,1022600209,1611661331,GSV,1642822,Kaitlyn Chen,0,3,4,9
2026,1022600209,1611661331,GSV,203866,Kayla Thornton,0,2,2,7
2026,1022600209,1611661331,GSV,204329,Kiah Stokes,0,0,0,8
2026,1022600209,1611661331,GSV,1641656,Laeticia Amihere,0,0,0,7
2026,1022600209,1611661331,GSV,203026,Tiffany Hayes,0,4,5,9
2026,1022600209,1611661331,GSV,1631007,Veronica Burton,0,6,5,9
2026,1022600209,1611661317,PHX,203826,Alyssa Thomas,0,9,8,9
2026,1022600209,1611661317,PHX,201886,DeWanna Bonner,0,3,3,8
2026,1022600209,1611661317,PHX,1627674,Kahleah Copper,0,2,4,9
2026,1022600209,1611661317,PHX,1631118,Lexi Held,0,0,0,6
2026,1022600209,1611661317,PHX,1642777,Monique Akoa Makani,0,1,1,7
2026,1022600209,1611661317,PHX,1630442,Natasha Mack,0,1,1,9
2026,1022600209,1611661317,PHX,1643493,Noemie Brochant,0,1,1,8
2026,1022600209,1611661317,PHX,1628244,Sami Whitcomb,0,0,0,8
2026,1022600209,1611661317,PHX,204468,Valeriane Ayayi,0,0,1,8
2026,1022600210,1611661324,MIN,1642797,Anastasiia Olairi Kosu,0,0,0,7
2026,1022600210,1611661324,MIN,1643489,Antonia Delaere,0,3,3,10
2026,1022600210,1611661324,MIN,1627675,Courtney Williams,0,5,5,8
2026,1022600210,1611661324,MIN,1641657,Dorka Juhasz,0,2,2,10
2026,1022600210,1611661324,MIN,1643490,Eliska Joklova,0,4,4,10
2026,1022600210,1611661324,MIN,203825,Kayla McBride,0,4,3,8
2026,1022600210,1611661324,MIN,1630471,Maya Caldwell,0,0,1,10
2026,1022600210,1611661324,MIN,1629483,Napheesa Collier,0,2,2,8
2026,1022600210,1611661324,MIN,203827,Natasha Howard,0,4,4,9
2026,1022600210,1611661324,MIN,1628269,Nia Coffey,0,3,2,9
2026,1022600210,1611661324,MIN,1643426,Olivia Miles,0,0,0,8
2026,1022600210,1611661332,TOR,1627700,Julie Allemand,0,5,6,10
2026,1022600210,1611661332,TOR,1628915,Kia Nurse,0,2,2,10
2026,1022600210,1611661332,TOR,1643445,Kiki Rice,0,2,2,11
2026,1022600210,1611661332,TOR,1643420,Laura Juskaite,0,3,3,11
2026,1022600210,1611661332,TOR,1629576,Maria Conde,0,2,2,11
2026,1022600210,1611661332,TOR,1629497,Marina Mabrey,0,4,4,11
2026,1022600210,1611661332,TOR,1631055,Nyara Sabally,0,0,0,9
2026,1022600210,1611661332,TOR,1627701,Temi Fagbenle,0,0,0,10
2026,1022600210,1611661332,TOR,1643457,Teonni Key,0,0,0,8
2026,1022600210,1611661332,TOR,1643647,Tima Pouye,0,0,0,5
2026,1022600211,1611661329,CHI,1642786,Aicha Coulibaly,0,1,1,6
2026,1022600211,1611661329,CHI,1631064,Chloe Bibby,0,2,2,8
2026,1022600211,1611661329,CHI,202664,Courtney Vandersloot,0,7,6,8
2026,1022600211,1611661329,CHI,1630096,DiJonai Carrington,0,0,0,8
2026,1022600211,1611661329,CHI,204322,Elizabeth Williams,0,0,0,9
2026,1022600211,1611661329,CHI,1643447,Gabriela Jaquez,0,0,0,9
2026,1022600211,1611661329,CHI,1642292,Jacy Sheldon,0,0,0,8
2026,1022600211,1611661329,CHI,1642289,Kamilla Cardoso,0,1,1,8
2026,1022600211,1611661329,CHI,204333,Natasha Cloud,0,3,5,9
2026,1022600211,1611661329,CHI,1642321,Sydney Taylor,0,7,6,9
2026,1022600211,1611661323,CON,1642800,Aneesah Morrow,0,2,2,10
2026,1022600211,1611661323,CON,1643449,Charlisse Leger-Walker,0,1,2,9
2026,1022600211,1611661323,CON,1641649,Diamond Miller,0,5,3,10
2026,1022600211,1611661323,CON,1629568,Kennedy Burke,0,2,2,10
2026,1022600211,1611661323,CON,1642303,Leila Lacan,0,6,6,10
2026,1022600211,1611661323,CON,1643448,Nell Angloma,0,1,1,4
2026,1022600211,1611661323,CON,1631135,Olivia Nelson-Ododa,0,1,1,9
2026,1022600211,1611661323,CON,1643441,Raegan Beers,0,0,0,9
2026,1022600211,1611661323,CON,1642809,Saniya Rivers,0,3,3,10
2026,1022600212,1611661319,LVA,1628932,A'ja Wilson,0,6,6,9
2026,1022600212,1611661319,LVA,1629488,Brianna Turner,0,1,1,9
2026,1022600212,1611661319,LVA,203833,Chelsea Gray,0,3,4,9
2026,1022600212,1611661319,LVA,1630389,Dana Evans,0,3,2,9
2026,1022600212,1611661319,LVA,1629498,Jackie Young,0,10,9,9
2026,1022600212,1611661319,LVA,204319,Jewell Loyd,0,0,0,9
2026,1022600212,1611661319,LVA,1631019,NaLyssa Smith,0,1,1,8
2026,1022600212,1611661319,LVA,203855,Stephanie Talbot,0,2,2,5
2026,1022600212,1611661313,NYL,1627668,Breanna Stewart,0,2,1,8
2026,1022600212,1611661313,NYL,1627673,Jonquel Jones,0,6,5,8
2026,1022600212,1611661313,NYL,1630469,Marine Fauthoux,0,1,1,8
2026,1022600212,1611661313,NYL,1629546,Marine Johannes,0,0,0,7
2026,1022600212,1611661313,NYL,1631136,Pauline Astier,0,4,4,8
2026,1022600212,1611661313,NYL,204296,Rebecca Allen,0,0,0,7
2026,1022600212,1611661313,NYL,203822,Rebekah Gardner,0,3,3,7
2026,1022600212,1611661313,NYL,1629477,Sabrina Ionescu,0,4,5,8
2026,1022600212,1611661313,NYL,1629566,Xu Han,0,1,1,7
2026,1022600213,1611661330,ATL,1628277,Allisha Gray,0,2,2,10
2026,1022600213,1611661330,ATL,1642291,Angel Reese,0,3,2,10
2026,1022600213,1611661330,ATL,1628280,Brionna Jones,0,0,0,10
2026,1022600213,1611661330,ATL,1642302,Isobel Borlase,0,1,2,9
2026,1022600213,1611661330,ATL,1642320,Jaylyn Sherrod,0,2,1,6
2026,1022600213,1611661330,ATL,1628886,Jordin Canada,0,8,9,9
2026,1022600213,1611661330,ATL,1631044,Naz Hillmon,0,2,3,10
2026,1022600213,1611661330,ATL,1631009,Rhyne Howard,0,4,5,10
2026,1022600213,1611661328,SEA,1643443,Awa Fam,0,1,1,8
2026,1022600213,1611661328,SEA,1642798,Dominique Malonga,0,1,1,7
2026,1022600213,1611661328,SEA,1629496,Ezi Magbegor,0,1,1,6
2026,1022600213,1611661328,SEA,1643428,Flau'jae Johnson,0,3,3,7
2026,1022600213,1611661328,SEA,1631141,Jade Melbourne,0,6,6,8
2026,1022600213,1611661328,SEA,1641651,Jordan Horston,0,0,0,7
2026,1022600213,1611661328,SEA,1629478,Katie Lou Samuelson,0,0,0,8
2026,1022600213,1611661328,SEA,1629567,Natisha Hiedeman,0,5,5,8
2026,1022600213,1611661328,SEA,203828,Stefanie Dolson,0,0,0,6
2026,1022600213,1611661328,SEA,1641660,Zia Cooke,0,0,0,6
2026,1022600214,1611661321,DAL,1629501,Alanna Smith,0,0,0,8
2026,1022600214,1611661321,DAL,202252,Alysha Clark,0,0,0,8
2026,1022600214,1611661321,DAL,1629481,Arike Ogunbowale,0,1,2,9
2026,1022600214,1611661321,DAL,1630386,Awak Kuier,0,1,1,5
2026,1022600214,1611661321,DAL,1642793,Aziaha James,0,2,1,4
2026,1022600214,1611661321,DAL,1643425,Azzi Fudd,0,0,0,8
2026,1022600214,1611661321,DAL,1629491,Jessica Shepard,0,7,8,8
2026,1022600214,1611661321,DAL,1629574,Li Yueru,0,2,2,8
2026,1022600214,1611661321,DAL,1641652,Maddy Siegrist,0,4,2,7
2026,1022600214,1611661321,DAL,203824,Odyssey Sims,0,0,0,8
2026,1022600214,1611661321,DAL,1642784,Paige Bueckers,0,1,2,9
2026,1022600214,1611661321,DAL,1630134,Sug Sutton,0,1,1,8
2026,1022600214,1611661322,WAS,1643644,Alicia Florez,0,0,0,6
2026,1022600214,1611661322,WAS,1643467,Cassandre Prosper,0,0,0,8
2026,1022600214,1611661322,WAS,1643430,Cotie McMahon,0,3,2,12
2026,1022600214,1611661322,WAS,1642781,Georgia Amoore,0,2,2,9
2026,1022600214,1611661322,WAS,1642792,Kiki Iriafen,0,3,1,11
2026,1022600214,1611661322,WAS,1643427,Lauren Betts,0,1,1,10
2026,1022600214,1611661322,WAS,1630446,Michaela Onyenwere,0,3,2,9
2026,1022600214,1611661322,WAS,1631022,Shakira Austin,0,4,4,10
2026,1022600214,1611661322,WAS,1642785,Sonia Citron,0,6,5,12
2026,1022600215,1611661325,IND,1641648,Aliyah Boston,0,7,6,10
2026,1022600215,1611661325,IND,1642286,Caitlin Clark,0,14,10,10
2026,1022600215,1611661325,IND,1643453,Grace VanSlooten,0,0,0,2
2026,1022600215,1611661325,IND,1628909,Kelsey Mitchell,0,3,2,9
2026,1022600215,1611661325,IND,1631086,Lexie Hull,0,0,0,7
2026,1022600215,1611661325,IND,1642815,Makayla Timpson,0,0,0,10
2026,1022600215,1611661325,IND,1628881,Monique Billings,0,2,1,10
2026,1022600215,1611661325,IND,1643433,Raven Johnson,0,0,0,2
2026,1022600215,1611661325,IND,1629482,Sophie Cunningham,0,3,3,10
2026,1022600215,1611661325,IND,1630112,Tyasha Harris,0,1,2,6
2026,1022600215,1611661327,PDX,1629524,Bridget Carleton,0,2,2,8
2026,1022600215,1611661327,PDX,1642304,Carla Leite,0,14,12,9
2026,1022600215,1611661327,PDX,1631083,Emily Engstler,0,5,5,8
2026,1022600215,1611661327,PDX,1643494,Frieda Buhner,0,2,2,7
2026,1022600215,1611661327,PDX,1641683,Holly Winterburn,0,0,0,6
2026,1022600215,1611661327,PDX,1628317,Karlie Samuelson,0,2,2,7
2026,1022600215,1611661327,PDX,1629484,Megan DiLeo,0,0,0,10
2026,1022600215,1611661327,PDX,1642296,Nyadiew Puoch,0,0,0,6
2026,1022600215,1611661327,PDX,1643436,Serah Williams,0,0,0,8
2026,1022600215,1611661327,PDX,1643506,Teja Oblak,0,2,3,6
2026,1022600216,1611661329,CHI,1642786,Aicha Coulibaly,0,0,0,9
2026,1022600216,1611661329,CHI,202664,Courtney Vandersloot,0,4,5,8
2026,1022600216,1611661329,CHI,1630096,DiJonai Carrington,0,0,0,8
2026,1022600216,1611661329,CHI,204322,Elizabeth Williams,0,1,1,7
2026,1022600216,1611661329,CHI,1643447,Gabriela Jaquez,0,0,1,7
2026,1022600216,1611661329,CHI,1642292,Jacy Sheldon,0,2,1,8
2026,1022600216,1611661329,CHI,1642289,Kamilla Cardoso,0,2,2,9
2026,1022600216,1611661329,CHI,204333,Natasha Cloud,0,3,4,9
2026,1022600216,1611661329,CHI,1627671,Rachel Banham,0,3,3,6
2026,1022600216,1611661329,CHI,1642321,Sydney Taylor,0,2,2,9
2026,1022600216,1611661319,LVA,1628932,A'ja Wilson,0,6,4,10
2026,1022600216,1611661319,LVA,1629488,Brianna Turner,0,0,0,10
2026,1022600216,1611661319,LVA,203833,Chelsea Gray,0,8,9,10
2026,1022600216,1611661319,LVA,1630389,Dana Evans,0,2,2,10
2026,1022600216,1611661319,LVA,1629498,Jackie Young,0,5,5,10
2026,1022600216,1611661319,LVA,204319,Jewell Loyd,0,1,1,10
2026,1022600216,1611661319,LVA,1631006,Kierstan Bell,0,0,0,6
2026,1022600216,1611661319,LVA,1631019,NaLyssa Smith,0,0,0,10
2026,1022600216,1611661319,LVA,203855,Stephanie Talbot,0,0,0,5
2026,1022600217,1611661313,NYL,1627668,Breanna Stewart,0,2,2,8
2026,1022600217,1611661313,NYL,1627673,Jonquel Jones,0,6,5,9
2026,1022600217,1611661313,NYL,1630469,Marine Fauthoux,0,1,2,9
2026,1022600217,1611661313,NYL,1629546,Marine Johannes,0,1,1,9
2026,1022600217,1611661313,NYL,1631136,Pauline Astier,0,2,2,9
2026,1022600217,1611661313,NYL,1630384,Raquel Carrera,0,1,1,3
2026,1022600217,1611661313,NYL,204296,Rebecca Allen,0,1,1,9
2026,1022600217,1611661313,NYL,203822,Rebekah Gardner,0,1,1,9
2026,1022600217,1611661313,NYL,1629477,Sabrina Ionescu,0,12,10,9
2026,1022600217,1611661313,NYL,1629566,Xu Han,0,1,1,9
2026,1022600217,1611661317,PHX,203826,Alyssa Thomas,0,8,7,10
2026,1022600217,1611661317,PHX,201886,DeWanna Bonner,0,3,3,9
2026,1022600217,1611661317,PHX,1627674,Kahleah Copper,0,0,0,9
2026,1022600217,1611661317,PHX,1631118,Lexi Held,0,0,0,7
2026,1022600217,1611661317,PHX,1642777,Monique Akoa Makani,0,3,3,9
2026,1022600217,1611661317,PHX,1630442,Natasha Mack,0,2,2,9
2026,1022600217,1611661317,PHX,1643493,Noemie Brochant,0,1,1,9
2026,1022600217,1611661317,PHX,1628244,Sami Whitcomb,0,4,3,10
2026,1022600217,1611661317,PHX,204468,Valeriane Ayayi,0,3,2,10
2026,1022600218,1611661325,IND,1641648,Aliyah Boston,0,7,7,9
2026,1022600218,1611661325,IND,1642286,Caitlin Clark,0,6,10,9
2026,1022600218,1611661325,IND,1628909,Kelsey Mitchell,0,3,3,8
2026,1022600218,1611661325,IND,1631086,Lexie Hull,0,1,1,5
2026,1022600218,1611661325,IND,1642815,Makayla Timpson,0,0,0,9
2026,1022600218,1611661325,IND,1628881,Monique Billings,0,3,2,8
2026,1022600218,1611661325,IND,1628899,Myisha Hines-Allen,0,2,1,5
2026,1022600218,1611661325,IND,1643433,Raven Johnson,0,0,0,4
2026,1022600218,1611661325,IND,1629482,Sophie Cunningham,0,2,2,9
2026,1022600218,1611661325,IND,1630112,Tyasha Harris,0,1,1,8
2026,1022600218,1611661324,MIN,1643489,Antonia Delaere,0,1,1,6
2026,1022600218,1611661324,MIN,1627675,Courtney Williams,0,5,5,9
2026,1022600218,1611661324,MIN,1641657,Dorka Juhasz,0,1,1,7
2026,1022600218,1611661324,MIN,203825,Kayla McBride,0,1,1,9
2026,1022600218,1611661324,MIN,1630471,Maya Caldwell,0,2,2,8
2026,1022600218,1611661324,MIN,1629483,Napheesa Collier,0,8,7,10
2026,1022600218,1611661324,MIN,203827,Natasha Howard,0,5,5,9
2026,1022600218,1611661324,MIN,1628269,Nia Coffey,0,0,0,9
2026,1022600218,1611661324,MIN,1643426,Olivia Miles,0,6,6,9
2026,1022600219,1611661320,LAS,1628878,Ariel Atkins,0,6,6,10
2026,1022600219,1611661320,LAS,1642287,Cameron Brink,0,1,2,10
2026,1022600219,1611661320,LAS,1643462,Chance Gray,0,3,3,10
2026,1022600219,1611661320,LAS,204324,Dearica Hamby,0,4,4,10
2026,1022600219,1611661320,LAS,204365,Erica Wheeler,0,7,8,10
2026,1022600219,1611661320,LAS,1630148,Jihyun Park,0,4,4,9
2026,1022600219,1611661320,LAS,203014,Nneka Ogwumike,0,4,2,9
2026,1022600219,1611661320,LAS,1630996,Rae Burrell,0,4,4,10
2026,1022600219,1611661327,PDX,1629524,Bridget Carleton,0,1,1,8
2026,1022600219,1611661327,PDX,1642304,Carla Leite,0,8,8,8
2026,1022600219,1611661327,PDX,1631083,Emily Engstler,0,3,2,8
2026,1022600219,1611661327,PDX,1643494,Frieda Buhner,0,0,0,8
2026,1022600219,1611661327,PDX,1641683,Holly Winterburn,0,2,2,8
2026,1022600219,1611661327,PDX,1628317,Karlie Samuelson,0,1,1,7
2026,1022600219,1611661327,PDX,1629484,Megan DiLeo,0,3,3,8
2026,1022600219,1611661327,PDX,1642296,Nyadiew Puoch,0,0,0,8
2026,1022600219,1611661327,PDX,1643436,Serah Williams,0,1,1,8
2026,1022600219,1611661327,PDX,1643506,Teja Oblak,0,2,3,8
2026,1022600220,1611661323,CON,1643437,Ashlon Jackson,0,1,1,7
2026,1022600220,1611661323,CON,1643449,Charlisse Leger-Walker,0,3,2,12
2026,1022600220,1611661323,CON,1641649,Diamond Miller,0,1,1,12
2026,1022600220,1611661323,CON,1643429,Gianna Kneepkens,0,0,0,8
2026,1022600220,1611661323,CON,1629568,Kennedy Burke,0,1,1,11
2026,1022600220,1611661323,CON,1642303,Leila Lacan,0,2,2,10
2026,1022600220,1611661323,CON,1643448,Nell Angloma,0,0,0,10
2026,1022600220,1611661323,CON,1631135,Olivia Nelson-Ododa,0,2,2,12
2026,1022600220,1611661323,CON,1643441,Raegan Beers,0,3,3,10
2026,1022600220,1611661323,CON,1642796,Rayah Marshall,0,0,0,4
2026,1022600220,1611661323,CON,1642809,Saniya Rivers,0,2,2,11
2026,1022600220,1611661321,DAL,1629501,Alanna Smith,0,1,1,6
2026,1022600220,1611661321,DAL,202252,Alysha Clark,0,1,1,11
2026,1022600220,1611661321,DAL,1629481,Arike Ogunbowale,0,5,5,8
2026,1022600220,1611661321,DAL,1630386,Awak Kuier,0,0,0,8
2026,1022600220,1611661321,DAL,1642793,Aziaha James,0,2,2,11
2026,1022600220,1611661321,DAL,1643425,Azzi Fudd,0,1,1,9
2026,1022600220,1611661321,DAL,1629491,Jessica Shepard,0,2,2,7
2026,1022600220,1611661321,DAL,1629574,Li Yueru,0,0,0,9
2026,1022600220,1611661321,DAL,1641652,Maddy Siegrist,0,2,2,9
2026,1022600220,1611661321,DAL,203824,Odyssey Sims,0,2,2,10
2026,1022600220,1611661321,DAL,1642784,Paige Bueckers,0,3,4,10
2026,1022600220,1611661321,DAL,1630134,Sug Sutton,0,2,2,5
2026,1022600221,1611661331,GSV,1628508,Cecilia Zandalasini,0,5,5,7
2026,1022600221,1611661331,GSV,1628931,Gabby Williams,0,1,1,6
2026,1022600221,1611661331,GSV,1642767,Janelle Salaun,0,2,2,9
2026,1022600221,1611661331,GSV,1630097,Kaila Charles,0,2,2,8
2026,1022600221,1611661331,GSV,1642822,Kaitlyn Chen,0,3,4,8
2026,1022600221,1611661331,GSV,203866,Kayla Thornton,0,0,0,7
2026,1022600221,1611661331,GSV,204329,Kiah Stokes,0,1,1,8
2026,1022600221,1611661331,GSV,1641656,Laeticia Amihere,0,1,1,7
2026,1022600221,1611661331,GSV,203026,Tiffany Hayes,0,3,4,8
2026,1022600221,1611661331,GSV,1631007,Veronica Burton,0,6,6,9
2026,1022600221,1611661332,TOR,204330,Isabelle Harrison,0,1,1,10
2026,1022600221,1611661332,TOR,1627700,Julie Allemand,0,5,6,9
2026,1022600221,1611661332,TOR,1628915,Kia Nurse,0,2,2,10
2026,1022600221,1611661332,TOR,1643445,Kiki Rice,0,3,3,10
2026,1022600221,1611661332,TOR,1643420,Laura Juskaite,0,2,2,9
2026,1022600221,1611661332,TOR,1629576,Maria Conde,0,5,5,10
2026,1022600221,1611661332,TOR,1631055,Nyara Sabally,0,1,1,10
2026,1022600221,1611661332,TOR,1627701,Temi Fagbenle,0,0,0,6
2026,1022600221,1611661332,TOR,1643457,Teonni Key,0,0,0,2
